molregno,drug_chembl_id,drug_name,action_type,binding_site,target_chembl_id,target_name,mesh_indication,efo_indication,max_phase_for_ind,molregno-2,mw_freebase,alogp,hba,hbd,psa,rtb,ro3_pass,num_ro5_violations,full_mwt,aromatic_rings,heavy_atoms,qed_weighted,full_molformula,np_likeness_score,cpd_str_alert_id,molregno-3,alert_id,molregno-4,molfile,standard_inchi,standard_inchi_key,smiles
165012,CHEMBL101253,VATALANIB,INHIBITOR,,CHEMBL1844,Macrophage colony-stimulating factor 1 receptor,Glioblastoma,glioblastoma multiforme,1.0,165012.0,346.82,5.01,4.0,1.0,50.7,4.0,N,1.0,346.82,4.0,25.0,0.56,C20H15ClN4,-1.18,,,,165012.0,"
     RDKit          2D

 25 28  0  0  0  0  0  0  0  0999 V2000
   -0.2000   -4.1542    0.0000 C   0  0  0  0  0  0  0  0  0  0  0  0
   -0.1958   -4.8542    0.0000 N   0  0  0  0  0  0  0  0  0  0  0  0
   -0.8125   -5.2167    0.0000 N   0  0  0  0  0  0  0  0  0  0  0  0
   -1.4250   -4.8625    0.0000 C   0  0  0  0  0  0  0  0  0  0  0  0
   -0.8125   -3.8042    0.0000 C   0  0  0  0  0  0  0  0  0  0  0  0
   -1.4250   -4.1542    0.0000 C   0  0  0  0  0  0  0  0  0  0  0  0
    0.4125   -3.8000    0.0000 N   0  0  0  0  0  0  0  0  0  0  0  0
   -2.0375   -5.2167    0.0000 C   0  0  0  0  0  0  0  0  0  0  0  0
   -2.0375   -7.3375    0.0000 N   0  0  0  0  0  0  0  0  0  0  0  0
    1.0250   -4.1500    0.0000 C   0  0  0  0  0  0  0  0  0  0  0  0
    2.2542   -4.8542    0.0000 C   0  0  0  0  0  0  0  0  0  0  0  0
   -2.0375   -5.9250    0.0000 C   0  0  0  0  0  0  0  0  0  0  0  0
    2.8667   -5.2042    0.0000 Cl  0  0  0  0  0  0  0  0  0  0  0  0
    1.0250   -4.8542    0.0000 C   0  0  0  0  0  0  0  0  0  0  0  0
    1.6292   -3.7917    0.0000 C   0  0  0  0  0  0  0  0  0  0  0  0
    2.2500   -4.1417    0.0000 C   0  0  0  0  0  0  0  0  0  0  0  0
    1.6417   -5.2042    0.0000 C   0  0  0  0  0  0  0  0  0  0  0  0
   -0.8125   -3.0917    0.0000 C   0  0  0  0  0  0  0  0  0  0  0  0
   -2.0375   -3.8042    0.0000 C   0  0  0  0  0  0  0  0  0  0  0  0
   -2.6500   -6.9792    0.0000 C   0  0  0  0  0  0  0  0  0  0  0  0
   -1.4208   -6.9792    0.0000 C   0  0  0  0  0  0  0  0  0  0  0  0
   -2.6500   -6.2750    0.0000 C   0  0  0  0  0  0  0  0  0  0  0  0
   -1.4250   -6.2750    0.0000 C   0  0  0  0  0  0  0  0  0  0  0  0
   -1.4250   -2.7375    0.0000 C   0  0  0  0  0  0  0  0  0  0  0  0
   -2.0375   -3.0917    0.0000 C   0  0  0  0  0  0  0  0  0  0  0  0
  2  1  2  0
  3  2  1  0
  4  6  1  0
  5  1  1  0
  6  5  2  0
  7  1  1  0
  8  4  1  0
  9 21  1  0
 10  7  1  0
 11 16  1  0
 12  8  1  0
 13 11  1  0
 14 10  2  0
 15 10  1  0
 16 15  2  0
 17 14  1  0
 18  5  1  0
 19  6  1  0
 20 22  1  0
 21 23  2  0
 22 12  2  0
 23 12  1  0
 24 18  2  0
 25 24  1  0
  3  4  2  0
 11 17  2  0
 19 25  2  0
  9 20  2  0
M  END
","InChI=1S/C20H15ClN4/c21-15-5-7-16(8-6-15)23-20-18-4-2-1-3-17(18)19(24-25-20)13-14-9-11-22-12-10-14/h1-12H,13H2,(H,23,25)",YCOYDOIWSSHVCK-UHFFFAOYSA-N,Clc1ccc(Nc2nnc(Cc3ccncc3)c3ccccc23)cc1
125294,CHEMBL1042,CHOLECALCIFEROL,AGONIST,,CHEMBL1977,Vitamin D3 receptor,Glioblastoma,glioblastoma multiforme,1.0,125294.0,384.65,7.62,1.0,1.0,20.23,6.0,N,1.0,384.65,0.0,28.0,0.5,C27H44O,2.52,86931671.0,125294.0,1040.0,125294.0,"
     RDKit          2D

 30 32  0  0  1  0  0  0  0  0999 V2000
    5.3667   -4.8417    0.0000 C   0  0  0  0  0  0  0  0  0  0  0  0
    5.3750   -5.5500    0.0000 C   0  0  0  0  0  0  0  0  0  0  0  0
    4.1417   -7.6792    0.0000 C   0  0  0  0  0  0  0  0  0  0  0  0
    6.0417   -4.6167    0.0000 C   0  0  0  0  0  0  0  0  0  0  0  0
    4.1417   -6.9667    0.0000 C   0  0  0  0  0  0  0  0  0  0  0  0
    4.7542   -8.0250    0.0000 C   0  0  0  0  0  0  0  0  0  0  0  0
    4.7542   -5.9042    0.0000 C   0  0  0  0  0  0  0  0  0  0  0  0
    4.7542   -6.6167    0.0000 C   0  0  0  0  0  0  0  0  0  0  0  0
    6.0417   -5.7625    0.0000 C   0  0  0  0  0  0  0  0  0  0  0  0
    6.4542   -5.1917    0.0000 C   0  0  0  0  0  0  0  0  0  0  0  0
    3.5292   -8.0292    0.0000 C   0  0  0  0  0  0  0  0  0  0  0  0
    4.7542   -8.7375    0.0000 C   0  0  0  0  0  0  0  0  0  0  0  0
    5.3667   -7.6667    0.0000 C   0  0  0  0  0  0  0  0  0  0  0  0
    6.0375   -3.9125    0.0000 C   0  0  0  0  0  0  0  0  0  0  0  0
    4.7542   -4.4917    0.0000 C   0  0  0  0  0  0  0  0  0  0  0  0
    5.3667   -4.1292    0.0000 C   0  0  0  0  0  0  0  0  0  0  0  0
    3.5292   -8.7292    0.0000 C   0  0  0  0  0  0  0  0  0  0  0  0
    4.1417   -9.0917    0.0000 C   0  0  0  0  0  0  0  0  0  0  0  0
    4.1500   -5.5542    0.0000 C   0  0  0  0  0  0  0  0  0  0  0  0
    2.9167   -9.0792    0.0000 O   0  0  0  0  0  0  0  0  0  0  0  0
    4.1500   -4.8417    0.0000 C   0  0  0  0  0  0  0  0  0  0  0  0
    7.2625   -3.9000    0.0000 C   0  0  0  0  0  0  0  0  0  0  0  0
    6.6417   -3.5500    0.0000 C   0  0  0  0  0  0  0  0  0  0  0  0
    5.4167   -3.5625    0.0000 C   0  0  0  0  0  0  0  0  0  0  0  0
    7.8667   -3.5417    0.0000 C   0  0  0  0  0  0  0  0  0  0  0  0
    8.4875   -3.8875    0.0000 C   0  0  0  0  0  0  0  0  0  0  0  0
    8.4917   -4.5917    0.0000 C   0  0  0  0  0  0  0  0  0  0  0  0
    9.1000   -3.5292    0.0000 C   0  0  0  0  0  0  0  0  0  0  0  0
    5.3667   -6.2542    0.0000 H   0  0  0  0  0  0  0  0  0  0  0  0
    6.6542   -4.2542    0.0000 H   0  0  0  0  0  0  0  0  0  0  0  0
  2  1  1  0
  3  5  2  0
  4  1  1  0
  5  8  1  0
  6  3  1  0
  7  2  1  0
  8  7  2  0
  9  2  1  0
 10  4  1  0
 11  3  1  0
 12  6  1  0
 13  6  2  0
 14  4  1  0
 15  1  1  0
  1 16  1  1
 17 11  1  0
 18 17  1  0
 19 21  1  0
 17 20  1  6
 21 15  1  0
 22 23  1  0
 23 14  1  0
 14 24  1  6
 25 22  1  0
 26 25  1  0
 27 26  1  0
 28 26  1  0
  2 29  1  6
  4 30  1  6
 10  9  1  0
 19  7  1  0
 18 12  1  0
M  END
","InChI=1S/C27H44O/c1-19(2)8-6-9-21(4)25-15-16-26-22(10-7-17-27(25,26)5)12-13-23-18-24(28)14-11-20(23)3/h12-13,19,21,24-26,28H,3,6-11,14-18H2,1-2,4-5H3/b22-12+,23-13-/t21-,24+,25-,26+,27-/m1/s1",QYSXJUFSXHHAJI-YRZJJWOYSA-N,C=C1CC[C@H](O)C/C1=C/C=C1\CCC[C@]2(C)[C@@H]([C@H](C)CCCC(C)C)CC[C@@H]12
616367,CHEMBL1079175,MK-2206,INHIBITOR,,CHEMBL2111353,Serine/threonine-protein kinase AKT,Glioma,malignant glioma,2.0,616367.0,407.48,4.24,5.0,2.0,89.07,3.0,N,0.0,407.48,5.0,31.0,0.47,C25H21N5O,-0.49,,,,616367.0,"
     RDKit          2D

 31 36  0  0  0  0  0  0  0  0999 V2000
    2.2769    2.0586    0.0000 C   0  0  0  0  0  0  0  0  0  0  0  0
    2.8597    2.6455    0.0000 C   0  0  0  0  0  0  0  0  0  0  0  0
    2.2728    3.2284    0.0000 C   0  0  0  0  0  0  0  0  0  0  0  0
    1.6900    2.6414    0.0000 C   0  0  0  0  0  0  0  0  0  0  0  0
   -1.2736   -0.8500    0.0000 C   0  0  0  0  0  0  0  0  0  0  0  0
   -0.5593   -0.4356    0.0000 C   0  0  0  0  0  0  0  0  0  0  0  0
   -0.5640    0.3935    0.0000 C   0  0  0  0  0  0  0  0  0  0  0  0
   -1.2792    0.8004    0.0000 N   0  0  0  0  0  0  0  0  0  0  0  0
    0.1526   -0.8408    0.0000 C   0  0  0  0  0  0  0  0  0  0  0  0
    0.1545   -1.6662    0.0000 C   0  0  0  0  0  0  0  0  0  0  0  0
    0.8690   -2.0754    0.0000 C   0  0  0  0  0  0  0  0  0  0  0  0
    1.5822   -1.6605    0.0000 C   0  0  0  0  0  0  0  0  0  0  0  0
    1.5763   -0.8320    0.0000 C   0  0  0  0  0  0  0  0  0  0  0  0
    0.8612   -0.4265    0.0000 C   0  0  0  0  0  0  0  0  0  0  0  0
    0.1443    0.8082    0.0000 C   0  0  0  0  0  0  0  0  0  0  0  0
    0.8609    0.3988    0.0000 C   0  0  0  0  0  0  0  0  0  0  0  0
    1.5716    0.8145    0.0000 C   0  0  0  0  0  0  0  0  0  0  0  0
    1.5671    1.6396    0.0000 C   0  0  0  0  0  0  0  0  0  0  0  0
    0.8458    2.0471    0.0000 C   0  0  0  0  0  0  0  0  0  0  0  0
    0.1380    1.6290    0.0000 C   0  0  0  0  0  0  0  0  0  0  0  0
    2.9946    1.6502    0.0000 N   0  0  0  0  0  0  0  0  0  0  0  0
   -4.0066   -1.1354    0.0000 C   0  0  0  0  0  0  0  0  0  0  0  0
   -3.5933   -1.8486    0.0000 N   0  0  0  0  0  0  0  0  0  0  0  0
   -2.7875   -1.6759    0.0000 N   0  0  0  0  0  0  0  0  0  0  0  0
   -1.9882   -0.4394    0.0000 C   0  0  0  0  0  0  0  0  0  0  0  0
   -1.9881    0.3861    0.0000 C   0  0  0  0  0  0  0  0  0  0  0  0
   -2.6989    0.7966    0.0000 C   0  0  0  0  0  0  0  0  0  0  0  0
   -3.4145    0.3863    0.0000 C   0  0  0  0  0  0  0  0  0  0  0  0
   -3.4146   -0.4392    0.0000 N   0  0  0  0  0  0  0  0  0  0  0  0
   -2.6992   -0.8544    0.0000 C   0  0  0  0  0  0  0  0  0  0  0  0
   -4.8275   -1.0616    0.0000 O   0  0  0  0  0  0  0  0  0  0  0  0
  6  7  1  0
  3  4  1  0
 15 16  2  0
  7  8  2  0
 16 17  1  0
  8 26  1  0
 17 18  2  0
  4  1  1  0
 18 19  1  0
 19 20  2  0
 20 15  1  0
  7 15  1  0
 18  1  1  0
  9 10  2  0
  1 21  1  0
 25  5  1  0
 10 11  1  0
  1  2  1  0
 29 22  1  0
 22 23  1  0
 23 24  1  0
 24 30  2  0
 25 26  2  0
 11 12  2  0
  5  6  2  0
 12 13  1  0
  2  3  1  0
 13 14  2  0
 14  9  1  0
 25 30  1  0
 26 27  1  0
 27 28  2  0
 28 29  1  0
 29 30  1  0
  6  9  1  0
 22 31  2  0
M  END
","InChI=1S/C25H21N5O/c26-25(12-4-13-25)18-9-7-17(8-10-18)22-19(16-5-2-1-3-6-16)15-20-21(27-22)11-14-30-23(20)28-29-24(30)31/h1-3,5-11,14-15H,4,12-13,26H2,(H,29,31)",ULDXWLCXEDXJGE-UHFFFAOYSA-N,NC1(c2ccc(-c3nc4ccn5c(=O)[nH]nc5c4cc3-c3ccccc3)cc2)CCC1
611647,CHEMBL1079742,ERLOTINIB HYDROCHLORIDE,INHIBITOR,,CHEMBL203,Epidermal growth factor receptor,Brain Neoplasms,brain cancer,2.0,611647.0,393.44,3.41,7.0,1.0,74.73,10.0,N,0.0,429.9,3.0,29.0,0.42,C22H24ClN3O4,-1.22,83963645.0,611647.0,63.0,611647.0,"
     RDKit          2D

 30 31  0  0  0  0  0  0  0  0999 V2000
    4.2542   -0.5542    0.0000 Cl  0  0  0  0  0  0  0  0  0  0  0  0
    0.1167    0.0708    0.0000 C   0  0  0  0  0  0  0  0  0  0  0  0
    0.8292    0.4833    0.0000 C   0  0  0  0  0  0  0  0  0  0  0  0
    0.1167   -0.7542    0.0000 C   0  0  0  0  0  0  0  0  0  0  0  0
   -0.5958    0.4833    0.0000 C   0  0  0  0  0  0  0  0  0  0  0  0
    1.5417    0.0625    0.0000 N   0  0  0  0  0  0  0  0  0  0  0  0
   -0.5958   -1.1667    0.0000 C   0  0  0  0  0  0  0  0  0  0  0  0
    0.8375    1.3000    0.0000 N   0  0  0  0  0  0  0  0  0  0  0  0
   -1.3000    0.0708    0.0000 C   0  0  0  0  0  0  0  0  0  0  0  0
   -1.3000   -0.7542    0.0000 C   0  0  0  0  0  0  0  0  0  0  0  0
    3.6917    1.2958    0.0000 C   0  0  0  0  0  0  0  0  0  0  0  0
    0.8250   -1.1750    0.0000 N   0  0  0  0  0  0  0  0  0  0  0  0
    4.4042    0.8833    0.0000 C   0  0  0  0  0  0  0  0  0  0  0  0
    1.5417   -0.7625    0.0000 C   0  0  0  0  0  0  0  0  0  0  0  0
    1.5542    1.7125    0.0000 C   0  0  0  0  0  0  0  0  0  0  0  0
    2.9792    1.7083    0.0000 C   0  0  0  0  0  0  0  0  0  0  0  0
    2.2542    1.3000    0.0000 C   0  0  0  0  0  0  0  0  0  0  0  0
   -2.0208    0.4833    0.0000 O   0  0  0  0  0  0  0  0  0  0  0  0
   -2.0208   -1.1750    0.0000 O   0  0  0  0  0  0  0  0  0  0  0  0
    2.2542    2.9458    0.0000 C   0  0  0  0  0  0  0  0  0  0  0  0
   -2.7250   -3.2375    0.0000 O   0  0  0  0  0  0  0  0  0  0  0  0
   -4.1625    0.0708    0.0000 O   0  0  0  0  0  0  0  0  0  0  0  0
    1.5500    2.5375    0.0000 C   0  0  0  0  0  0  0  0  0  0  0  0
    2.9792    2.5333    0.0000 C   0  0  0  0  0  0  0  0  0  0  0  0
   -2.0208   -2.0000    0.0000 C   0  0  0  0  0  0  0  0  0  0  0  0
   -2.7375    0.0708    0.0000 C   0  0  0  0  0  0  0  0  0  0  0  0
   -2.7333   -2.4125    0.0000 C   0  0  0  0  0  0  0  0  0  0  0  0
   -3.4500    0.4833    0.0000 C   0  0  0  0  0  0  0  0  0  0  0  0
   -4.1625   -0.7542    0.0000 C   0  0  0  0  0  0  0  0  0  0  0  0
   -2.0125   -3.6417    0.0000 C   0  0  0  0  0  0  0  0  0  0  0  0
  3  2  1  0
  4  2  2  0
  5  2  1  0
  6  3  2  0
  7  4  1  0
  8  3  1  0
  9  5  2  0
 10  9  1  0
 11 16  1  0
 12  4  1  0
 13 11  3  0
 14 12  2  0
 15  8  1  0
 16 17  1  0
 17 15  2  0
 18  9  1  0
 19 10  1  0
 20 23  2  0
 21 27  1  0
 22 28  1  0
 23 15  1  0
 24 20  1  0
 25 19  1  0
 26 18  1  0
 27 25  1  0
 28 26  1  0
 29 22  1  0
 30 21  1  0
  7 10  2  0
  6 14  1  0
 16 24  2  0
M  END
","InChI=1S/C22H23N3O4.ClH/c1-4-16-6-5-7-17(12-16)25-22-18-13-20(28-10-8-26-2)21(29-11-9-27-3)14-19(18)23-15-24-22;/h1,5-7,12-15H,8-11H2,2-3H3,(H,23,24,25);1H",GTTBEUCJPZQMDZ-UHFFFAOYSA-N,C#Cc1cccc(Nc2ncnc3cc(OCCOC)c(OCCOC)cc23)c1.Cl
143284,CHEMBL1082,AMOXICILLIN,INHIBITOR,,CHEMBL2354204,Bacterial penicillin-binding protein,Astrocytoma,anaplastic astrocytoma,1.0,143284.0,365.41,0.02,6.0,4.0,132.96,4.0,N,0.0,365.41,1.0,25.0,0.55,C16H19N3O5S,0.94,83780597.0,143284.0,47.0,143284.0,"
     RDKit          2D

 26 28  0  0  1  0  0  0  0  0999 V2000
    3.0667   -2.7500    0.0000 N   0  0  0  0  0  0  0  0  0  0  0  0
    3.0667   -2.0417    0.0000 C   0  0  0  0  0  0  0  0  0  0  0  0
    2.3542   -2.7542    0.0000 C   0  0  0  0  0  0  0  0  0  0  0  0
    2.3542   -2.0417    0.0000 C   0  0  0  0  0  0  0  0  0  0  0  0
    3.7417   -2.9667    0.0000 C   0  0  0  0  0  0  0  0  0  0  0  0
    3.7375   -1.8167    0.0000 S   0  0  0  0  0  0  0  0  0  0  0  0
    4.1542   -2.3917    0.0000 C   0  0  0  0  0  0  0  0  0  0  0  0
    1.7292   -1.6792    0.0000 N   0  0  0  0  0  0  0  0  0  0  0  0
    1.1167   -2.0417    0.0000 C   0  0  0  0  0  0  0  0  0  0  0  0
    3.7292   -3.6667    0.0000 C   0  0  0  0  0  0  0  0  0  0  0  0
    0.5042   -1.6875    0.0000 C   0  0  0  0  0  0  0  0  0  0  0  0
    1.8542   -3.2542    0.0000 O   0  0  0  0  0  0  0  0  0  0  0  0
    1.1167   -2.7500    0.0000 O   0  0  0  0  0  0  0  0  0  0  0  0
   -0.1083   -2.0417    0.0000 C   0  0  0  0  0  0  0  0  0  0  0  0
    3.1167   -4.0167    0.0000 O   0  0  0  0  0  0  0  0  0  0  0  0
   -0.7208   -1.6792    0.0000 C   0  0  0  0  0  0  0  0  0  0  0  0
   -0.1083   -2.7417    0.0000 C   0  0  0  0  0  0  0  0  0  0  0  0
    0.5042   -0.9792    0.0000 N   0  0  0  0  0  0  0  0  0  0  0  0
    4.3417   -4.0292    0.0000 O   0  0  0  0  0  0  0  0  0  0  0  0
    4.7667   -2.7417    0.0000 C   0  0  0  0  0  0  0  0  0  0  0  0
    4.7667   -2.0292    0.0000 C   0  0  0  0  0  0  0  0  0  0  0  0
   -1.3333   -2.7417    0.0000 C   0  0  0  0  0  0  0  0  0  0  0  0
   -1.3333   -2.0375    0.0000 C   0  0  0  0  0  0  0  0  0  0  0  0
   -0.7125   -3.1000    0.0000 C   0  0  0  0  0  0  0  0  0  0  0  0
   -1.9458   -3.1000    0.0000 O   0  0  0  0  0  0  0  0  0  0  0  0
    3.0542   -1.3292    0.0000 H   0  0  0  0  0  0  0  0  0  0  0  0
  2  1  1  0
  3  1  1  0
  4  3  1  0
  5  1  1  0
  6  2  1  0
  7  5  1  0
  4  8  1  1
  9  8  1  0
  5 10  1  6
 11  9  1  0
 12  3  2  0
 13  9  2  0
 14 11  1  0
 15 10  2  0
 16 14  2  0
 17 14  1  0
 11 18  1  1
 19 10  1  0
 20  7  1  0
 21  7  1  0
 22 24  1  0
 23 16  1  0
 24 17  2  0
 25 22  1  0
  2 26  1  6
  7  6  1  0
  2  4  1  0
 23 22  2  0
M  END
","InChI=1S/C16H19N3O5S/c1-16(2)11(15(23)24)19-13(22)10(14(19)25-16)18-12(21)9(17)7-3-5-8(20)6-4-7/h3-6,9-11,14,20H,17H2,1-2H3,(H,18,21)(H,23,24)/t9-,10-,11+,14-/m1/s1",LSQZJLSUYDQPKJ-NJBDSQKTSA-N,CC1(C)S[C@@H]2[C@H](NC(=O)[C@H](N)c3ccc(O)cc3)C(=O)N2[C@H]1C(=O)O
621486,CHEMBL1089636,ANG1005,BINDING AGENT,,CHEMBL4630884,Prolow-density lipoprotein receptor-related protein 1,Brain Neoplasms,brain neoplasm,2.0,621486.0,5109.44,,,,,,,,5109.44,,,,C257H308N32O79,,,,,621486.0,"
     RDKit          2D

374399  0  0  0  0  0  0  0  0999 V2000
    8.6848    2.1880    0.0000 C   0  0  0  0  0  0  0  0  0  0  0  0
    9.3577    0.9286    0.0000 C   0  0  0  0  0  0  0  0  0  0  0  0
    7.2346    1.4127    0.0000 C   0  0  0  0  0  0  0  0  0  0  0  0
    8.6587    1.3635    0.0000 C   0  0  0  0  0  0  0  0  0  0  0  0
    6.5746    2.6800    0.0000 C   0  0  0  0  0  0  0  0  0  0  0  0
    7.2733    2.2369    0.0000 C   0  0  0  0  0  0  0  0  0  0  0  0
    8.7110    3.0124    0.0000 C   0  0  0  0  0  0  0  0  0  0  0  0
    7.9335    0.9737    0.0000 C   0  0  0  0  0  0  0  0  0  0  0  0
    8.0077    3.4474    0.0000 C   0  0  0  0  0  0  0  0  0  0  0  0
    5.8453    2.2946    0.0000 C   0  0  0  0  0  0  0  0  0  0  0  0
    6.5098    1.0314    0.0000 C   0  0  0  0  0  0  0  0  0  0  0  0
    5.8107    1.4661    0.0000 C   0  0  0  0  0  0  0  0  0  0  0  0
    4.3871    1.5280    0.0000 C   0  0  0  0  0  0  0  0  0  0  0  0
    9.4101    2.5818    0.0000 C   0  0  0  0  0  0  0  0  0  0  0  0
    3.6581    1.1468    0.0000 C   0  0  0  0  0  0  0  0  0  0  0  0
   10.0912    1.3181    0.0000 C   0  0  0  0  0  0  0  0  0  0  0  0
    2.9894    2.4102    0.0000 N   0  0  0  0  0  0  0  0  0  0  0  0
    7.9032    0.1494    0.0000 O   0  0  0  0  0  0  0  0  0  0  0  0
    2.9591    1.5857    0.0000 C   0  0  0  0  0  0  0  0  0  0  0  0
    2.2990    2.8530    0.0000 C   0  0  0  0  0  0  0  0  0  0  0  0
    7.1699   -0.2359    0.0000 C   0  0  0  0  0  0  0  0  0  0  0  0
    5.0818    1.0892    0.0000 O   0  0  0  0  0  0  0  0  0  0  0  0
    9.7430    0.1952    0.0000 C   0  0  0  0  0  0  0  0  0  0  0  0
   10.1173    2.1425    0.0000 C   0  0  0  0  0  0  0  0  0  0  0  0
    8.7524    0.3725    0.0000 O   0  0  0  0  0  0  0  0  0  0  0  0
   10.4721    0.5806    0.0000 O   0  0  0  0  0  0  0  0  0  0  0  0
    8.0253    4.2705    0.0000 O   0  0  0  0  0  0  0  0  0  0  0  0
    8.7221   -0.4518    0.0000 C   0  0  0  0  0  0  0  0  0  0  0  0
    7.3263    4.7023    0.0000 C   0  0  0  0  0  0  0  0  0  0  0  0
    9.4320    3.4065    0.0000 O   0  0  0  0  0  0  0  0  0  0  0  0
    4.4214    2.3481    0.0000 O   0  0  0  0  0  0  0  0  0  0  0  0
    1.5656    2.4636    0.0000 O   0  0  0  0  0  0  0  0  0  0  0  0
    6.4795    0.2069    0.0000 O   0  0  0  0  0  0  0  0  0  0  0  0
    7.2043    0.5883    0.0000 O   0  0  0  0  0  0  0  0  0  0  0  0
    2.3291    3.6691    0.0000 C   0  0  0  0  0  0  0  0  0  0  0  0
    7.1440   -1.0522    0.0000 C   0  0  0  0  0  0  0  0  0  0  0  0
    2.2343    1.2044    0.0000 C   0  0  0  0  0  0  0  0  0  0  0  0
    7.3441    5.5174    0.0000 O   0  0  0  0  0  0  0  0  0  0  0  0
    7.9885   -0.8413    0.0000 O   0  0  0  0  0  0  0  0  0  0  0  0
    8.0877    1.6316    0.0000 C   0  0  0  0  0  0  0  0  0  0  0  0
    3.6236    0.3225    0.0000 O   0  0  0  0  0  0  0  0  0  0  0  0
   10.1314    2.9799    0.0000 O   0  0  0  0  0  0  0  0  0  0  0  0
    7.6959    2.9446    0.0000 C   0  0  0  0  0  0  0  0  0  0  0  0
    8.0936    2.2109    0.0000 C   0  0  0  0  0  0  0  0  0  0  0  0
    5.1508    2.7376    0.0000 C   0  0  0  0  0  0  0  0  0  0  0  0
    9.4208   -0.8950    0.0000 C   0  0  0  0  0  0  0  0  0  0  0  0
    6.6011    4.3128    0.0000 C   0  0  0  0  0  0  0  0  0  0  0  0
    7.8431   -1.4869    0.0000 C   0  0  0  0  0  0  0  0  0  0  0  0
    3.0624    4.0550    0.0000 C   0  0  0  0  0  0  0  0  0  0  0  0
    1.6301    4.1054    0.0000 C   0  0  0  0  0  0  0  0  0  0  0  0
    6.4147   -1.4416    0.0000 C   0  0  0  0  0  0  0  0  0  0  0  0
    1.5396    1.6432    0.0000 C   0  0  0  0  0  0  0  0  0  0  0  0
    2.2081    0.3798    0.0000 C   0  0  0  0  0  0  0  0  0  0  0  0
    1.4748   -0.0054    0.0000 C   0  0  0  0  0  0  0  0  0  0  0  0
    7.8169   -2.3114    0.0000 C   0  0  0  0  0  0  0  0  0  0  0  0
    3.0927    4.8806    0.0000 C   0  0  0  0  0  0  0  0  0  0  0  0
    1.6646    4.9311    0.0000 C   0  0  0  0  0  0  0  0  0  0  0  0
    6.3804   -2.2618    0.0000 C   0  0  0  0  0  0  0  0  0  0  0  0
    0.8063    1.2622    0.0000 C   0  0  0  0  0  0  0  0  0  0  0  0
    0.7760    0.4377    0.0000 C   0  0  0  0  0  0  0  0  0  0  0  0
    7.0791   -2.7061    0.0000 C   0  0  0  0  0  0  0  0  0  0  0  0
    2.3937    5.3206    0.0000 C   0  0  0  0  0  0  0  0  0  0  0  0
    9.3838    1.7531    0.0000 H   0  0  0  0  0  0  0  0  0  0  0  0
   10.8080    1.7079    0.0000 H   0  0  0  0  0  0  0  0  0  0  0  0
    3.2046   -0.3866    0.0000 C   0  0  0  0  0  0  0  0  0  0  0  0
    7.0570  -15.0508    0.0000 C   0  0  0  0  0  0  0  0  0  0  0  0
    6.3572  -13.8062    0.0000 C   0  0  0  0  0  0  0  0  0  0  0  0
    8.4902  -14.2444    0.0000 C   0  0  0  0  0  0  0  0  0  0  0  0
    7.0654  -14.2258    0.0000 C   0  0  0  0  0  0  0  0  0  0  0  0
    9.1775  -15.4972    0.0000 C   0  0  0  0  0  0  0  0  0  0  0  0
    8.4693  -15.0692    0.0000 C   0  0  0  0  0  0  0  0  0  0  0  0
    7.0487  -15.8756    0.0000 C   0  0  0  0  0  0  0  0  0  0  0  0
    7.7820  -13.8206    0.0000 C   0  0  0  0  0  0  0  0  0  0  0  0
    7.7611  -16.2954    0.0000 C   0  0  0  0  0  0  0  0  0  0  0  0
    9.8982  -15.0962    0.0000 C   0  0  0  0  0  0  0  0  0  0  0  0
    9.2067  -13.8476    0.0000 C   0  0  0  0  0  0  0  0  0  0  0  0
    9.9149  -14.2672    0.0000 C   0  0  0  0  0  0  0  0  0  0  0  0
   11.3396  -14.2982    0.0000 C   0  0  0  0  0  0  0  0  0  0  0  0
    6.3405  -15.4601    0.0000 C   0  0  0  0  0  0  0  0  0  0  0  0
   12.0602  -13.9015    0.0000 C   0  0  0  0  0  0  0  0  0  0  0  0
    5.6323  -14.2113    0.0000 C   0  0  0  0  0  0  0  0  0  0  0  0
   12.7559  -15.1500    0.0000 N   0  0  0  0  0  0  0  0  0  0  0  0
    7.7945  -12.9957    0.0000 O   0  0  0  0  0  0  0  0  0  0  0  0
   12.7684  -14.3252    0.0000 C   0  0  0  0  0  0  0  0  0  0  0  0
   13.4557  -15.5780    0.0000 C   0  0  0  0  0  0  0  0  0  0  0  0
    8.5194  -12.5948    0.0000 C   0  0  0  0  0  0  0  0  0  0  0  0
   10.6355  -13.8745    0.0000 O   0  0  0  0  0  0  0  0  0  0  0  0
    5.9562  -13.0813    0.0000 C   0  0  0  0  0  0  0  0  0  0  0  0
    5.6240  -15.0363    0.0000 C   0  0  0  0  0  0  0  0  0  0  0  0
    6.9504  -13.2372    0.0000 O   0  0  0  0  0  0  0  0  0  0  0  0
    5.2355  -13.4824    0.0000 O   0  0  0  0  0  0  0  0  0  0  0  0
    7.7612  -17.1120    0.0000 O   0  0  0  0  0  0  0  0  0  0  0  0
    6.9629  -12.4124    0.0000 C   0  0  0  0  0  0  0  0  0  0  0  0
    8.4694  -17.5317    0.0000 C   0  0  0  0  0  0  0  0  0  0  0  0
    6.3363  -16.2851    0.0000 O   0  0  0  0  0  0  0  0  0  0  0  0
   11.3229  -15.1190    0.0000 O   0  0  0  0  0  0  0  0  0  0  0  0
   14.1807  -15.1728    0.0000 O   0  0  0  0  0  0  0  0  0  0  0  0
    9.2192  -13.0227    0.0000 O   0  0  0  0  0  0  0  0  0  0  0  0
    8.5027  -13.4196    0.0000 O   0  0  0  0  0  0  0  0  0  0  0  0
   13.4433  -16.3944    0.0000 C   0  0  0  0  0  0  0  0  0  0  0  0
    8.5276  -11.7782    0.0000 C   0  0  0  0  0  0  0  0  0  0  0  0
   13.4849  -13.9283    0.0000 C   0  0  0  0  0  0  0  0  0  0  0  0
    8.4694  -18.3566    0.0000 O   0  0  0  0  0  0  0  0  0  0  0  0
    7.6879  -12.0072    0.0000 O   0  0  0  0  0  0  0  0  0  0  0  0
    7.6420  -14.4817    0.0000 C   0  0  0  0  0  0  0  0  0  0  0  0
   12.0769  -13.0766    0.0000 O   0  0  0  0  0  0  0  0  0  0  0  0
    5.6280  -15.8738    0.0000 O   0  0  0  0  0  0  0  0  0  0  0  0
    8.0621  -15.7859    0.0000 C   0  0  0  0  0  0  0  0  0  0  0  0
    7.6486  -15.0609    0.0000 C   0  0  0  0  0  0  0  0  0  0  0  0
   10.6021  -15.5241    0.0000 C   0  0  0  0  0  0  0  0  0  0  0  0
    6.2548  -11.9844    0.0000 C   0  0  0  0  0  0  0  0  0  0  0  0
    9.1861  -17.1222    0.0000 C   0  0  0  0  0  0  0  0  0  0  0  0
    7.8194  -11.3586    0.0000 C   0  0  0  0  0  0  0  0  0  0  0  0
   12.7184  -16.7955    0.0000 C   0  0  0  0  0  0  0  0  0  0  0  0
   14.1515  -16.8141    0.0000 C   0  0  0  0  0  0  0  0  0  0  0  0
    9.2484  -11.3731    0.0000 C   0  0  0  0  0  0  0  0  0  0  0  0
   14.1890  -14.3521    0.0000 C   0  0  0  0  0  0  0  0  0  0  0  0
   13.4932  -13.1034    0.0000 C   0  0  0  0  0  0  0  0  0  0  0  0
   14.2182  -12.7024    0.0000 C   0  0  0  0  0  0  0  0  0  0  0  0
    7.8278  -10.5336    0.0000 C   0  0  0  0  0  0  0  0  0  0  0  0
   12.7059  -17.6203    0.0000 C   0  0  0  0  0  0  0  0  0  0  0  0
   14.1349  -17.6389    0.0000 C   0  0  0  0  0  0  0  0  0  0  0  0
    9.2651  -10.5524    0.0000 C   0  0  0  0  0  0  0  0  0  0  0  0
   14.9138  -13.9552    0.0000 C   0  0  0  0  0  0  0  0  0  0  0  0
   14.9263  -13.1304    0.0000 C   0  0  0  0  0  0  0  0  0  0  0  0
    8.5568  -10.1286    0.0000 C   0  0  0  0  0  0  0  0  0  0  0  0
   13.4141  -18.0400    0.0000 C   0  0  0  0  0  0  0  0  0  0  0  0
    6.3488  -14.6311    0.0000 H   0  0  0  0  0  0  0  0  0  0  0  0
    4.9240  -14.6167    0.0000 H   0  0  0  0  0  0  0  0  0  0  0  0
   12.4813  -12.3590    0.0000 C   0  0  0  0  0  0  0  0  0  0  0  0
  -25.7138  -12.6375    0.0000 C   0  0  0  0  0  0  0  0  0  0  0  0
  -26.4238  -11.3966    0.0000 C   0  0  0  0  0  0  0  0  0  0  0  0
  -24.2928  -11.8236    0.0000 C   0  0  0  0  0  0  0  0  0  0  0  0
  -25.7178  -11.8126    0.0000 C   0  0  0  0  0  0  0  0  0  0  0  0
  -23.5951  -13.0727    0.0000 C   0  0  0  0  0  0  0  0  0  0  0  0
  -24.3013  -12.6485    0.0000 C   0  0  0  0  0  0  0  0  0  0  0  0
  -25.7181  -13.4624    0.0000 C   0  0  0  0  0  0  0  0  0  0  0  0
  -24.9989  -11.4035    0.0000 C   0  0  0  0  0  0  0  0  0  0  0  0
  -25.0078  -13.8783    0.0000 C   0  0  0  0  0  0  0  0  0  0  0  0
  -22.8722  -12.6679    0.0000 C   0  0  0  0  0  0  0  0  0  0  0  0
  -23.5740  -11.4229    0.0000 C   0  0  0  0  0  0  0  0  0  0  0  0
  -22.8679  -11.8389    0.0000 C   0  0  0  0  0  0  0  0  0  0  0  0
  -21.4429  -11.8624    0.0000 C   0  0  0  0  0  0  0  0  0  0  0  0
  -26.4325  -13.0507    0.0000 C   0  0  0  0  0  0  0  0  0  0  0  0
  -20.7199  -11.4617    0.0000 C   0  0  0  0  0  0  0  0  0  0  0  0
  -27.1509  -11.8056    0.0000 C   0  0  0  0  0  0  0  0  0  0  0  0
  -20.0223  -12.7067    0.0000 N   0  0  0  0  0  0  0  0  0  0  0  0
  -24.9904  -10.5787    0.0000 O   0  0  0  0  0  0  0  0  0  0  0  0
  -20.0137  -11.8818    0.0000 C   0  0  0  0  0  0  0  0  0  0  0  0
  -19.3161  -13.1308    0.0000 C   0  0  0  0  0  0  0  0  0  0  0  0
  -24.2716  -10.1738    0.0000 C   0  0  0  0  0  0  0  0  0  0  0  0
  -22.1448  -11.4423    0.0000 O   0  0  0  0  0  0  0  0  0  0  0  0
  -26.8273  -10.6738    0.0000 C   0  0  0  0  0  0  0  0  0  0  0  0
  -27.1469  -12.6305    0.0000 C   0  0  0  0  0  0  0  0  0  0  0  0
  -25.8308  -10.8245    0.0000 O   0  0  0  0  0  0  0  0  0  0  0  0
  -27.5503  -11.0787    0.0000 O   0  0  0  0  0  0  0  0  0  0  0  0
  -25.0038  -14.6949    0.0000 O   0  0  0  0  0  0  0  0  0  0  0  0
  -25.8223   -9.9996    0.0000 C   0  0  0  0  0  0  0  0  0  0  0  0
  -24.2894  -15.1109    0.0000 C   0  0  0  0  0  0  0  0  0  0  0  0
  -26.4327  -13.8756    0.0000 O   0  0  0  0  0  0  0  0  0  0  0  0
  -21.4556  -12.6831    0.0000 O   0  0  0  0  0  0  0  0  0  0  0  0
  -18.5973  -12.7219    0.0000 O   0  0  0  0  0  0  0  0  0  0  0  0
  -23.5654  -10.5980    0.0000 O   0  0  0  0  0  0  0  0  0  0  0  0
  -24.2843  -10.9987    0.0000 O   0  0  0  0  0  0  0  0  0  0  0  0
  -19.3247  -13.9475    0.0000 C   0  0  0  0  0  0  0  0  0  0  0  0
  -24.2673   -9.3573    0.0000 C   0  0  0  0  0  0  0  0  0  0  0  0
  -19.2950  -11.4811    0.0000 C   0  0  0  0  0  0  0  0  0  0  0  0
  -24.2855  -15.9358    0.0000 O   0  0  0  0  0  0  0  0  0  0  0  0
  -25.1035   -9.5906    0.0000 O   0  0  0  0  0  0  0  0  0  0  0  0
  -25.1374  -12.0653    0.0000 C   0  0  0  0  0  0  0  0  0  0  0  0
  -20.7073  -10.6369    0.0000 O   0  0  0  0  0  0  0  0  0  0  0  0
  -27.1387  -13.4680    0.0000 O   0  0  0  0  0  0  0  0  0  0  0  0
  -24.7061  -13.3672    0.0000 C   0  0  0  0  0  0  0  0  0  0  0  0
  -25.1221  -12.6445    0.0000 C   0  0  0  0  0  0  0  0  0  0  0  0
  -22.1702  -13.0921    0.0000 C   0  0  0  0  0  0  0  0  0  0  0  0
  -26.5368   -9.5753    0.0000 C   0  0  0  0  0  0  0  0  0  0  0  0
  -23.5789  -14.6976    0.0000 C   0  0  0  0  0  0  0  0  0  0  0  0
  -24.9733   -8.9413    0.0000 C   0  0  0  0  0  0  0  0  0  0  0  0
  -20.0435  -14.3523    0.0000 C   0  0  0  0  0  0  0  0  0  0  0  0
  -18.6102  -14.3633    0.0000 C   0  0  0  0  0  0  0  0  0  0  0  0
  -23.5443   -8.9482    0.0000 C   0  0  0  0  0  0  0  0  0  0  0  0
  -18.5929  -11.9011    0.0000 C   0  0  0  0  0  0  0  0  0  0  0  0
  -19.2906  -10.6562    0.0000 C   0  0  0  0  0  0  0  0  0  0  0  0
  -18.5717  -10.2514    0.0000 C   0  0  0  0  0  0  0  0  0  0  0  0
  -24.9690   -8.1164    0.0000 C   0  0  0  0  0  0  0  0  0  0  0  0
  -20.0520  -15.1772    0.0000 C   0  0  0  0  0  0  0  0  0  0  0  0
  -18.6229  -15.1883    0.0000 C   0  0  0  0  0  0  0  0  0  0  0  0
  -23.5316   -8.1275    0.0000 C   0  0  0  0  0  0  0  0  0  0  0  0
  -17.8658  -11.5005    0.0000 C   0  0  0  0  0  0  0  0  0  0  0  0
  -17.8573  -10.6755    0.0000 C   0  0  0  0  0  0  0  0  0  0  0  0
  -24.2461   -7.7074    0.0000 C   0  0  0  0  0  0  0  0  0  0  0  0
  -19.3459  -15.5930    0.0000 C   0  0  0  0  0  0  0  0  0  0  0  0
  -26.4282  -12.2215    0.0000 H   0  0  0  0  0  0  0  0  0  0  0  0
  -27.8531  -12.2146    0.0000 H   0  0  0  0  0  0  0  0  0  0  0  0
  -20.2977   -9.9190    0.0000 C   0  0  0  0  0  0  0  0  0  0  0  0
   12.4745  -11.5190    0.0000 C   0  0  0  0  0  0  0  0  0  0  0  0
   13.1871  -12.7587    0.0000 O   0  0  0  0  0  0  0  0  0  0  0  0
   -1.0769   -6.1534    0.0000 C   0  0  0  0  0  0  0  0  0  0  0  0
  -16.7610   -6.1970    0.0000 C   0  0  0  0  0  0  0  0  0  0  0  0
  -16.0462   -7.4380    0.0000 O   0  0  0  0  0  0  0  0  0  0  0  0
  -16.0462   -6.6149    0.0000 C   0  0  0  0  0  0  0  0  0  0  0  0
  -16.7610   -5.3739    0.0000 C   0  0  0  0  0  0  0  0  0  0  0  0
  -16.0462   -4.1371    0.0000 C   0  0  0  0  0  0  0  0  0  0  0  0
  -16.0462   -4.9602    0.0000 C   0  0  0  0  0  0  0  0  0  0  0  0
  -15.3335   -5.3739    0.0000 C   0  0  0  0  0  0  0  0  0  0  0  0
  -14.6166   -4.9602    0.0000 C   0  0  0  0  0  0  0  0  0  0  0  0
  -14.6166   -4.1371    0.0000 C   0  0  0  0  0  0  0  0  0  0  0  0
  -15.3335   -3.7193    0.0000 C   0  0  0  0  0  0  0  0  0  0  0  0
  -14.6302   -6.5867    0.0000 C   0  0  0  0  0  0  0  0  0  0  0  0
  -13.9132   -5.3457    0.0000 O   0  0  0  0  0  0  0  0  0  0  0  0
  -13.9132   -6.1688    0.0000 C   0  0  0  0  0  0  0  0  0  0  0  0
  -14.6302   -7.4098    0.0000 C   0  0  0  0  0  0  0  0  0  0  0  0
  -13.9132   -8.6507    0.0000 C   0  0  0  0  0  0  0  0  0  0  0  0
  -13.9132   -7.8277    0.0000 C   0  0  0  0  0  0  0  0  0  0  0  0
  -13.1902   -7.4098    0.0000 C   0  0  0  0  0  0  0  0  0  0  0  0
  -12.4774   -7.8277    0.0000 C   0  0  0  0  0  0  0  0  0  0  0  0
  -12.4774   -8.6507    0.0000 C   0  0  0  0  0  0  0  0  0  0  0  0
  -13.1902   -9.0645    0.0000 C   0  0  0  0  0  0  0  0  0  0  0  0
  -12.4882   -6.1681    0.0000 C   0  0  0  0  0  0  0  0  0  0  0  0
  -11.7797   -7.4091    0.0000 O   0  0  0  0  0  0  0  0  0  0  0  0
  -11.7797   -6.5860    0.0000 C   0  0  0  0  0  0  0  0  0  0  0  0
  -12.4882   -5.3450    0.0000 C   0  0  0  0  0  0  0  0  0  0  0  0
  -11.7797   -4.1082    0.0000 C   0  0  0  0  0  0  0  0  0  0  0  0
  -11.7797   -4.9313    0.0000 C   0  0  0  0  0  0  0  0  0  0  0  0
  -11.0628   -5.3450    0.0000 C   0  0  0  0  0  0  0  0  0  0  0  0
  -10.3397   -4.9313    0.0000 C   0  0  0  0  0  0  0  0  0  0  0  0
  -10.3397   -4.1082    0.0000 C   0  0  0  0  0  0  0  0  0  0  0  0
  -11.0628   -3.6904    0.0000 C   0  0  0  0  0  0  0  0  0  0  0  0
  -10.3582   -6.5699    0.0000 C   0  0  0  0  0  0  0  0  0  0  0  0
   -9.6456   -5.3289    0.0000 O   0  0  0  0  0  0  0  0  0  0  0  0
   -9.6456   -6.1521    0.0000 C   0  0  0  0  0  0  0  0  0  0  0  0
   -8.2232   -6.1580    0.0000 C   0  0  0  0  0  0  0  0  0  0  0  0
   -7.5044   -7.3990    0.0000 O   0  0  0  0  0  0  0  0  0  0  0  0
   -7.5044   -6.5759    0.0000 C   0  0  0  0  0  0  0  0  0  0  0  0
   -6.0811   -6.5732    0.0000 C   0  0  0  0  0  0  0  0  0  0  0  0
   -5.3651   -5.3322    0.0000 O   0  0  0  0  0  0  0  0  0  0  0  0
   -5.3651   -6.1554    0.0000 C   0  0  0  0  0  0  0  0  0  0  0  0
   -6.0811   -7.3964    0.0000 C   0  0  0  0  0  0  0  0  0  0  0  0
   -2.5204   -2.8645    0.0000 C   0  0  0  0  0  0  0  0  0  0  0  0
   -1.8041   -2.4466    0.0000 N   0  0  0  0  0  0  0  0  0  0  0  0
   -3.9390   -6.1575    0.0000 C   0  0  0  0  0  0  0  0  0  0  0  0
   -3.2226   -7.3985    0.0000 O   0  0  0  0  0  0  0  0  0  0  0  0
   -3.2226   -6.5754    0.0000 C   0  0  0  0  0  0  0  0  0  0  0  0
   -3.9390   -5.3344    0.0000 C   0  0  0  0  0  0  0  0  0  0  0  0
   -3.2226   -4.9207    0.0000 C   0  0  0  0  0  0  0  0  0  0  0  0
   -3.2226   -4.0976    0.0000 C   0  0  0  0  0  0  0  0  0  0  0  0
   -1.7954   -6.5713    0.0000 C   0  0  0  0  0  0  0  0  0  0  0  0
   -1.0769   -5.3303    0.0000 O   0  0  0  0  0  0  0  0  0  0  0  0
   12.4843   -6.5811    0.0000 N   0  0  0  0  0  0  0  0  0  0  0  0
   13.2027   -6.1696    0.0000 C   0  0  0  0  0  0  0  0  0  0  0  0
   13.9150   -7.4064    0.0000 O   0  0  0  0  0  0  0  0  0  0  0  0
   13.9150   -6.5811    0.0000 C   0  0  0  0  0  0  0  0  0  0  0  0
   13.2027   -5.3401    0.0000 C   0  0  0  0  0  0  0  0  0  0  0  0
   12.4843   -4.9286    0.0000 C   0  0  0  0  0  0  0  0  0  0  0  0
   15.3447   -6.5830    0.0000 C   0  0  0  0  0  0  0  0  0  0  0  0
   16.0674   -5.3420    0.0000 O   0  0  0  0  0  0  0  0  0  0  0  0
   16.0674   -6.1714    0.0000 C   0  0  0  0  0  0  0  0  0  0  0  0
   15.3447   -7.4082    0.0000 C   0  0  0  0  0  0  0  0  0  0  0  0
   16.0674   -7.8239    0.0000 C   0  0  0  0  0  0  0  0  0  0  0  0
   16.0674   -8.6491    0.0000 C   0  0  0  0  0  0  0  0  0  0  0  0
   16.7795   -9.0607    0.0000 O   0  0  0  0  0  0  0  0  0  0  0  0
   17.4966   -6.1415    0.0000 C   0  0  0  0  0  0  0  0  0  0  0  0
   18.2150   -7.3783    0.0000 O   0  0  0  0  0  0  0  0  0  0  0  0
   18.2150   -6.5530    0.0000 C   0  0  0  0  0  0  0  0  0  0  0  0
   17.4966   -5.3120    0.0000 C   0  0  0  0  0  0  0  0  0  0  0  0
   18.2150   -4.9005    0.0000 C   0  0  0  0  0  0  0  0  0  0  0  0
   18.2150   -4.0710    0.0000 C   0  0  0  0  0  0  0  0  0  0  0  0
   18.9314   -3.6595    0.0000 O   0  0  0  0  0  0  0  0  0  0  0  0
   19.6422   -6.5879    0.0000 C   0  0  0  0  0  0  0  0  0  0  0  0
   20.3584   -5.3469    0.0000 O   0  0  0  0  0  0  0  0  0  0  0  0
   20.3584   -6.1764    0.0000 C   0  0  0  0  0  0  0  0  0  0  0  0
   19.6422   -7.4132    0.0000 C   0  0  0  0  0  0  0  0  0  0  0  0
   20.3584   -8.6541    0.0000 C   0  0  0  0  0  0  0  0  0  0  0  0
   20.3584   -7.8288    0.0000 C   0  0  0  0  0  0  0  0  0  0  0  0
   21.0748   -7.4132    0.0000 C   0  0  0  0  0  0  0  0  0  0  0  0
   21.7933   -7.8288    0.0000 C   0  0  0  0  0  0  0  0  0  0  0  0
   21.7933   -8.6541    0.0000 C   0  0  0  0  0  0  0  0  0  0  0  0
   21.0748   -9.0656    0.0000 C   0  0  0  0  0  0  0  0  0  0  0  0
   21.0748   -6.5879    0.0000 O   0  0  0  0  0  0  0  0  0  0  0  0
    3.9067   -9.8672    0.0000 C   0  0  0  0  0  0  0  0  0  0  0  0
    4.6231  -10.2787    0.0000 N   0  0  0  0  0  0  0  0  0  0  0  0
    2.4881   -6.5696    0.0000 C   0  0  0  0  0  0  0  0  0  0  0  0
    3.2065   -5.3286    0.0000 O   0  0  0  0  0  0  0  0  0  0  0  0
    3.2065   -6.1539    0.0000 C   0  0  0  0  0  0  0  0  0  0  0  0
    2.4881   -7.3948    0.0000 C   0  0  0  0  0  0  0  0  0  0  0  0
    3.2065   -7.8064    0.0000 C   0  0  0  0  0  0  0  0  0  0  0  0
    3.2065   -8.6358    0.0000 C   0  0  0  0  0  0  0  0  0  0  0  0
    4.6282   -6.1517    0.0000 C   0  0  0  0  0  0  0  0  0  0  0  0
    5.3404   -7.3926    0.0000 O   0  0  0  0  0  0  0  0  0  0  0  0
    5.3404   -6.5673    0.0000 C   0  0  0  0  0  0  0  0  0  0  0  0
    4.6282   -5.3263    0.0000 C   0  0  0  0  0  0  0  0  0  0  0  0
    5.3404   -4.9149    0.0000 C   0  0  0  0  0  0  0  0  0  0  0  0
    5.3404   -4.0854    0.0000 O   0  0  0  0  0  0  0  0  0  0  0  0
    6.7700   -6.5700    0.0000 C   0  0  0  0  0  0  0  0  0  0  0  0
    7.4863   -5.3290    0.0000 O   0  0  0  0  0  0  0  0  0  0  0  0
    7.4863   -6.1544    0.0000 C   0  0  0  0  0  0  0  0  0  0  0  0
    6.7700   -7.3953    0.0000 C   0  0  0  0  0  0  0  0  0  0  0  0
    7.4863   -7.8068    0.0000 C   0  0  0  0  0  0  0  0  0  0  0  0
    7.4863   -8.6363    0.0000 O   0  0  0  0  0  0  0  0  0  0  0  0
    8.9106   -6.1567    0.0000 C   0  0  0  0  0  0  0  0  0  0  0  0
    9.6269   -7.3976    0.0000 O   0  0  0  0  0  0  0  0  0  0  0  0
    9.6269   -6.5724    0.0000 C   0  0  0  0  0  0  0  0  0  0  0  0
    8.9106   -5.3314    0.0000 C   0  0  0  0  0  0  0  0  0  0  0  0
    9.6269   -4.0905    0.0000 C   0  0  0  0  0  0  0  0  0  0  0  0
    9.6269   -4.9199    0.0000 C   0  0  0  0  0  0  0  0  0  0  0  0
   10.3433   -5.3314    0.0000 C   0  0  0  0  0  0  0  0  0  0  0  0
   11.0554   -4.9199    0.0000 C   0  0  0  0  0  0  0  0  0  0  0  0
   11.0554   -4.0905    0.0000 C   0  0  0  0  0  0  0  0  0  0  0  0
   10.3433   -3.6789    0.0000 C   0  0  0  0  0  0  0  0  0  0  0  0
   11.0557   -6.5739    0.0000 C   0  0  0  0  0  0  0  0  0  0  0  0
   11.7664   -6.1633    0.0000 C   0  0  0  0  0  0  0  0  0  0  0  0
   11.7674   -5.3401    0.0000 O   0  0  0  0  0  0  0  0  0  0  0  0
   11.0547   -7.4012    0.0000 C   0  0  0  0  0  0  0  0  0  0  0  0
   11.7685   -7.8136    0.0000 C   0  0  0  0  0  0  0  0  0  0  0  0
   11.7674   -8.6368    0.0000 C   0  0  0  0  0  0  0  0  0  0  0  0
   12.4769   -9.0492    0.0000 C   0  0  0  0  0  0  0  0  0  0  0  0
   12.4758   -9.8723    0.0000 N   0  0  0  0  0  0  0  0  0  0  0  0
    1.0593   -6.5632    0.0000 C   0  0  0  0  0  0  0  0  0  0  0  0
    0.3481   -6.1525    0.0000 C   0  0  0  0  0  0  0  0  0  0  0  0
    1.0604   -7.3904    0.0000 O   0  0  0  0  0  0  0  0  0  0  0  0
    0.3488   -5.3294    0.0000 C   0  0  0  0  0  0  0  0  0  0  0  0
    1.0634   -4.9184    0.0000 C   0  0  0  0  0  0  0  0  0  0  0  0
    1.0642   -4.0954    0.0000 C   0  0  0  0  0  0  0  0  0  0  0  0
    1.7745   -3.6844    0.0000 C   0  0  0  0  0  0  0  0  0  0  0  0
    2.4878   -2.4450    0.0000 C   0  0  0  0  0  0  0  0  0  0  0  0
    2.4885   -1.6183    0.0000 C   0  0  0  0  0  0  0  0  0  0  0  0
    3.2016   -2.8572    0.0000 O   0  0  0  0  0  0  0  0  0  0  0  0
    3.2031   -1.2060    0.0000 C   0  0  0  0  0  0  0  0  0  0  0  0
    2.4900    0.0280    0.0000 O   0  0  0  0  0  0  0  0  0  0  0  0
  -18.1955   -6.1822    0.0000 C   0  0  0  0  0  0  0  0  0  0  0  0
  -18.9044   -6.5934    0.0000 C   0  0  0  0  0  0  0  0  0  0  0  0
  -18.1953   -5.3550    0.0000 O   0  0  0  0  0  0  0  0  0  0  0  0
  -19.6201   -6.1876    0.0000 C   0  0  0  0  0  0  0  0  0  0  0  0
  -18.8985   -7.4165    0.0000 N   0  0  0  0  0  0  0  0  0  0  0  0
  -20.3299   -6.6007    0.0000 C   0  0  0  0  0  0  0  0  0  0  0  0
  -19.6125   -7.8338    0.0000 C   0  0  0  0  0  0  0  0  0  0  0  0
  -19.6024   -8.6568    0.0000 C   0  0  0  0  0  0  0  0  0  0  0  0
  -20.3240   -7.4279    0.0000 O   0  0  0  0  0  0  0  0  0  0  0  0
  -20.3163   -9.0741    0.0000 C   0  0  0  0  0  0  0  0  0  0  0  0
  -19.6012  -10.3076    0.0000 O   0  0  0  0  0  0  0  0  0  0  0  0
   13.1897  -10.2856    0.0000 C   0  0  0  0  0  0  0  0  0  0  0  0
   13.1886  -11.1106    0.0000 C   0  0  0  0  0  0  0  0  0  0  0  0
   13.9047   -9.8742    0.0000 O   0  0  0  0  0  0  0  0  0  0  0  0
  -17.4825   -6.5971    0.0000 N   0  0  0  0  0  0  0  0  0  0  0  0
  -15.3467   -6.1776    0.0000 N   0  0  0  0  0  0  0  0  0  0  0  0
  -13.2005   -6.5843    0.0000 N   0  0  0  0  0  0  0  0  0  0  0  0
   -9.6451   -3.6893    0.0000 O   0  0  0  0  0  0  0  0  0  0  0  0
  -11.0737   -6.1592    0.0000 N   0  0  0  0  0  0  0  0  0  0  0  0
   -8.9362   -6.5731    0.0000 N   0  0  0  0  0  0  0  0  0  0  0  0
   -6.7936   -6.1572    0.0000 N   0  0  0  0  0  0  0  0  0  0  0  0
   -5.3577   -7.8207    0.0000 O   0  0  0  0  0  0  0  0  0  0  0  0
   -2.5057   -3.6894    0.0000 N   0  0  0  0  0  0  0  0  0  0  0  0
   -3.2208   -2.4475    0.0000 N   0  0  0  0  0  0  0  0  0  0  0  0
   -4.6527   -6.5714    0.0000 N   0  0  0  0  0  0  0  0  0  0  0  0
   -2.5102   -6.1594    0.0000 N   0  0  0  0  0  0  0  0  0  0  0  0
   -0.3641   -6.5688    0.0000 N   0  0  0  0  0  0  0  0  0  0  0  0
   13.9175   -4.9293    0.0000 O   0  0  0  0  0  0  0  0  0  0  0  0
   14.6304   -6.1702    0.0000 N   0  0  0  0  0  0  0  0  0  0  0  0
   15.3835   -9.0612    0.0000 O   0  0  0  0  0  0  0  0  0  0  0  0
   16.7906   -6.5683    0.0000 N   0  0  0  0  0  0  0  0  0  0  0  0
   17.5333   -3.6588    0.0000 O   0  0  0  0  0  0  0  0  0  0  0  0
   18.9387   -6.1569    0.0000 N   0  0  0  0  0  0  0  0  0  0  0  0
   22.5396   -9.0617    0.0000 O   0  0  0  0  0  0  0  0  0  0  0  0
    3.9243   -9.0424    0.0000 N   0  0  0  0  0  0  0  0  0  0  0  0
    3.1992  -10.2776    0.0000 N   0  0  0  0  0  0  0  0  0  0  0  0
    1.7756   -6.1538    0.0000 N   0  0  0  0  0  0  0  0  0  0  0  0
    3.9180   -6.5715    0.0000 N   0  0  0  0  0  0  0  0  0  0  0  0
    6.0577   -5.3305    0.0000 N   0  0  0  0  0  0  0  0  0  0  0  0
    6.0560   -6.1567    0.0000 N   0  0  0  0  0  0  0  0  0  0  0  0
    8.2003   -7.3976    0.0000 N   0  0  0  0  0  0  0  0  0  0  0  0
    8.1978   -6.5721    0.0000 N   0  0  0  0  0  0  0  0  0  0  0  0
   10.3417   -6.1606    0.0000 N   0  0  0  0  0  0  0  0  0  0  0  0
    1.7744   -2.8594    0.0000 N   0  0  0  0  0  0  0  0  0  0  0  0
  -19.6260   -5.3645    0.0000 O   0  0  0  0  0  0  0  0  0  0  0  0
169158  2  0
131170  1  1
145171  1  6
144172  1  1
173136  1  0
174136  1  0
175140  1  0
176158  1  0
177159  1  0
178166  1  0
179165  2  0
180165  1  0
181166  2  0
182167  2  0
183167  1  0
184183  2  0
185178  2  0
186179  1  0
187180  2  0
188181  1  0
189182  1  0
190184  1  0
191188  2  0
192187  1  0
134193  1  6
146194  1  6
146132  1  0
153156  1  0
133136  1  0
141142  1  0
191185  1  0
189190  2  0
186192  2  0
 59 52  1  0
171195  1  0
 60 54  1  0
 61 58  2  0
196130  1  0
130197  2  0
 62 57  1  0
  4 63  1  6
 16 64  1  6
 16  2  1  0
 67 69  1  0
 68 73  1  0
 69 66  1  0
 70 74  1  0
 71 70  1  0
 72 66  1  0
 73 69  1  0
 74 72  1  0
 75 70  2  0
 76 68  1  0
 77 75  1  0
 78 87  1  0
 79 66  1  0
 80 78  1  0
 81 89  1  0
 84 82  1  6
 73 83  1  6
 84 80  1  0
 85 82  1  0
 86 83  1  0
 77 87  1  6
 88 67  1  0
 89 79  1  0
 67 90  1  6
 91 81  1  0
 74 92  1  1
 93 90  1  0
 94 92  1  0
 95 72  2  0
 96 78  2  0
 97 85  2  0
 98 86  2  0
 68 99  1  1
100 85  1  0
101 86  1  0
102 84  1  0
103 94  2  0
104 93  2  0
 66105  1  1
 80106  1  6
 79107  1  1
108 71  1  0
109 71  1  0
110 75  1  0
111 93  1  0
112 94  1  0
113101  1  0
114100  2  0
115100  1  0
116101  2  0
117102  2  0
118102  1  0
119118  2  0
120113  2  0
121114  1  0
122115  2  0
123116  1  0
124117  1  0
125119  1  0
126123  2  0
127122  1  0
 69128  1  6
 81129  1  6
 81 67  1  0
 88 91  1  0
 68 71  1  0
 76 77  1  0
126120  1  0
124125  2  0
121127  2  0
 23 26  1  0
106130  1  0
  3  6  1  0
 11 12  1  0
 61 55  1  0
 59 60  2  0
 56 62  2  0
 41 65  1  0
  2  4  1  0
  3  8  1  0
  4  1  1  0
  5  9  1  0
  6  5  1  0
  7  1  1  0
  8  4  1  0
  9  7  1  0
 10  5  2  0
 11  3  1  0
 12 10  1  0
 13 22  1  0
 14  1  1  0
 15 13  1  0
 16 24  1  0
 19 17  1  6
  8 18  1  6
 19 15  1  0
 20 17  1  0
 21 18  1  0
 12 22  1  6
 23  2  1  0
 24 14  1  0
  2 25  1  6
 26 16  1  0
  9 27  1  1
 28 25  1  0
 29 27  1  0
 30  7  2  0
 31 13  2  0
 32 20  2  0
 33 21  2  0
  3 34  1  1
 35 20  1  0
 36 21  1  0
 37 19  1  0
 38 29  2  0
 39 28  2  0
  1 40  1  1
 15 41  1  6
 14 42  1  1
 43  6  1  0
 44  6  1  0
 45 10  1  0
 46 28  1  0
 47 29  1  0
 48 36  1  0
 49 35  2  0
 50 35  1  0
 51 36  2  0
 52 37  2  0
 53 37  1  0
 54 53  2  0
 55 48  2  0
 56 49  1  0
 57 50  2  0
 58 51  1  0
132134  1  0
133138  1  0
199201  1  0
201200  2  0
199202  1  1
202204  1  0
203204  2  0
204205  1  0
205206  2  0
206207  1  0
207208  2  0
208203  1  0
209211  1  0
211210  2  0
209212  1  6
212214  1  0
213214  2  0
214215  1  0
215216  2  0
216217  1  0
217218  2  0
218213  1  0
219221  1  0
221220  2  0
219222  1  1
222224  1  0
223224  2  0
224225  1  0
225226  2  0
226227  1  0
227228  2  0
228223  1  0
229231  1  0
231230  2  0
232234  1  0
234233  2  0
235237  1  0
237236  2  0
235238  1  6
239240  2  0
241243  1  0
243242  2  0
241244  1  1
244245  1  0
245246  1  0
247198  1  0
198248  2  0
271279  1  0
250249  1  1
250252  1  0
252251  2  0
250253  1  0
253254  1  0
255257  1  0
257256  2  0
255258  1  6
258259  1  0
259260  1  0
260261  2  0
262264  1  0
264263  2  0
262265  1  1
265266  1  0
266267  1  0
267268  2  0
269271  1  0
271270  2  0
269272  1  6
272274  1  0
273274  2  0
274275  1  0
275276  2  0
276277  1  0
277278  2  0
278273  1  0
280281  2  0
282284  1  0
284283  2  0
282285  1  0
285286  1  0
286287  1  0
288290  1  0
290289  2  0
288291  1  0
291292  1  0
292293  2  0
294296  1  0
296295  2  0
294297  1  0
297298  1  0
298299  2  0
300302  1  0
302301  2  0
300303  1  1
303305  1  0
304305  2  0
305306  1  0
306307  2  0
307308  1  0
308309  2  0
309304  1  0
310311  1  0
311312  2  0
310313  1  6
313314  1  0
311249  1  0
314315  1  0
315316  1  0
316317  1  0
318319  1  0
318320  2  0
319321  1  1
321322  1  0
322323  1  0
323324  1  0
325326  1  0
325327  2  0
326328  1  0
328 65  1  0
 65329  2  0
330331  1  0
330332  2  0
331333  1  0
331334  1  1
333335  1  0
334336  1  0
336337  1  0
336338  2  0
337339  1  0
339195  1  0
134131  1  0
195340  2  0
135139  1  0
317341  1  0
136135  1  0
341342  1  0
137131  1  0
341343  2  0
342196  1  0
138134  1  0
139137  1  0
140135  2  0
141133  1  0
142140  1  0
143152  1  0
144131  1  0
145143  1  0
146154  1  0
149147  1  6
138148  1  6
149145  1  0
150147  1  0
151148  1  0
142152  1  6
153132  1  0
154144  1  0
132155  1  6
156146  1  0
139157  1  1
158155  1  0
159157  1  0
160137  2  0
161143  2  0
162150  2  0
163151  2  0
133164  1  1
165150  1  0
166151  1  0
167149  1  0
168159  2  0
260359  1  0
238351  1  0
257360  1  0
360262  1  0
227347  1  0
267361  1  0
352239  1  0
246352  1  0
264362  1  0
362269  1  0
201345  1  0
345209  1  0
277363  1  0
239353  1  0
364280  1  0
287364  1  0
221348  1  0
348229  1  0
280365  1  0
237354  1  0
354241  1  0
282366  1  6
366318  1  0
344199  1  0
344330  1  0
284367  1  0
288367  1  1
243355  1  0
355247  1  0
292368  1  0
231349  1  0
349232  1  0
290369  1  0
294369  1  6
198356  1  0
319356  1  0
298370  1  0
211346  1  0
346219  1  0
296371  1  0
371300  1  0
253357  1  1
302372  1  0
372310  1  0
234350  1  0
350235  1  0
324373  1  0
373325  1  0
252358  1  0
358255  1  0
333374  1  0
M  END
","InChI=1S/C257H308N32O79/c1-133-174(123-255(348)216(363-238(342)155-81-51-30-52-82-155)210-249(18,177(301)120-180-252(210,130-351-180)366-141(9)296)213(319)204(354-138(6)293)196(133)246(255,12)13)357-241(345)207(201(149-69-39-24-40-70-149)287-219(322)152-75-45-27-46-76-152)360-193(316)106-101-185(306)264-109-59-57-87-161(271-190(311)128-270-222(325)160(89-61-111-266-244(260)261)273-234(337)173(129-290)272-189(310)127-268-188(309)126-269-223(326)166(116-147-91-95-158(299)96-92-147)278-230(333)168(114-145-65-35-22-36-66-145)279-231(334)169(115-146-67-37-23-38-68-146)283-235(338)199(136(4)291)285-187(308)103-108-195(318)362-209(203(151-73-43-26-44-74-151)289-221(324)154-79-49-29-50-80-154)243(347)359-176-125-257(350)218(365-240(344)157-85-55-32-56-86-157)212-251(20,179(303)122-182-254(212,132-353-182)368-143(11)298)215(321)206(356-140(8)295)198(135(176)3)248(257,16)17)224(327)274-163(90-62-112-267-245(262)263)225(328)281-170(118-183(258)304)233(336)282-171(119-184(259)305)232(335)280-167(113-144-63-33-21-34-64-144)229(332)275-162(228(331)286-200(137(5)292)236(339)277-165(100-105-192(314)315)226(329)276-164(99-104-191(312)313)227(330)284-172(237(340)341)117-148-93-97-159(300)98-94-148)88-58-60-110-265-186(307)102-107-194(317)361-208(202(150-71-41-25-42-72-150)288-220(323)153-77-47-28-48-78-153)242(346)358-175-124-256(349)217(364-239(343)156-83-53-31-54-84-156)211-250(19,178(302)121-181-253(211,131-352-181)367-142(10)297)214(320)205(355-139(7)294)197(134(175)2)247(256,14)15/h21-56,63-86,91-98,136-137,160-182,199-212,216-218,290-292,299-303,348-350H,57-62,87-90,99-132H2,1-20H3,(H2,258,304)(H2,259,305)(H,264,306)(H,265,307)(H,268,309)(H,269,326)(H,270,325)(H,271,311)(H,272,310)(H,273,337)(H,274,327)(H,275,332)(H,276,329)(H,277,339)(H,278,333)(H,279,334)(H,280,335)(H,281,328)(H,282,336)(H,283,338)(H,284,330)(H,285,308)(H,286,331)(H,287,322)(H,288,323)(H,289,324)(H,312,313)(H,314,315)(H,340,341)(H4,260,261,266)(H4,262,263,267)/t136?,137-,160+,161+,162+,163+,164+,165+,166+,167+,168+,169+,170+,171+,172+,173+,174+,175+,176+,177+,178+,179+,180-,181-,182-,199+,200+,201+,202+,203+,204-,205-,206-,207-,208-,209-,210+,211+,212+,216+,217+,218+,249-,250-,251-,252+,253+,254+,255-,256-,257-/m1/s1",GBVKRUOMSUTVPW-AHNVSIPUSA-N,CC(=O)O[C@H]1C(=O)[C@@]2(C)[C@H]([C@H](OC(=O)c3ccccc3)[C@]3(O)C[C@H](OC(=O)[C@H](OC(=O)CCC(=O)NCCCC[C@H](NC(=O)CNC(=O)[C@H](CCCNC(=N)N)NC(=O)[C@H](CO)NC(=O)CNC(=O)CNC(=O)[C@H](Cc4ccc(O)cc4)NC(=O)[C@H](Cc4ccccc4)NC(=O)[C@H](Cc4ccccc4)NC(=O)[C@@H](NC(=O)CCC(=O)O[C@@H](C(=O)O[C@H]4C[C@@]5(O)[C@@H](OC(=O)c6ccccc6)[C@@H]6[C@]7(OC(C)=O)CO[C@@H]7C[C@H](O)[C@@]6(C)C(=O)[C@H](OC(C)=O)C(=C4C)C5(C)C)[C@@H](NC(=O)c4ccccc4)c4ccccc4)C(C)O)C(=O)N[C@@H](CCCNC(=N)N)C(=O)N[C@@H](CC(N)=O)C(=O)N[C@@H](CC(N)=O)C(=O)N[C@@H](Cc4ccccc4)C(=O)N[C@@H](CCCCNC(=O)CCC(=O)O[C@@H](C(=O)O[C@H]4C[C@@]5(O)[C@@H](OC(=O)c6ccccc6)[C@@H]6[C@]7(OC(C)=O)CO[C@@H]7C[C@H](O)[C@@]6(C)C(=O)[C@H](OC(C)=O)C(=C4C)C5(C)C)[C@@H](NC(=O)c4ccccc4)c4ccccc4)C(=O)N[C@H](C(=O)N[C@@H](CCC(=O)O)C(=O)N[C@@H](CCC(=O)O)C(=O)N[C@@H](Cc4ccc(O)cc4)C(=O)O)[C@@H](C)O)[C@@H](NC(=O)c4ccccc4)c4ccccc4)C(C)=C1C3(C)C)[C@]1(OC(C)=O)CO[C@@H]1C[C@@H]2O
15217,CHEMBL109,VALPROIC ACID,INHIBITOR,,CHEMBL1911,"Succinate-semialdehyde dehydrogenase, mitochondrial",Brain Neoplasms,brain neoplasm,2.0,15217.0,144.21,2.29,1.0,1.0,37.3,5.0,N,0.0,144.21,0.0,10.0,0.64,C8H16O2,0.38,86904895.0,15217.0,1040.0,15217.0,"
     RDKit          2D

 10  9  0  0  0  0  0  0  0  0999 V2000
   15.7815   -9.3626    0.0000 C   0  0  0  0  0  0  0  0  0  0  0  0
   15.0670   -9.7751    0.0000 C   0  0  0  0  0  0  0  0  0  0  0  0
   15.0670  -10.6001    0.0000 C   0  0  0  0  0  0  0  0  0  0  0  0
   14.3525  -11.0126    0.0000 C   0  0  0  0  0  0  0  0  0  0  0  0
   14.3525  -11.8376    0.0000 C   0  0  0  0  0  0  0  0  0  0  0  0
   13.6381  -10.6001    0.0000 C   0  0  0  0  0  0  0  0  0  0  0  0
   13.6381   -9.7751    0.0000 C   0  0  0  0  0  0  0  0  0  0  0  0
   12.9236   -9.3626    0.0000 C   0  0  0  0  0  0  0  0  0  0  0  0
   13.6381  -12.2501    0.0000 O   0  0  0  0  0  0  0  0  0  0  0  0
   15.0670  -12.2501    0.0000 O   0  0  0  0  0  0  0  0  0  0  0  0
  1  2  1  0
  2  3  1  0
  3  4  1  0
  4  5  1  0
  4  6  1  0
  6  7  1  0
  7  8  1  0
  5  9  2  0
  5 10  1  0
M  END
","InChI=1S/C8H16O2/c1-3-5-7(6-4-2)8(9)10/h7H,3-6H2,1-2H3,(H,9,10)",NIJJYAXOARWZEE-UHFFFAOYSA-N,CCCC(CCC)C(=O)O
624225,CHEMBL1094636,NIRAPARIB,INHIBITOR,,CHEMBL3105,Poly [ADP-ribose] polymerase 1,Glioblastoma,glioblastoma multiforme,2.0,624225.0,320.4,2.59,4.0,2.0,72.94,3.0,N,0.0,320.4,3.0,24.0,0.78,C19H20N4O,-0.92,,,,624225.0,"
     RDKit          2D

 24 27  0  0  0  0  0  0  0  0999 V2000
   -4.8027    1.4438    0.0000 N   0  0  0  0  0  0  0  0  0  0  0  0
   -5.5171    1.0313    0.0000 C   0  0  0  0  0  0  0  0  0  0  0  0
   -5.5171    0.2062    0.0000 C   0  0  0  0  0  0  0  0  0  0  0  0
   -4.8027   -0.2063    0.0000 C   0  0  0  0  0  0  0  0  0  0  0  0
   -4.0882    0.2062    0.0000 C   0  0  0  0  0  0  0  0  0  0  0  0
   -4.0882    1.0313    0.0000 C   0  0  0  0  0  0  0  0  0  0  0  0
   -3.2632    0.2062    0.0000 C   0  0  0  0  0  0  0  0  0  0  0  0
   -1.6132    0.2062    0.0000 C   0  0  0  0  0  0  0  0  0  0  0  0
   -2.0257    0.9207    0.0000 C   0  0  0  0  0  0  0  0  0  0  0  0
   -2.8507    0.9207    0.0000 C   0  0  0  0  0  0  0  0  0  0  0  0
   -2.8507   -0.5082    0.0000 C   0  0  0  0  0  0  0  0  0  0  0  0
   -2.0257   -0.5082    0.0000 C   0  0  0  0  0  0  0  0  0  0  0  0
   -0.7882    0.2062    0.0000 N   0  0  0  0  0  0  0  0  0  0  0  0
   -0.3032   -0.4612    0.0000 N   0  0  0  0  0  0  0  0  0  0  0  0
    0.4813   -0.2063    0.0000 C   0  0  0  0  0  0  0  0  0  0  0  0
    0.4813    0.6187    0.0000 C   0  0  0  0  0  0  0  0  0  0  0  0
   -0.3032    0.8737    0.0000 C   0  0  0  0  0  0  0  0  0  0  0  0
    1.1958    1.0313    0.0000 C   0  0  0  0  0  0  0  0  0  0  0  0
    1.1958   -0.6188    0.0000 C   0  0  0  0  0  0  0  0  0  0  0  0
    1.9103   -0.2063    0.0000 C   0  0  0  0  0  0  0  0  0  0  0  0
    1.9103    0.6187    0.0000 C   0  0  0  0  0  0  0  0  0  0  0  0
    1.1958   -1.4438    0.0000 C   0  0  0  0  0  0  0  0  0  0  0  0
    0.4813   -1.8563    0.0000 O   0  0  0  0  0  0  0  0  0  0  0  0
    1.9103   -1.8563    0.0000 N   0  0  0  0  0  0  0  0  0  0  0  0
  1  2  1  0
  1  6  1  0
  2  3  1  0
  3  4  1  0
  4  5  1  0
  5  6  1  0
  5  7  1  6
 10  7  2  0
  7 11  1  0
  8  9  2  0
  8 12  1  0
  9 10  1  0
 11 12  2  0
  8 13  1  0
 13 14  1  0
 13 17  1  0
 14 15  2  0
 16 17  2  0
 18 16  1  0
 16 15  1  0
 15 19  1  0
 18 21  2  0
 19 20  2  0
 20 21  1  0
 19 22  1  0
 22 23  2  0
 22 24  1  0
M  END
","InChI=1S/C19H20N4O/c20-19(24)17-5-1-3-15-12-23(22-18(15)17)16-8-6-13(7-9-16)14-4-2-10-21-11-14/h1,3,5-9,12,14,21H,2,4,10-11H2,(H2,20,24)/t14-/m1/s1",PCHKPVIQAHNQLW-CQSZACIVSA-N,NC(=O)c1cccc2cn(-c3ccc([C@@H]4CCCNC4)cc3)nc12
150882,CHEMBL1098,BUPIVACAINE,BLOCKER,,CHEMBL2072,Sodium channel protein type 4 subunit alpha,Brain Neoplasms,brain neoplasm,1.0,150882.0,288.44,3.9,2.0,1.0,32.34,5.0,N,0.0,288.44,1.0,21.0,0.89,C18H28N2O,-1.36,,,,150882.0,"
     RDKit          2D

 21 22  0  0  0  0  0  0  0  0999 V2000
   -4.2134    0.6188    0.0000 C   0  0  0  0  0  0  0  0  0  0  0  0
   -4.9279    0.2063    0.0000 C   0  0  0  0  0  0  0  0  0  0  0  0
   -4.9279   -0.6188    0.0000 C   0  0  0  0  0  0  0  0  0  0  0  0
   -4.2134   -1.0313    0.0000 C   0  0  0  0  0  0  0  0  0  0  0  0
   -3.4989   -0.6188    0.0000 C   0  0  0  0  0  0  0  0  0  0  0  0
   -3.4989    0.2063    0.0000 C   0  0  0  0  0  0  0  0  0  0  0  0
   -4.2134    1.4438    0.0000 C   0  0  0  0  0  0  0  0  0  0  0  0
   -2.7845    0.6188    0.0000 N   0  0  0  0  0  0  0  0  0  0  0  0
   -2.0700    0.2063    0.0000 C   0  0  0  0  0  0  0  0  0  0  0  0
   -2.0700   -0.6187    0.0000 O   0  0  0  0  0  0  0  0  0  0  0  0
   -2.7845   -1.0313    0.0000 C   0  0  0  0  0  0  0  0  0  0  0  0
   -1.4866    0.7896    0.0000 C   0  0  0  0  0  0  0  0  0  0  0  0
   -0.7722    2.0271    0.0000 C   0  0  0  0  0  0  0  0  0  0  0  0
   -1.4866    1.6146    0.0000 C   0  0  0  0  0  0  0  0  0  0  0  0
   -0.7722    0.3771    0.0000 N   0  0  0  0  0  0  0  0  0  0  0  0
   -0.0577    0.7896    0.0000 C   0  0  0  0  0  0  0  0  0  0  0  0
   -0.0577    1.6146    0.0000 C   0  0  0  0  0  0  0  0  0  0  0  0
   -0.7722   -0.4479    0.0000 C   0  0  0  0  0  0  0  0  0  0  0  0
   -0.0577   -0.8604    0.0000 C   0  0  0  0  0  0  0  0  0  0  0  0
    0.6568   -0.4479    0.0000 C   0  0  0  0  0  0  0  0  0  0  0  0
    1.3713   -0.8604    0.0000 C   0  0  0  0  0  0  0  0  0  0  0  0
  1  2  2  0
  1  6  1  0
  2  3  1  0
  3  4  2  0
  4  5  1  0
  5  6  2  0
  1  7  1  0
  6  8  1  0
  8  9  1  0
  9 10  2  0
  5 11  1  0
 12  9  1  0
 14 12  1  0
 12 15  1  0
 13 14  1  0
 13 17  1  0
 15 16  1  0
 16 17  1  0
 15 18  1  0
 18 19  1  0
 19 20  1  0
 20 21  1  0
M  END
","InChI=1S/C18H28N2O/c1-4-5-12-20-13-7-6-11-16(20)18(21)19-17-14(2)9-8-10-15(17)3/h8-10,16H,4-7,11-13H2,1-3H3,(H,19,21)",LEBVLXFERQHONN-UHFFFAOYSA-N,CCCCN1CCCCC1C(=O)Nc1c(C)cccc1C
16450,CHEMBL112,ACETAMINOPHEN,INHIBITOR,,CHEMBL2094253,Cyclooxygenase,Glioma,malignant glioma,2.0,16450.0,151.16,1.35,2.0,2.0,49.33,1.0,Y,0.0,151.16,1.0,11.0,0.6,C8H9NO2,-0.64,84432535.0,16450.0,104.0,16450.0,"
     RDKit          2D

 11 11  0  0  0  0  0  0  0  0999 V2000
    1.5548   -3.6021    0.0000 C   0  0  0  0  0  0  0  0  0  0  0  0
    2.5951   -3.0039    0.0000 C   0  0  0  0  0  0  0  0  0  0  0  0
    3.6331   -3.6060    0.0000 O   0  0  0  0  0  0  0  0  0  0  0  0
    2.5973   -1.5031    0.0000 N   0  0  0  0  0  0  0  0  0  0  0  0
    1.2990   -0.7500    0.0000 C   0  0  0  0  0  0  0  0  0  0  0  0
    1.2990    0.7500    0.0000 C   0  0  0  0  0  0  0  0  0  0  0  0
    0.0000    1.5000    0.0000 C   0  0  0  0  0  0  0  0  0  0  0  0
   -1.2990    0.7500    0.0000 C   0  0  0  0  0  0  0  0  0  0  0  0
   -2.3383    1.3500    0.0000 O   0  0  0  0  0  0  0  0  0  0  0  0
   -1.2990   -0.7500    0.0000 C   0  0  0  0  0  0  0  0  0  0  0  0
    0.0000   -1.5000    0.0000 C   0  0  0  0  0  0  0  0  0  0  0  0
  1  2  1  0
  2  3  2  0
  2  4  1  0
  4  5  1  0
  5  6  2  0
  6  7  1  0
  7  8  2  0
  8  9  1  0
  8 10  1  0
 10 11  2  0
 11  5  1  0
M  END","InChI=1S/C8H9NO2/c1-6(10)9-7-2-4-8(11)5-3-7/h2-5,11H,1H3,(H,9,10)",RZVAJINKPMORJF-UHFFFAOYSA-N,CC(=O)Nc1ccc(O)cc1
18694,CHEMBL118,CELECOXIB,INHIBITOR,,CHEMBL230,Prostaglandin G/H synthase 2,Brain Neoplasms,brain cancer,2.0,18694.0,381.38,3.51,4.0,1.0,77.98,3.0,N,0.0,381.38,3.0,26.0,0.75,C17H14F3N3O2S,-1.57,,,,18694.0,"
     RDKit          2D

 26 28  0  0  0  0  0  0  0  0999 V2000
    2.9307    0.3838    0.0000 S   0  0  0  0  0  0  0  0  0  0  0  0
    2.1460    0.1289    0.0000 C   0  0  0  0  0  0  0  0  0  0  0  0
    1.5330    0.6809    0.0000 C   0  0  0  0  0  0  0  0  0  0  0  0
    0.7483    0.4260    0.0000 C   0  0  0  0  0  0  0  0  0  0  0  0
    0.5768   -0.3810    0.0000 C   0  0  0  0  0  0  0  0  0  0  0  0
    1.1899   -0.9330    0.0000 C   0  0  0  0  0  0  0  0  0  0  0  0
    1.9745   -0.6781    0.0000 C   0  0  0  0  0  0  0  0  0  0  0  0
   -0.2078   -0.6359    0.0000 N   0  0  0  0  0  0  0  0  0  0  0  0
   -0.8753   -0.1510    0.0000 C   0  0  0  0  0  0  0  0  0  0  0  0
   -0.8753    0.6740    0.0000 C   0  0  0  0  0  0  0  0  0  0  0  0
   -0.1608    1.0865    0.0000 C   0  0  0  0  0  0  0  0  0  0  0  0
   -0.1608    1.9115    0.0000 C   0  0  0  0  0  0  0  0  0  0  0  0
   -0.8753    2.3240    0.0000 C   0  0  0  0  0  0  0  0  0  0  0  0
   -0.8753    3.1490    0.0000 C   0  0  0  0  0  0  0  0  0  0  0  0
   -1.5897    1.9115    0.0000 C   0  0  0  0  0  0  0  0  0  0  0  0
   -1.5897    1.0865    0.0000 C   0  0  0  0  0  0  0  0  0  0  0  0
   -1.5427   -0.6359    0.0000 C   0  0  0  0  0  0  0  0  0  0  0  0
   -1.2878   -1.4205    0.0000 C   0  0  0  0  0  0  0  0  0  0  0  0
   -1.7727   -2.0880    0.0000 C   0  0  0  0  0  0  0  0  0  0  0  0
   -2.2576   -2.7554    0.0000 F   0  0  0  0  0  0  0  0  0  0  0  0
   -1.1052   -2.5729    0.0000 F   0  0  0  0  0  0  0  0  0  0  0  0
   -2.4401   -1.6031    0.0000 F   0  0  0  0  0  0  0  0  0  0  0  0
   -0.4628   -1.4205    0.0000 N   0  0  0  0  0  0  0  0  0  0  0  0
    3.7153    0.6388    0.0000 N   0  0  0  0  0  0  0  0  0  0  0  0
    3.1856   -0.4008    0.0000 O   0  0  0  0  0  0  0  0  0  0  0  0
    2.6757    1.1685    0.0000 O   0  0  0  0  0  0  0  0  0  0  0  0
  2  1  1  0
 24  1  1  0
 25  1  2  0
 26  1  2  0
  3  2  2  0
  2  7  1  0
  4  3  1  0
  5  4  2  0
  5  6  1  0
  5  8  1  0
  7  6  2  0
  9  8  1  0
 23  8  1  0
  9 10  1  0
 17  9  2  0
 11 10  2  0
 10 16  1  0
 11 12  1  0
 13 12  2  0
 14 13  1  0
 15 13  1  0
 16 15  2  0
 18 17  1  0
 18 19  1  0
 18 23  2  0
 19 20  1  0
 19 21  1  0
 19 22  1  0
M  END
","InChI=1S/C17H14F3N3O2S/c1-11-2-4-12(5-3-11)15-10-16(17(18,19)20)22-23(15)13-6-8-14(9-7-13)26(21,24)25/h2-10H,1H3,(H2,21,24,25)",RZEKVGVHFLEQIL-UHFFFAOYSA-N,Cc1ccc(-c2cc(C(F)(F)F)nn2-c2ccc(S(N)(=O)=O)cc2)cc1
674361,CHEMBL1200410,PROCARBAZINE HYDROCHLORIDE,INHIBITOR,,CHEMBL2311221,DNA,Brain Neoplasms,brain neoplasm,3.0,674361.0,221.3,1.05,3.0,3.0,53.16,5.0,N,0.0,257.76,1.0,16.0,0.65,C12H20ClN3O,-1.04,85115768.0,674361.0,127.0,674361.0,"
     RDKit          2D

 17 16  0  0  0  0  0  0  0  0999 V2000
    7.6167   -5.9375    0.0000 Cl  0  0  0  0  0  0  0  0  0  0  0  0
    6.3167   -4.3583    0.0000 C   0  0  0  0  0  0  0  0  0  0  0  0
    6.9208   -4.7125    0.0000 N   0  0  0  0  0  0  0  0  0  0  0  0
    5.6958   -4.7333    0.0000 C   0  0  0  0  0  0  0  0  0  0  0  0
    6.3167   -3.6500    0.0000 O   0  0  0  0  0  0  0  0  0  0  0  0
    5.6958   -5.4333    0.0000 C   0  0  0  0  0  0  0  0  0  0  0  0
    5.0917   -4.3792    0.0000 C   0  0  0  0  0  0  0  0  0  0  0  0
    3.2375   -5.4667    0.0000 N   0  0  0  0  0  0  0  0  0  0  0  0
    2.6292   -5.8292    0.0000 N   0  0  0  0  0  0  0  0  0  0  0  0
    5.0917   -5.7917    0.0000 C   0  0  0  0  0  0  0  0  0  0  0  0
    4.4750   -4.7375    0.0000 C   0  0  0  0  0  0  0  0  0  0  0  0
    4.4750   -5.4375    0.0000 C   0  0  0  0  0  0  0  0  0  0  0  0
    7.5375   -4.3417    0.0000 C   0  0  0  0  0  0  0  0  0  0  0  0
    3.8500   -5.8125    0.0000 C   0  0  0  0  0  0  0  0  0  0  0  0
    2.0042   -5.4792    0.0000 C   0  0  0  0  0  0  0  0  0  0  0  0
    8.1458   -4.6958    0.0000 C   0  0  0  0  0  0  0  0  0  0  0  0
    7.5375   -3.6500    0.0000 C   0  0  0  0  0  0  0  0  0  0  0  0
  3  2  1  0
  4  2  1  0
  5  2  2  0
  6  4  2  0
  7  4  1  0
  8 14  1  0
  9  8  1  0
 10  6  1  0
 11  7  2  0
 12 11  1  0
 13  3  1  0
 14 12  1  0
 15  9  1  0
 16 13  1  0
 17 13  1  0
 12 10  2  0
M  END
","InChI=1S/C12H19N3O.ClH/c1-9(2)15-12(16)11-6-4-10(5-7-11)8-14-13-3;/h4-7,9,13-14H,8H2,1-3H3,(H,15,16);1H",DERJYEZSLHIUKF-UHFFFAOYSA-N,CNNCc1ccc(C(=O)NC(C)C)cc1.Cl
674436,CHEMBL1200485,SORAFENIB TOSYLATE,INHIBITOR,,CHEMBL1906,RAF proto-oncogene serine/threonine-protein kinase,Brain Neoplasms,brain neoplasm,2.0,674436.0,464.83,5.55,4.0,3.0,92.35,5.0,N,1.0,637.04,3.0,32.0,0.46,C28H24ClF3N4O6S,-1.46,85489346.0,674436.0,146.0,674436.0,"
     RDKit          2D

 43 45  0  0  0  0  0  0  0  0999 V2000
    0.1958    4.8792    0.0000 C   0  0  0  0  0  0  0  0  0  0  0  0
    0.1958    5.7042    0.0000 C   0  0  0  0  0  0  0  0  0  0  0  0
   -1.2333    2.4083    0.0000 C   0  0  0  0  0  0  0  0  0  0  0  0
   -0.5208   -3.7792    0.0000 C   0  0  0  0  0  0  0  0  0  0  0  0
   -0.5208   -2.9542    0.0000 C   0  0  0  0  0  0  0  0  0  0  0  0
   -1.2333    3.2333    0.0000 N   0  0  0  0  0  0  0  0  0  0  0  0
   -1.2333   -2.5417    0.0000 C   0  0  0  0  0  0  0  0  0  0  0  0
    0.9083    4.4667    0.0000 C   0  0  0  0  0  0  0  0  0  0  0  0
   -1.9500    1.9958    0.0000 N   0  0  0  0  0  0  0  0  0  0  0  0
   -0.5208    4.4667    0.0000 C   0  0  0  0  0  0  0  0  0  0  0  0
    0.1958   -2.5417    0.0000 N   0  0  0  0  0  0  0  0  0  0  0  0
   -1.2333   -1.7167    0.0000 C   0  0  0  0  0  0  0  0  0  0  0  0
   -0.5208    3.6458    0.0000 C   0  0  0  0  0  0  0  0  0  0  0  0
   -0.5208    1.9958    0.0000 O   0  0  0  0  0  0  0  0  0  0  0  0
    0.1958   -4.1917    0.0000 O   0  0  0  0  0  0  0  0  0  0  0  0
   -1.9500   -1.3042    0.0000 O   0  0  0  0  0  0  0  0  0  0  0  0
   -0.6292    5.7042    0.0000 F   0  0  0  0  0  0  0  0  0  0  0  0
    1.0208    5.7042    0.0000 F   0  0  0  0  0  0  0  0  0  0  0  0
    0.1958    6.5292    0.0000 F   0  0  0  0  0  0  0  0  0  0  0  0
    0.9083    3.6458    0.0000 C   0  0  0  0  0  0  0  0  0  0  0  0
   -1.2333   -4.1917    0.0000 N   0  0  0  0  0  0  0  0  0  0  0  0
   -1.9500    1.1708    0.0000 C   0  0  0  0  0  0  0  0  0  0  0  0
   -1.9500   -0.4792    0.0000 C   0  0  0  0  0  0  0  0  0  0  0  0
    0.1958   -1.7167    0.0000 C   0  0  0  0  0  0  0  0  0  0  0  0
    0.1958    3.2333    0.0000 C   0  0  0  0  0  0  0  0  0  0  0  0
    1.6250    4.8792    0.0000 Cl  0  0  0  0  0  0  0  0  0  0  0  0
   -0.5208   -1.3042    0.0000 C   0  0  0  0  0  0  0  0  0  0  0  0
   -1.2333    0.7583    0.0000 C   0  0  0  0  0  0  0  0  0  0  0  0
   -2.6625    0.7583    0.0000 C   0  0  0  0  0  0  0  0  0  0  0  0
   -1.2333   -0.0667    0.0000 C   0  0  0  0  0  0  0  0  0  0  0  0
   -2.6625   -0.0667    0.0000 C   0  0  0  0  0  0  0  0  0  0  0  0
   -1.2333   -5.0167    0.0000 C   0  0  0  0  0  0  0  0  0  0  0  0
    4.1667    1.7417    0.0000 S   0  0  0  0  0  0  0  0  0  0  0  0
    3.5125    1.2417    0.0000 C   0  0  0  0  0  0  0  0  0  0  0  0
    4.6042    1.0417    0.0000 O   0  0  0  0  0  0  0  0  0  0  0  0
    3.7625    2.4417    0.0000 O   0  0  0  0  0  0  0  0  0  0  0  0
    4.8208    2.2458    0.0000 O   0  0  0  0  0  0  0  0  0  0  0  0
    2.7500    1.5583    0.0000 C   0  0  0  0  0  0  0  0  0  0  0  0
    3.6167    0.4208    0.0000 C   0  0  0  0  0  0  0  0  0  0  0  0
    2.9625   -0.0792    0.0000 C   0  0  0  0  0  0  0  0  0  0  0  0
    2.0958    1.0542    0.0000 C   0  0  0  0  0  0  0  0  0  0  0  0
    2.2000    0.2375    0.0000 C   0  0  0  0  0  0  0  0  0  0  0  0
    1.5458   -0.2667    0.0000 C   0  0  0  0  0  0  0  0  0  0  0  0
  2  1  1  0
  3  6  1  0
  4  5  1  0
  5  7  2  0
  6 13  1  0
  7 12  1  0
  8  1  1  0
  9  3  1  0
 10  1  2  0
 11 24  2  0
 12 16  1  0
 13 10  1  0
 14  3  2  0
 15  4  2  0
 16 23  1  0
 17  2  1  0
 18  2  1  0
 19  2  1  0
 20  8  2  0
 21  4  1  0
 22  9  1  0
 23 30  1  0
 24 27  1  0
 25 13  2  0
 26  8  1  0
 27 12  2  0
 28 22  1  0
 29 22  2  0
 30 28  2  0
 31 29  1  0
 32 21  1  0
 25 20  1  0
 23 31  2  0
  5 11  1  0
 34 33  1  0
 35 33  2  0
 36 33  2  0
 37 33  1  0
 38 34  1  0
 39 34  2  0
 40 39  1  0
 41 38  2  0
 42 40  2  0
 43 42  1  0
 42 41  1  0
M  END
","InChI=1S/C21H16ClF3N4O3.C7H8O3S/c1-26-19(30)18-11-15(8-9-27-18)32-14-5-2-12(3-6-14)28-20(31)29-13-4-7-17(22)16(10-13)21(23,24)25;1-6-2-4-7(5-3-6)11(8,9)10/h2-11H,1H3,(H,26,30)(H2,28,29,31);2-5H,1H3,(H,8,9,10)",IVDHYUQIDRJSTI-UHFFFAOYSA-N,CNC(=O)c1cc(Oc2ccc(NC(=O)Nc3ccc(Cl)c(C(F)(F)F)c3)cc2)ccn1.Cc1ccc(S(=O)(=O)O)cc1
674533,CHEMBL1200582,AMINOLEVULINIC ACID HYDROCHLORIDE,INHIBITOR,,CHEMBL2311221,DNA,Glioma,glioma,4.0,674533.0,131.13,-0.62,3.0,2.0,80.39,4.0,N,0.0,167.59,0.0,9.0,0.53,C5H10ClNO3,0.68,86328651.0,674533.0,1029.0,674533.0,"
     RDKit          2D

 10  8  0  0  0  0  0  0  0  0999 V2000
    5.5542   -4.2792    0.0000 Cl  0  0  0  0  0  0  0  0  0  0  0  0
    1.9000   -3.8875    0.0000 C   0  0  0  0  0  0  0  0  0  0  0  0
    1.9000   -3.1792    0.0000 O   0  0  0  0  0  0  0  0  0  0  0  0
    3.7167   -5.0000    0.0000 O   0  0  0  0  0  0  0  0  0  0  0  0
    3.7375   -4.2875    0.0000 C   0  0  0  0  0  0  0  0  0  0  0  0
    2.5042   -4.2542    0.0000 C   0  0  0  0  0  0  0  0  0  0  0  0
    1.2750   -4.2375    0.0000 O   0  0  0  0  0  0  0  0  0  0  0  0
    3.1375   -3.9250    0.0000 C   0  0  0  0  0  0  0  0  0  0  0  0
    4.9750   -4.3292    0.0000 N   0  0  0  0  0  0  0  0  0  0  0  0
    4.3625   -3.9542    0.0000 C   0  0  0  0  0  0  0  0  0  0  0  0
  3  2  2  0
  4  5  2  0
  5  8  1  0
  6  2  1  0
  7  2  1  0
  8  6  1  0
  9 10  1  0
 10  5  1  0
M  END
","InChI=1S/C5H9NO3.ClH/c6-3-4(7)1-2-5(8)9;/h1-3,6H2,(H,8,9);1H",ZLHFONARZHCSET-UHFFFAOYSA-N,Cl.NCC(=O)CCC(=O)O
674596,CHEMBL1200645,ETOPOSIDE PHOSPHATE,INHIBITOR,,CHEMBL1806,DNA topoisomerase 2-alpha,Glioma,malignant glioma,2.0,674596.0,668.54,1.1,14.0,4.0,207.36,7.0,N,2.0,668.54,2.0,46.0,0.24,C29H33O16P,1.88,85311029.0,674596.0,132.0,674596.0,"
     RDKit          2D

 50 56  0  0  0  0  0  0  0  0999 V2000
    9.2223    0.2946    0.0000 C   0  0  0  0  0  0  0  0  0  0  0  0
    8.8098    1.0091    0.0000 C   0  0  0  0  0  0  0  0  0  0  0  0
    7.9848    1.0091    0.0000 C   0  0  0  0  0  0  0  0  0  0  0  0
    7.5723    0.2946    0.0000 C   0  0  0  0  0  0  0  0  0  0  0  0
    7.9848   -0.4198    0.0000 C   0  0  0  0  0  0  0  0  0  0  0  0
    8.8098   -0.4198    0.0000 C   0  0  0  0  0  0  0  0  0  0  0  0
    7.5723   -1.1343    0.0000 C   0  0  0  0  0  0  0  0  0  0  0  0
    7.9848   -1.8488    0.0000 C   0  0  0  0  0  0  0  0  0  0  0  0
    8.8098   -1.8488    0.0000 C   0  0  0  0  0  0  0  0  0  0  0  0
    9.2223   -1.1343    0.0000 C   0  0  0  0  0  0  0  0  0  0  0  0
    7.7299    1.7937    0.0000 C   0  0  0  0  0  0  0  0  0  0  0  0
    8.3973    2.2786    0.0000 O   0  0  0  0  0  0  0  0  0  0  0  0
    9.0647    1.7937    0.0000 C   0  0  0  0  0  0  0  0  0  0  0  0
    7.7298   -2.6334    0.0000 O   0  0  0  0  0  0  0  0  0  0  0  0
    8.3973   -3.1183    0.0000 C   0  0  0  0  0  0  0  0  0  0  0  0
    9.0647   -2.6334    0.0000 O   0  0  0  0  0  0  0  0  0  0  0  0
    9.8493    2.0487    0.0000 O   0  0  0  0  0  0  0  0  0  0  0  0
   10.0473    0.2946    0.0000 C   0  0  0  0  0  0  0  0  0  0  0  0
    6.7473    0.2946    0.0000 O   0  0  0  0  0  0  0  0  0  0  0  0
    5.9223    0.2946    0.0000 C   0  0  0  0  0  0  0  0  0  0  0  0
   10.4598   -0.4199    0.0000 C   0  0  0  0  0  0  0  0  0  0  0  0
   11.2848   -0.4199    0.0000 C   0  0  0  0  0  0  0  0  0  0  0  0
   11.6973    0.2946    0.0000 C   0  0  0  0  0  0  0  0  0  0  0  0
   11.2848    1.0091    0.0000 C   0  0  0  0  0  0  0  0  0  0  0  0
   10.4598    1.0091    0.0000 C   0  0  0  0  0  0  0  0  0  0  0  0
   11.6973    1.7236    0.0000 O   0  0  0  0  0  0  0  0  0  0  0  0
   11.2849    2.4381    0.0000 C   0  0  0  0  0  0  0  0  0  0  0  0
   11.6973   -1.1343    0.0000 O   0  0  0  0  0  0  0  0  0  0  0  0
   12.5223   -1.1343    0.0000 C   0  0  0  0  0  0  0  0  0  0  0  0
   12.5223    0.2946    0.0000 O   0  0  0  0  0  0  0  0  0  0  0  0
   13.1057    0.8780    0.0000 P   0  0  0  0  0  0  0  0  0  0  0  0
   13.1057    1.7030    0.0000 O   0  0  0  0  0  0  0  0  0  0  0  0
   13.9307    0.8780    0.0000 O   0  0  0  0  0  0  0  0  0  0  0  0
   13.3192    0.0811    0.0000 O   0  0  0  0  0  0  0  0  0  0  0  0
    5.5098    1.0091    0.0000 O   0  0  0  0  0  0  0  0  0  0  0  0
    4.6848    1.0091    0.0000 C   0  0  0  0  0  0  0  0  0  0  0  0
    4.2723    0.2946    0.0000 C   0  0  0  0  0  0  0  0  0  0  0  0
    4.6848   -0.4198    0.0000 C   0  0  0  0  0  0  0  0  0  0  0  0
    5.5098   -0.4198    0.0000 C   0  0  0  0  0  0  0  0  0  0  0  0
    4.2723    1.7236    0.0000 C   0  0  0  0  0  0  0  0  0  0  0  0
    3.4473    1.7236    0.0000 O   0  0  0  0  0  0  0  0  0  0  0  0
    3.0348    1.0092    0.0000 C   0  0  0  0  0  0  0  0  0  0  0  0
    3.4473    0.2947    0.0000 O   0  0  0  0  0  0  0  0  0  0  0  0
    2.2098    1.0092    0.0000 C   0  0  0  0  0  0  0  0  0  0  0  0
    4.2723   -1.1343    0.0000 O   0  0  0  0  0  0  0  0  0  0  0  0
    5.9223   -1.1343    0.0000 O   0  0  0  0  0  0  0  0  0  0  0  0
    3.7723   -0.5714    0.0000 H   0  0  0  0  0  0  0  0  0  0  0  0
    5.1848    1.8751    0.0000 H   0  0  0  0  0  0  0  0  0  0  0  0
    6.9903    1.1136    0.0000 H   0  0  0  0  0  0  0  0  0  0  0  0
    9.8043    1.1136    0.0000 H   0  0  0  0  0  0  0  0  0  0  0  0
  1  2  1  0
  3  4  1  0
  4  5  1  0
  6  1  1  0
  5  7  2  0
  6  5  1  0
 10  6  2  0
  7  8  1  0
  9 10  1  0
  2 13  1  0
  2  3  1  0
  3 11  1  0
 11 12  1  0
 12 13  1  0
  8 14  1  0
  9  8  2  0
  9 16  1  0
 14 15  1  0
 15 16  1  0
 13 17  2  0
  1 18  1  6
  4 19  1  1
 20 19  1  1
 18 21  1  0
 18 25  2  0
 21 22  2  0
 22 23  1  0
 23 24  2  0
 24 25  1  0
 24 26  1  0
 26 27  1  0
 22 28  1  0
 28 29  1  0
 23 30  1  0
 30 31  1  0
 31 32  2  0
 31 33  1  0
 31 34  1  0
 20 35  1  0
 39 20  1  0
 35 36  1  0
 37 38  1  0
 38 39  1  0
 36 40  1  0
 37 36  1  0
 37 43  1  0
 40 41  1  0
 41 42  1  0
 42 43  1  0
 42 44  1  6
 38 45  1  1
 39 46  1  6
 37 47  1  1
 36 48  1  6
  3 49  1  6
  2 50  1  1
M  END","InChI=1S/C29H33O16P/c1-11-38-9-20-27(42-11)23(30)24(31)29(43-20)44-25-14-7-17-16(40-10-41-17)6-13(14)21(22-15(25)8-39-28(22)32)12-4-18(36-2)26(19(5-12)37-3)45-46(33,34)35/h4-7,11,15,20-25,27,29-31H,8-10H2,1-3H3,(H2,33,34,35)/t11-,15+,20-,21-,22+,23-,24-,25-,27-,29+/m1/s1",LIQODXNTTZAGID-OCBXBXKTSA-N,COc1cc([C@@H]2c3cc4c(cc3[C@@H](O[C@@H]3O[C@@H]5CO[C@@H](C)O[C@H]5[C@H](O)[C@H]3O)[C@H]3COC(=O)[C@H]23)OCO4)cc(OC)c1OP(=O)(O)O
674702,CHEMBL1200751,MERCAPTOPURINE,INHIBITOR,,CHEMBL2311221,DNA,Astrocytoma,anaplastic astrocytoma,2.0,674702.0,152.18,0.64,4.0,2.0,54.46,0.0,N,0.0,170.2,2.0,10.0,0.43,C5H6N4OS,-0.7,85507995.0,674702.0,153.0,674702.0,"
     RDKit          2D

 11 11  0  0  0  0  0  0  0  0999 V2000
    6.1836   -7.1679    0.0000 O   0  0  0  0  0  0  0  0  0  0  0  0
    6.1836   -5.3017    0.0000 C   0  0  0  0  0  0  0  0  0  0  0  0
    6.9925   -6.3688    0.0000 N   0  0  0  0  0  0  0  0  0  0  0  0
    6.1982   -6.1203    0.0000 C   0  0  0  0  0  0  0  0  0  0  0  0
    5.4673   -4.8924    0.0000 C   0  0  0  0  0  0  0  0  0  0  0  0
    6.9730   -5.0336    0.0000 N   0  0  0  0  0  0  0  0  0  0  0  0
    5.4868   -6.5442    0.0000 N   0  0  0  0  0  0  0  0  0  0  0  0
    7.4700   -5.6964    0.0000 C   0  0  0  0  0  0  0  0  0  0  0  0
    4.7510   -5.3163    0.0000 N   0  0  0  0  0  0  0  0  0  0  0  0
    4.7559   -6.1495    0.0000 C   0  0  0  0  0  0  0  0  0  0  0  0
    5.4527   -4.0591    0.0000 S   0  0  0  0  0  0  0  0  0  0  0  0
  3  4  1  0
  4  2  2  0
  5  2  1  0
  6  2  1  0
  7  4  1  0
  8  6  1  0
  9  5  1  0
 10  9  1  0
 11  5  2  0
  8  3  2  0
 10  7  2  0
M  END
","InChI=1S/C5H4N4S.H2O/c10-5-3-4(7-1-6-3)8-2-9-5;/h1-2H,(H2,6,7,8,9,10);1H2",WFFQYWAAEWLHJC-UHFFFAOYSA-N,O.S=c1[nH]cnc2nc[nH]c12
674747,CHEMBL1200796,CYCLOPHOSPHAMIDE,INHIBITOR,,CHEMBL2311221,DNA,Brain Neoplasms,brain cancer,3.0,674747.0,261.09,1.88,2.0,1.0,41.57,5.0,N,0.0,279.1,0.0,14.0,0.61,C7H17Cl2N2O3P,-0.08,83596694.0,674747.0,1.0,674747.0,"
     RDKit          2D

 15 14  0  0  0  0  0  0  0  0999 V2000
    5.9292   -7.3125    0.0000 O   0  0  0  0  0  0  0  0  0  0  0  0
    5.7042   -5.9417    0.0000 P   0  0  0  0  0  0  0  0  0  0  0  0
    5.6917   -5.2375    0.0000 N   0  0  0  0  0  0  0  0  0  0  0  0
    5.0042   -5.9417    0.0000 N   0  0  0  0  0  0  0  0  0  0  0  0
    6.3167   -6.2917    0.0000 O   0  0  0  0  0  0  0  0  0  0  0  0
    5.4667   -6.6167    0.0000 O   0  0  0  0  0  0  0  0  0  0  0  0
    4.6417   -6.5667    0.0000 C   0  0  0  0  0  0  0  0  0  0  0  0
    4.6417   -5.3417    0.0000 C   0  0  0  0  0  0  0  0  0  0  0  0
    3.5875   -7.1917    0.0000 Cl  0  0  0  0  0  0  0  0  0  0  0  0
    3.5667   -4.7292    0.0000 Cl  0  0  0  0  0  0  0  0  0  0  0  0
    6.3125   -4.8750    0.0000 C   0  0  0  0  0  0  0  0  0  0  0  0
    6.9375   -5.2250    0.0000 C   0  0  0  0  0  0  0  0  0  0  0  0
    6.9375   -5.9292    0.0000 C   0  0  0  0  0  0  0  0  0  0  0  0
    3.9417   -6.5667    0.0000 C   0  0  0  0  0  0  0  0  0  0  0  0
    3.9292   -5.3417    0.0000 C   0  0  0  0  0  0  0  0  0  0  0  0
  3  2  1  0
  4  2  1  0
  5  2  1  0
  6  2  2  0
  7  4  1  0
  8  4  1  0
  9 14  1  0
 10 15  1  0
 11  3  1  0
 12 13  1  0
 13  5  1  0
 14  7  1  0
 15  8  1  0
 12 11  1  0
M  END
","InChI=1S/C7H15Cl2N2O2P.H2O/c8-2-5-11(6-3-9)14(12)10-4-1-7-13-14;/h1-7H2,(H,10,12);1H2",PWOQRKCAHTVFLB-UHFFFAOYSA-N,O.O=P1(N(CCCl)CCCl)NCCCO1
674777,CHEMBL1200826,LITHIUM CARBONATE,INHIBITOR,,CHEMBL1786,Inositol monophosphatase 1,Brain Neoplasms,brain cancer,2.0,674777.0,73.89,,,,,,,,73.89,,,,CLi2O3,,,,,674777.0,"
     RDKit          2D

  6  3  0  0  0  0  0  0  0  0999 V2000
    6.6417   -5.3542    0.0000 Li  0  0  0  0  0 15  0  0  0  0  0  0
    5.3667   -5.0000    0.0000 C   0  0  0  0  0  0  0  0  0  0  0  0
    5.9792   -5.3500    0.0000 O   0  0  0  0  0  0  0  0  0  0  0  0
    4.7500   -5.3542    0.0000 O   0  0  0  0  0  0  0  0  0  0  0  0
    5.3667   -4.2917    0.0000 O   0  0  0  0  0  0  0  0  0  0  0  0
    4.0875   -5.3542    0.0000 Li  0  0  0  0  0 15  0  0  0  0  0  0
  3  2  1  0
  4  2  1  0
  5  2  2  0
M  CHG  4   1   1   3  -1   4  -1   6   1
M  END
","InChI=1S/CH2O3.2Li/c2-1(3)4;;/h(H2,2,3,4);;/q;2*+1/p-2",XGZVUEUWXADBQD-UHFFFAOYSA-L,O=C([O-])[O-].[Li+].[Li+]
674801,CHEMBL1200850,GANCICLOVIR SODIUM,INHIBITOR,,CHEMBL1872,DNA polymerase catalytic subunit,Brain Neoplasms,brain neoplasm,1.0,674801.0,255.23,-1.97,8.0,4.0,139.28,5.0,N,0.0,277.22,2.0,18.0,0.49,C9H12N5NaO4,0.38,,,,674801.0,"
     RDKit          2D

 19 19  0  0  0  0  0  0  0  0999 V2000
   -0.3458   -1.4583    0.0000 Na  0  0  0  0  0 15  0  0  0  0  0  0
   -0.5250   -3.2875    0.0000 C   0  0  0  0  0  0  0  0  0  0  0  0
   -0.5292   -2.5792    0.0000 C   0  0  0  0  0  0  0  0  0  0  0  0
   -1.1458   -3.6458    0.0000 N   0  0  0  0  0  0  0  0  0  0  0  0
    0.1458   -3.5000    0.0000 N   0  0  0  0  0  0  0  0  0  0  0  0
    0.1417   -2.3500    0.0000 N   0  0  0  0  0  0  0  0  0  0  0  0
   -1.7625   -2.5792    0.0000 N   0  0  0  0  0  0  0  0  0  0  0  0
   -1.7625   -3.2875    0.0000 C   0  0  0  0  0  0  0  0  0  0  0  0
   -1.1458   -2.2167    0.0000 C   0  0  0  0  0  0  0  0  0  0  0  0
    0.5625   -2.9250    0.0000 C   0  0  0  0  0  0  0  0  0  0  0  0
    0.1417   -4.2125    0.0000 C   0  0  0  0  0  0  0  0  0  0  0  0
   -1.1458   -1.5083    0.0000 O   0  0  0  0  0  0  0  0  0  0  0  0
   -2.3792   -3.6417    0.0000 N   0  0  0  0  0  0  0  0  0  0  0  0
    0.7542   -4.5750    0.0000 O   0  0  0  0  0  0  0  0  0  0  0  0
    0.7458   -5.2875    0.0000 C   0  0  0  0  0  0  0  0  0  0  0  0
    1.9792   -5.3042    0.0000 O   0  0  0  0  0  0  0  0  0  0  0  0
   -0.4875   -5.2750    0.0000 O   0  0  0  0  0  0  0  0  0  0  0  0
    0.1250   -5.6333    0.0000 C   0  0  0  0  0  0  0  0  0  0  0  0
    1.3583   -5.6500    0.0000 C   0  0  0  0  0  0  0  0  0  0  0  0
  3  2  2  0
  4  2  1  0
  5  2  1  0
  6  3  1  0
  7  9  2  0
  8  4  2  0
  9  3  1  0
 10  5  1  0
 11  5  1  0
 12  9  1  0
 13  8  1  0
 14 11  1  0
 15 14  1  0
 16 19  1  0
 17 18  1  0
 18 15  1  0
 19 15  1  0
  6 10  2  0
  8  7  1  0
M  CHG  2   1   1  12  -1
M  END","InChI=1S/C9H13N5O4.Na/c10-9-12-7-6(8(17)13-9)11-3-14(7)4-18-5(1-15)2-16;/h3,5,15-16H,1-2,4H2,(H3,10,12,13,17);/q;+1/p-1",JJICLMJFIKGAAU-UHFFFAOYSA-M,Nc1nc([O-])c2ncn(COC(CO)CO)c2n1.[Na+]
674814,CHEMBL1200863,MELPHALAN HYDROCHLORIDE,INHIBITOR,,CHEMBL2311221,DNA,Paraganglioma,Paraganglioma,1.0,674814.0,305.21,1.93,3.0,2.0,66.56,8.0,N,0.0,341.67,1.0,19.0,0.72,C13H19Cl3N2O2,-0.07,83596696.0,674814.0,1.0,674814.0,"
     RDKit          2D

 20 19  0  0  0  0  0  0  0  0999 V2000
    7.1417   -7.6042    0.0000 Cl  0  0  0  0  0  0  0  0  0  0  0  0
    6.6042   -5.2000    0.0000 C   0  0  0  0  0  0  0  0  0  0  0  0
    5.9917   -5.5583    0.0000 C   0  0  0  0  0  0  0  0  0  0  0  0
    3.5417   -6.2750    0.0000 C   0  0  0  0  0  0  0  0  0  0  0  0
    2.9292   -6.6292    0.0000 N   0  0  0  0  0  0  0  0  0  0  0  0
    6.6042   -4.4917    0.0000 O   0  0  0  0  0  0  0  0  0  0  0  0
    5.3792   -5.2042    0.0000 C   0  0  0  0  0  0  0  0  0  0  0  0
    4.1542   -6.6292    0.0000 C   0  0  0  0  0  0  0  0  0  0  0  0
    3.5417   -5.5625    0.0000 C   0  0  0  0  0  0  0  0  0  0  0  0
    4.7667   -5.5625    0.0000 C   0  0  0  0  0  0  0  0  0  0  0  0
    5.9958   -6.2667    0.0000 N   0  0  0  0  0  0  0  0  0  0  0  0
    7.2208   -5.5542    0.0000 O   0  0  0  0  0  0  0  0  0  0  0  0
    4.1542   -5.2083    0.0000 C   0  0  0  0  0  0  0  0  0  0  0  0
    4.7667   -6.2750    0.0000 C   0  0  0  0  0  0  0  0  0  0  0  0
    1.0875   -6.2750    0.0000 Cl  0  0  0  0  0  0  0  0  0  0  0  0
    1.7000   -7.3375    0.0000 Cl  0  0  0  0  0  0  0  0  0  0  0  0
    2.9292   -7.3375    0.0000 C   0  0  0  0  0  0  0  0  0  0  0  0
    2.3125   -6.2750    0.0000 C   0  0  0  0  0  0  0  0  0  0  0  0
    2.3125   -7.6917    0.0000 C   0  0  0  0  0  0  0  0  0  0  0  0
    1.7000   -6.6292    0.0000 C   0  0  0  0  0  0  0  0  0  0  0  0
  3  2  1  0
  4  9  2  0
  5  4  1  0
  6  2  2  0
  7  3  1  0
  8 14  2  0
  9 13  1  0
 10  7  1  0
  3 11  1  1
 12  2  1  0
 13 10  2  0
 14 10  1  0
 15 20  1  0
 16 19  1  0
 17  5  1  0
 18  5  1  0
 19 17  1  0
 20 18  1  0
  8  4  1  0
M  END
","InChI=1S/C13H18Cl2N2O2.ClH/c14-5-7-17(8-6-15)11-3-1-10(2-4-11)9-12(16)13(18)19;/h1-4,12H,5-9,16H2,(H,18,19);1H/t12-;/m0./s1",OUUYBRCCFUEMLH-YDALLXLXSA-N,Cl.N[C@@H](Cc1ccc(N(CCCl)CCCl)cc1)C(=O)O
675080,CHEMBL1201129,DECITABINE,INHIBITOR,,CHEMBL1992,DNA (cytosine-5)-methyltransferase 3A,Paraganglioma,Paraganglioma,1.0,675080.0,228.21,-2.14,8.0,3.0,123.49,2.0,N,0.0,228.21,1.0,16.0,0.53,C8H12N4O4,1.11,,,,675080.0,"
     RDKit          2D

 17 18  0  0  0  0  0  0  0  0999 V2000
    0.9708   -2.4625    0.0000 N   0  0  0  0  0  0  0  0  0  0  0  0
    0.9708   -3.1708    0.0000 C   0  0  0  0  0  0  0  0  0  0  0  0
    1.5829   -3.5250    0.0000 N   0  0  0  0  0  0  0  0  0  0  0  0
    2.1949   -3.1708    0.0000 C   0  0  0  0  0  0  0  0  0  0  0  0
    2.1949   -2.4625    0.0000 N   0  0  0  0  0  0  0  0  0  0  0  0
    1.5829   -2.1083    0.0000 C   0  0  0  0  0  0  0  0  0  0  0  0
    0.6583   -5.0250    0.0000 C   0  0  0  0  0  0  0  0  0  0  0  0
    1.3666   -5.0250    0.0000 C   0  0  0  0  0  0  0  0  0  0  0  0
    1.5859   -4.3534    0.0000 C   0  0  0  0  0  0  0  0  0  0  0  0
    1.0125   -3.9333    0.0000 O   0  0  0  0  0  0  0  0  0  0  0  0
    0.4391   -4.3534    0.0000 C   0  0  0  0  0  0  0  0  0  0  0  0
   -0.1792   -3.9958    0.0000 C   0  0  0  0  0  0  0  0  0  0  0  0
   -0.7929   -4.3495    0.0000 O   0  0  0  0  0  0  0  0  0  0  0  0
    2.1958   -4.7042    0.0000 H   0  0  0  0  0  0  0  0  0  0  0  0
    0.2423   -5.5984    0.0000 O   0  0  0  0  0  0  0  0  0  0  0  0
    1.5829   -1.4000    0.0000 N   0  0  0  0  0  0  0  0  0  0  0  0
    2.8085   -3.5247    0.0000 O   0  0  0  0  0  0  0  0  0  0  0  0
  2  3  1  0
  3  4  1  0
  8  9  1  0
  9 10  1  0
 10 11  1  0
 11  7  1  0
  4  5  1  0
 11 12  1  1
  5  6  2  0
 12 13  1  0
  9  3  1  0
  7  8  1  0
  9 14  1  6
  7 15  1  6
  1  2  2  0
  6 16  1  0
  1  6  1  0
  4 17  2  0
M  END","InChI=1S/C8H12N4O4/c9-7-10-3-12(8(15)11-7)6-1-4(14)5(2-13)16-6/h3-6,13-14H,1-2H2,(H2,9,11,15)/t4-,5+,6+/m0/s1",XAUDJQYHKZQPEU-KVQBGUIXSA-N,Nc1ncn([C@H]2C[C@H](O)[C@@H](CO)O2)c(=O)n1
675133,CHEMBL1201182,TEMSIROLIMUS,INHIBITOR,,CHEMBL1902,Peptidyl-prolyl cis-trans isomerase FKBP1A,Glioblastoma,adult glioblastoma,2.0,675133.0,1030.3,,,,,,,,1030.3,,,,C56H87NO16,,,,,675133.0,"
     RDKit          2D

 76 79  0  0  0  0  0  0  0  0999 V2000
    8.8583   -3.5250    0.0000 C   0  0  0  0  0  0  0  0  0  0  0  0
    8.2458   -3.8792    0.0000 C   0  0  0  0  0  0  0  0  0  0  0  0
    9.4708   -5.9875    0.0000 C   0  0  0  0  0  0  0  0  0  0  0  0
    9.4708   -6.6917    0.0000 C   0  0  0  0  0  0  0  0  0  0  0  0
   10.0833   -7.0417    0.0000 C   0  0  0  0  0  0  0  0  0  0  0  0
   10.0833   -7.7458    0.0000 C   0  0  0  0  0  0  0  0  0  0  0  0
   10.6958   -8.0958    0.0000 C   0  0  0  0  0  0  0  0  0  0  0  0
    8.8583   -4.9333    0.0000 O   0  0  0  0  0  0  0  0  0  0  0  0
    8.2458   -4.5833    0.0000 C   0  0  0  0  0  0  0  0  0  0  0  0
    7.6398   -4.9368    0.0000 C   0  0  0  0  0  0  0  0  0  0  0  0
    7.6410   -5.6417    0.0000 C   0  0  0  0  0  0  0  0  0  0  0  0
    8.2535   -5.9917    0.0000 C   0  0  0  0  0  0  0  0  0  0  0  0
    8.8648   -5.6368    0.0000 C   0  0  0  0  0  0  0  0  0  0  0  0
    7.6323   -3.5252    0.0000 O   0  0  0  0  0  0  0  0  0  0  0  0
    9.4719   -3.8790    0.0000 O   0  0  0  0  0  0  0  0  0  0  0  0
   10.0852   -2.8167    0.0000 C   0  0  0  0  0  0  0  0  0  0  0  0
   10.6986   -2.4625    0.0000 O   0  0  0  0  0  0  0  0  0  0  0  0
   10.0852   -3.5250    0.0000 O   0  0  0  0  0  0  0  0  0  0  0  0
    8.8583   -2.8167    0.0000 N   0  0  0  0  0  0  0  0  0  0  0  0
    9.4718   -2.4625    0.0000 C   0  0  0  0  0  0  0  0  0  0  0  0
    9.4718   -1.7581    0.0000 C   0  0  0  0  0  0  0  0  0  0  0  0
    8.8598   -1.4025    0.0000 C   0  0  0  0  0  0  0  0  0  0  0  0
    8.2463   -1.7566    0.0000 C   0  0  0  0  0  0  0  0  0  0  0  0
    8.2449   -2.4664    0.0000 C   0  0  0  0  0  0  0  0  0  0  0  0
   11.3121   -2.8167    0.0000 C   0  0  0  0  0  0  0  0  0  0  0  0
   11.9255   -2.4625    0.0000 C   0  0  0  0  0  0  0  0  0  0  0  0
   11.3121   -3.5250    0.0000 C   0  0  0  0  0  0  0  0  0  0  0  0
   11.9255   -3.8792    0.0000 C   0  0  0  0  0  0  0  0  0  0  0  0
   11.9255   -4.5875    0.0000 C   0  0  0  0  0  0  0  0  0  0  0  0
   12.5389   -3.5250    0.0000 O   0  0  0  0  0  0  0  0  0  0  0  0
   12.5389   -4.9417    0.0000 C   0  0  0  0  0  0  0  0  0  0  0  0
   12.5389   -5.6500    0.0000 C   0  0  0  0  0  0  0  0  0  0  0  0
   13.1524   -6.0042    0.0000 C   0  0  0  0  0  0  0  0  0  0  0  0
   11.9255   -6.0042    0.0000 C   0  0  0  0  0  0  0  0  0  0  0  0
   13.1524   -6.7125    0.0000 C   0  0  0  0  0  0  0  0  0  0  0  0
   13.7658   -7.0667    0.0000 C   0  0  0  0  0  0  0  0  0  0  0  0
   13.7658   -7.7750    0.0000 C   0  0  0  0  0  0  0  0  0  0  0  0
   10.6960   -6.6861    0.0000 C   0  0  0  0  0  0  0  0  0  0  0  0
   10.6990   -8.8042    0.0000 C   0  0  0  0  0  0  0  0  0  0  0  0
   11.3140   -9.1556    0.0000 C   0  0  0  0  0  0  0  0  0  0  0  0
   11.9258   -8.7987    0.0000 C   0  0  0  0  0  0  0  0  0  0  0  0
   12.6333   -8.7958    0.0000 C   0  0  0  0  0  0  0  0  0  0  0  0
   13.0125   -8.1208    0.0000 C   0  0  0  0  0  0  0  0  0  0  0  0
   14.3621   -8.1574    0.0000 C   0  0  0  0  0  0  0  0  0  0  0  0
   12.9923   -9.4064    0.0000 C   0  0  0  0  0  0  0  0  0  0  0  0
   12.5389   -7.0667    0.0000 O   0  0  0  0  0  0  0  0  0  0  0  0
    8.8582   -7.0472    0.0000 O   0  0  0  0  0  0  0  0  0  0  0  0
    7.0253   -4.5845    0.0000 C   0  0  0  0  0  0  0  0  0  0  0  0
    8.8583   -4.2250    0.0000 O   0  0  0  0  0  0  0  0  0  0  0  0
    8.8655   -6.6368    0.0000 H   0  0  0  0  0  0  0  0  0  0  0  0
   13.7658   -5.6500    0.0000 O   0  0  0  0  0  0  0  0  0  0  0  0
   14.3792   -6.7125    0.0000 O   0  0  0  0  0  0  0  0  0  0  0  0
   11.9255   -1.7542    0.0000 C   0  0  0  0  0  0  0  0  0  0  0  0
   12.5389   -1.4000    0.0000 C   0  0  0  0  0  0  0  0  0  0  0  0
   13.1482   -1.7553    0.0000 C   0  0  0  0  0  0  0  0  0  0  0  0
   13.7598   -1.4041    0.0000 C   0  0  0  0  0  0  0  0  0  0  0  0
   13.7634   -0.6955    0.0000 C   0  0  0  0  0  0  0  0  0  0  0  0
   13.1501   -0.3394    0.0000 C   0  0  0  0  0  0  0  0  0  0  0  0
   12.5332   -0.6920    0.0000 C   0  0  0  0  0  0  0  0  0  0  0  0
   12.5389   -2.8167    0.0000 C   0  0  0  0  0  0  0  0  0  0  0  0
   14.3782   -0.3436    0.0000 O   0  0  0  0  0  0  0  0  0  0  0  0
   14.3719   -1.7606    0.0000 O   0  0  0  0  0  0  0  0  0  0  0  0
   14.9866   -1.4087    0.0000 C   0  0  0  0  0  0  0  0  0  0  0  0
   11.3121   -4.9417    0.0000 C   0  0  0  0  0  0  0  0  0  0  0  0
   11.9255   -6.7125    0.0000 C   0  0  0  0  0  0  0  0  0  0  0  0
    8.2440   -6.6944    0.0000 C   0  0  0  0  0  0  0  0  0  0  0  0
   14.3809    0.3647    0.0000 C   0  0  0  0  0  0  0  0  0  0  0  0
   14.9956    0.7165    0.0000 C   0  0  0  0  0  0  0  0  0  0  0  0
   13.7688    0.7212    0.0000 O   0  0  0  0  0  0  0  0  0  0  0  0
   15.6077    0.3601    0.0000 C   0  0  0  0  0  0  0  0  0  0  0  0
   14.6333    1.3333    0.0000 C   0  0  0  0  0  0  0  0  0  0  0  0
   13.9250    1.3280    0.0000 O   0  0  0  0  0  0  0  0  0  0  0  0
   15.3417    1.3333    0.0000 C   0  0  0  0  0  0  0  0  0  0  0  0
   16.0499    1.3421    0.0000 O   0  0  0  0  0  0  0  0  0  0  0  0
   10.4461   -3.3167    0.0000 H   0  0  0  0  0  0  0  0  0  0  0  0
   10.3378   -1.9625    0.0000 H   0  0  0  0  0  0  0  0  0  0  0  0
  5 38  1  0
 19 20  1  0
  7 39  2  0
 39 40  1  0
  3  4  1  0
 40 41  2  0
  1  2  1  0
 41 42  1  0
  4  5  1  0
 42 43  1  0
 43 37  1  0
  2  9  1  0
 37 44  1  6
  8 13  1  0
 42 45  1  6
 19 24  1  0
 35 46  1  6
 20 21  1  0
 21 22  1  0
  4 47  1  1
 22 23  1  0
 10 48  1  1
 23 24  1  0
  9 49  1  1
  9 10  1  0
 13 50  1  1
 17 25  1  0
 33 51  1  1
 10 11  1  0
 36 52  2  0
 25 26  1  0
 26 53  1  0
 11 12  1  0
 54 53  1  6
 54 55  1  0
 25 27  1  0
 12 13  1  0
 27 28  1  0
  5  6  2  0
 28 29  1  0
 54 59  1  0
 55 56  1  0
 56 57  1  0
 57 58  1  0
 58 59  1  0
  2 14  2  0
 26 60  1  1
 28 30  2  0
 19  1  1  0
 29 31  1  0
 57 61  1  1
  1 15  2  0
 56 62  1  6
 31 32  2  0
 62 63  1  0
  6  7  1  0
 29 64  1  1
 32 33  1  0
 46 65  1  0
 20 16  1  0
 47 66  1  0
 32 34  1  0
 61 67  1  0
  8  9  1  0
 67 68  1  0
 33 35  1  0
 67 69  2  0
 16 17  1  0
 68 70  1  0
 35 36  1  0
 68 71  1  0
 13  3  1  0
 71 72  1  0
 36 37  1  0
 68 73  1  0
 16 18  2  0
 73 74  1  0
 25 75  1  1
 20 76  1  6
M  END
","InChI=1S/C56H87NO16/c1-33-17-13-12-14-18-34(2)45(68-9)29-41-22-20-39(7)56(67,73-41)51(63)52(64)57-24-16-15-19-42(57)53(65)71-46(30-43(60)35(3)26-38(6)49(62)50(70-11)48(61)37(5)25-33)36(4)27-40-21-23-44(47(28-40)69-10)72-54(66)55(8,31-58)32-59/h12-14,17-18,26,33,35-37,39-42,44-47,49-50,58-59,62,67H,15-16,19-25,27-32H2,1-11H3/b14-12+,17-13+,34-18+,38-26+/t33-,35-,36-,37-,39-,40+,41+,42+,44-,45+,46+,47-,49-,50+,56-/m1/s1",CBPNZQVSJQDFBE-FUXHJELOSA-N,CO[C@H]1C[C@@H]2CC[C@@H](C)[C@@](O)(O2)C(=O)C(=O)N2CCCC[C@H]2C(=O)O[C@H]([C@H](C)C[C@@H]2CC[C@@H](OC(=O)C(C)(CO)CO)[C@H](OC)C2)CC(=O)[C@H](C)/C=C(\C)[C@@H](O)[C@@H](OC)C(=O)[C@H](C)C[C@H](C)/C=C/C=C/C=C/1C
675143,CHEMBL1201192,ARMODAFINIL,INHIBITOR,,CHEMBL238,Sodium-dependent dopamine transporter,Glioma,malignant glioma,2.0,675143.0,273.36,2.01,2.0,1.0,66.15,5.0,N,0.0,273.36,2.0,19.0,0.85,C15H15NO2S,-0.24,83670610.0,675143.0,18.0,675143.0,"
     RDKit          2D

 19 20  0  0  0  0  0  0  0  0999 V2000
    2.3208   -0.5125    0.0000 S   0  0  0  0  0  0  0  0  0  0  0  0
    3.0500   -0.9250    0.0000 C   0  0  0  0  0  0  0  0  0  0  0  0
    1.6208   -0.9250    0.0000 C   0  0  0  0  0  0  0  0  0  0  0  0
    3.7583   -0.5125    0.0000 C   0  0  0  0  0  0  0  0  0  0  0  0
    2.3167    0.3125    0.0000 O   0  0  0  0  0  0  0  0  0  0  0  0
    3.7583    0.3125    0.0000 O   0  0  0  0  0  0  0  0  0  0  0  0
    0.8542   -0.5125    0.0000 C   0  0  0  0  0  0  0  0  0  0  0  0
    1.6083   -1.7542    0.0000 C   0  0  0  0  0  0  0  0  0  0  0  0
    4.4792   -0.9250    0.0000 N   0  0  0  0  0  0  0  0  0  0  0  0
    2.3083   -2.1708    0.0000 C   0  0  0  0  0  0  0  0  0  0  0  0
    0.8833   -2.1708    0.0000 C   0  0  0  0  0  0  0  0  0  0  0  0
    0.1500   -0.9250    0.0000 C   0  0  0  0  0  0  0  0  0  0  0  0
    0.8542    0.3125    0.0000 C   0  0  0  0  0  0  0  0  0  0  0  0
   -0.5792   -0.5125    0.0000 C   0  0  0  0  0  0  0  0  0  0  0  0
    0.1500    0.7208    0.0000 C   0  0  0  0  0  0  0  0  0  0  0  0
    2.3083   -2.9917    0.0000 C   0  0  0  0  0  0  0  0  0  0  0  0
    0.8833   -2.9917    0.0000 C   0  0  0  0  0  0  0  0  0  0  0  0
    1.6083   -3.4167    0.0000 C   0  0  0  0  0  0  0  0  0  0  0  0
   -0.5792    0.3125    0.0000 C   0  0  0  0  0  0  0  0  0  0  0  0
  2  1  1  0
  1  3  1  6
  4  2  1  0
  5  1  1  0
  6  4  2  0
  7  3  1  0
  8  3  1  0
  9  4  1  0
 10  8  1  0
 11  8  2  0
 12  7  1  0
 13  7  2  0
 14 12  2  0
 15 13  1  0
 16 10  2  0
 17 11  1  0
 18 17  2  0
 19 14  1  0
 15 19  2  0
 16 18  1  0
M  CHG  2   1   1   5  -1
M  END
","InChI=1S/C15H15NO2S/c16-14(17)11-19(18)15(12-7-3-1-4-8-12)13-9-5-2-6-10-13/h1-10,15H,11H2,(H2,16,17)/t19-/m1/s1",YFGHCGITMMYXAQ-LJQANCHMSA-N,NC(=O)C[S@@+]([O-])C(c1ccccc1)c1ccccc1
675684,CHEMBL1201733,PAZOPANIB HYDROCHLORIDE,INHIBITOR,,CHEMBL1844,Macrophage colony-stimulating factor 1 receptor,Glioblastoma,adult glioblastoma,2.0,675684.0,437.53,3.14,8.0,2.0,119.03,5.0,N,0.0,473.99,4.0,31.0,0.49,C21H24ClN7O2S,-1.7,87683222.0,675684.0,1056.0,675684.0,"
     RDKit          2D

 32 34  0  0  0  0  0  0  0  0999 V2000
    9.2000   -5.4292    0.0000 Cl  0  0  0  0  0  0  0  0  0  0  0  0
    4.8500   -3.1792    0.0000 C   0  0  0  0  0  0  0  0  0  0  0  0
    4.8500   -4.0042    0.0000 C   0  0  0  0  0  0  0  0  0  0  0  0
    6.9917   -6.8917    0.0000 S   0  0  0  0  0  0  0  0  0  0  0  0
    5.6375   -4.2542    0.0000 N   0  0  0  0  0  0  0  0  0  0  0  0
    6.1167   -3.5917    0.0000 N   0  0  0  0  0  0  0  0  0  0  0  0
    3.4250   -5.6542    0.0000 N   0  0  0  0  0  0  0  0  0  0  0  0
    5.6375   -2.9292    0.0000 C   0  0  0  0  0  0  0  0  0  0  0  0
    4.1375   -4.4167    0.0000 C   0  0  0  0  0  0  0  0  0  0  0  0
    3.4167   -4.0042    0.0000 C   0  0  0  0  0  0  0  0  0  0  0  0
    2.7042   -5.2417    0.0000 C   0  0  0  0  0  0  0  0  0  0  0  0
    3.4250   -6.4792    0.0000 C   0  0  0  0  0  0  0  0  0  0  0  0
    6.2792   -6.4792    0.0000 C   0  0  0  0  0  0  0  0  0  0  0  0
    4.1375   -2.7667    0.0000 C   0  0  0  0  0  0  0  0  0  0  0  0
    2.7042   -4.4167    0.0000 N   0  0  0  0  0  0  0  0  0  0  0  0
    3.4167   -3.1792    0.0000 C   0  0  0  0  0  0  0  0  0  0  0  0
    5.5667   -6.8917    0.0000 C   0  0  0  0  0  0  0  0  0  0  0  0
    4.1375   -6.8917    0.0000 N   0  0  0  0  0  0  0  0  0  0  0  0
    2.7042   -6.8917    0.0000 N   0  0  0  0  0  0  0  0  0  0  0  0
    7.7042   -7.3042    0.0000 O   0  0  0  0  0  0  0  0  0  0  0  0
    6.2792   -7.3042    0.0000 O   0  0  0  0  0  0  0  0  0  0  0  0
    1.9917   -5.6542    0.0000 C   0  0  0  0  0  0  0  0  0  0  0  0
    4.8542   -6.4792    0.0000 C   0  0  0  0  0  0  0  0  0  0  0  0
    7.7042   -6.4792    0.0000 N   0  0  0  0  0  0  0  0  0  0  0  0
    6.2792   -5.6542    0.0000 C   0  0  0  0  0  0  0  0  0  0  0  0
    5.5667   -5.2417    0.0000 C   0  0  0  0  0  0  0  0  0  0  0  0
    1.9917   -6.4792    0.0000 C   0  0  0  0  0  0  0  0  0  0  0  0
    6.9417   -3.5917    0.0000 C   0  0  0  0  0  0  0  0  0  0  0  0
    4.8542   -5.6542    0.0000 C   0  0  0  0  0  0  0  0  0  0  0  0
    5.8917   -2.1417    0.0000 C   0  0  0  0  0  0  0  0  0  0  0  0
    1.9917   -4.0042    0.0000 C   0  0  0  0  0  0  0  0  0  0  0  0
    6.9917   -5.2417    0.0000 C   0  0  0  0  0  0  0  0  0  0  0  0
  3  2  1  0
  4 13  1  0
  5  3  2  0
  6  8  1  0
  7 11  2  0
  8  2  2  0
  9  3  1  0
 10 16  1  0
 11 15  1  0
 12  7  1  0
 13 17  1  0
 14  2  1  0
 15 10  1  0
 16 14  2  0
 17 23  2  0
 18 12  1  0
 19 27  1  0
 20  4  2  0
 21  4  2  0
 22 11  1  0
 23 18  1  0
 24  4  1  0
 25 26  1  0
 26 29  2  0
 27 22  2  0
 28  6  1  0
 29 23  1  0
 30  8  1  0
 31 15  1  0
 32 25  1  0
  6  5  1  0
  9 10  2  0
 12 19  2  0
 25 13  2  0
M  END
","InChI=1S/C21H23N7O2S.ClH/c1-13-5-6-15(11-19(13)31(22,29)30)24-21-23-10-9-20(25-21)27(3)16-7-8-17-14(2)28(4)26-18(17)12-16;/h5-12H,1-4H3,(H2,22,29,30)(H,23,24,25);1H",MQHIQUBXFFAOMK-UHFFFAOYSA-N,Cc1ccc(Nc2nccc(N(C)c3ccc4c(C)n(C)nc4c3)n2)cc1S(N)(=O)=O.Cl
675685,CHEMBL1201734,BENDAMUSTINE HYDROCHLORIDE,INHIBITOR,,CHEMBL2311221,DNA,Astrocytoma,anaplastic astrocytoma,2.0,675685.0,358.27,3.26,4.0,1.0,58.36,9.0,N,0.0,394.73,2.0,23.0,0.7,C16H22Cl3N3O2,-1.09,83596708.0,675685.0,1.0,675685.0,"
     RDKit          2D

 24 24  0  0  0  0  0  0  0  0999 V2000
    7.2042   -7.9625    0.0000 Cl  0  0  0  0  0  0  0  0  0  0  0  0
    6.7292   -6.4042    0.0000 N   0  0  0  0  0  0  0  0  0  0  0  0
    6.7292   -5.0667    0.0000 N   0  0  0  0  0  0  0  0  0  0  0  0
    7.2125   -5.7375    0.0000 C   0  0  0  0  0  0  0  0  0  0  0  0
    5.9417   -6.1500    0.0000 C   0  0  0  0  0  0  0  0  0  0  0  0
    5.9417   -5.3250    0.0000 C   0  0  0  0  0  0  0  0  0  0  0  0
    5.2292   -6.5625    0.0000 C   0  0  0  0  0  0  0  0  0  0  0  0
    4.5167   -6.1500    0.0000 C   0  0  0  0  0  0  0  0  0  0  0  0
    5.2292   -4.9125    0.0000 C   0  0  0  0  0  0  0  0  0  0  0  0
    9.6875   -4.3083    0.0000 C   0  0  0  0  0  0  0  0  0  0  0  0
    3.8000   -6.5625    0.0000 N   0  0  0  0  0  0  0  0  0  0  0  0
    4.5167   -5.3250    0.0000 C   0  0  0  0  0  0  0  0  0  0  0  0
    9.2750   -3.5958    0.0000 O   0  0  0  0  0  0  0  0  0  0  0  0
    8.0375   -5.7375    0.0000 C   0  0  0  0  0  0  0  0  0  0  0  0
    6.9833   -4.2875    0.0000 C   0  0  0  0  0  0  0  0  0  0  0  0
   10.5083   -4.3083    0.0000 O   0  0  0  0  0  0  0  0  0  0  0  0
    1.6583   -6.1500    0.0000 Cl  0  0  0  0  0  0  0  0  0  0  0  0
    3.0875   -8.6250    0.0000 Cl  0  0  0  0  0  0  0  0  0  0  0  0
    8.4500   -5.0208    0.0000 C   0  0  0  0  0  0  0  0  0  0  0  0
    9.2750   -5.0208    0.0000 C   0  0  0  0  0  0  0  0  0  0  0  0
    3.8000   -7.3833    0.0000 C   0  0  0  0  0  0  0  0  0  0  0  0
    3.0875   -6.1500    0.0000 C   0  0  0  0  0  0  0  0  0  0  0  0
    3.0875   -7.8000    0.0000 C   0  0  0  0  0  0  0  0  0  0  0  0
    2.3708   -6.5625    0.0000 C   0  0  0  0  0  0  0  0  0  0  0  0
  3  4  1  0
  4  2  2  0
  5  2  1  0
  6  5  1  0
  7  5  2  0
  8  7  1  0
  9  6  2  0
 10 20  1  0
 11  8  1  0
 12  8  2  0
 13 10  2  0
 14  4  1  0
 15  3  1  0
 16 10  1  0
 17 24  1  0
 18 23  1  0
 19 14  1  0
 20 19  1  0
 21 11  1  0
 22 11  1  0
 23 21  1  0
 24 22  1  0
  3  6  1  0
  9 12  1  0
M  END
","InChI=1S/C16H21Cl2N3O2.ClH/c1-20-14-6-5-12(21(9-7-17)10-8-18)11-13(14)19-15(20)3-2-4-16(22)23;/h5-6,11H,2-4,7-10H2,1H3,(H,22,23);1H",ZHSKUOZOLHMKEA-UHFFFAOYSA-N,Cl.Cn1c(CCCC(=O)O)nc2cc(N(CCCl)CCCl)ccc21
675699,CHEMBL1201748,CABAZITAXEL,INHIBITOR,Beta tubulin paclitaxel binding site,CHEMBL2095182,Tubulin,Glioblastoma,glioblastoma multiforme,2.0,675699.0,835.94,4.57,14.0,3.0,202.45,10.0,N,2.0,835.94,2.0,60.0,0.17,C45H57NO14,1.81,83826237.0,675699.0,56.0,675699.0,"
     RDKit          2D

 62 67  0  0  0  0  0  0  0  0999 V2000
   -4.5080    0.8250    0.0000 C   0  0  0  0  0  0  0  0  0  0  0  0
   -5.2225    0.4125    0.0000 C   0  0  0  0  0  0  0  0  0  0  0  0
   -5.2225   -0.4125    0.0000 C   0  0  0  0  0  0  0  0  0  0  0  0
   -4.5080   -0.8250    0.0000 C   0  0  0  0  0  0  0  0  0  0  0  0
   -3.7936   -0.4125    0.0000 C   0  0  0  0  0  0  0  0  0  0  0  0
   -3.7936    0.4125    0.0000 C   0  0  0  0  0  0  0  0  0  0  0  0
   -3.0791   -0.8250    0.0000 C   0  0  0  0  0  0  0  0  0  0  0  0
   -3.6625   -1.4084    0.0000 N   0  0  0  0  0  0  0  0  0  0  0  0
   -2.3646   -0.4125    0.0000 C   0  0  0  0  0  0  0  0  0  0  0  0
   -2.7771    0.3020    0.0000 O   0  0  0  0  0  0  0  0  0  0  0  0
   -1.6502   -0.8250    0.0000 C   0  0  0  0  0  0  0  0  0  0  0  0
   -1.6502   -1.6500    0.0000 O   0  0  0  0  0  0  0  0  0  0  0  0
   -0.9357   -0.4125    0.0000 O   0  0  0  0  0  0  0  0  0  0  0  0
   -0.2212   -0.8250    0.0000 C   0  0  0  0  0  0  0  0  0  0  0  0
    0.1913   -1.5395    0.0000 C   0  0  0  0  0  0  0  0  0  0  0  0
    1.0163   -1.5395    0.0000 C   0  0  0  0  0  0  0  0  0  0  0  0
    1.4288   -0.8250    0.0000 C   0  0  0  0  0  0  0  0  0  0  0  0
    1.0163   -0.1105    0.0000 C   0  0  0  0  0  0  0  0  0  0  0  0
    0.1913   -0.1105    0.0000 C   0  0  0  0  0  0  0  0  0  0  0  0
   -0.3921    0.4728    0.0000 C   0  0  0  0  0  0  0  0  0  0  0  0
    1.2298    0.6863    0.0000 C   0  0  0  0  0  0  0  0  0  0  0  0
    1.0163    1.4832    0.0000 O   0  0  0  0  0  0  0  0  0  0  0  0
    2.0548    0.6863    0.0000 C   0  0  0  0  0  0  0  0  0  0  0  0
    2.7693    0.2738    0.0000 C   0  0  0  0  0  0  0  0  0  0  0  0
    3.4838    0.6864    0.0000 C   0  0  0  0  0  0  0  0  0  0  0  0
    2.7693   -0.5512    0.0000 C   0  0  0  0  0  0  0  0  0  0  0  0
    3.4838   -0.9637    0.0000 C   0  0  0  0  0  0  0  0  0  0  0  0
    4.1982   -0.5512    0.0000 C   0  0  0  0  0  0  0  0  0  0  0  0
    4.1982    0.2738    0.0000 C   0  0  0  0  0  0  0  0  0  0  0  0
    1.8413    1.4832    0.0000 O   0  0  0  0  0  0  0  0  0  0  0  0
    2.7693    1.0988    0.0000 C   0  0  0  0  0  0  0  0  0  0  0  0
    3.4838    1.5114    0.0000 O   0  0  0  0  0  0  0  0  0  0  0  0
    4.7816   -1.1345    0.0000 O   0  0  0  0  0  0  0  0  0  0  0  0
    4.0671   -1.5470    0.0000 C   0  0  0  0  0  0  0  0  0  0  0  0
    2.9004   -1.5470    0.0000 O   0  0  0  0  0  0  0  0  0  0  0  0
    2.9004   -2.3720    0.0000 C   0  0  0  0  0  0  0  0  0  0  0  0
    3.6149   -2.7845    0.0000 C   0  0  0  0  0  0  0  0  0  0  0  0
    2.3170   -2.9554    0.0000 O   0  0  0  0  0  0  0  0  0  0  0  0
    1.8413   -0.1105    0.0000 C   0  0  0  0  0  0  0  0  0  0  0  0
    2.2257   -0.6115    0.0000 C   0  0  0  0  0  0  0  0  0  0  0  0
    2.3568   -1.2656    0.0000 C   0  0  0  0  0  0  0  0  0  0  0  0
    1.7734   -1.8490    0.0000 O   0  0  0  0  0  0  0  0  0  0  0  0
    0.8028   -2.3364    0.0000 O   0  0  0  0  0  0  0  0  0  0  0  0
    1.3609   -2.5635    0.0000 C   0  0  0  0  0  0  0  0  0  0  0  0
    1.8029   -3.1822    0.0000 O   0  0  0  0  0  0  0  0  0  0  0  0
    0.6465   -2.9760    0.0000 C   0  0  0  0  0  0  0  0  0  0  0  0
   -0.0680   -2.5635    0.0000 C   0  0  0  0  0  0  0  0  0  0  0  0
   -0.7825   -2.9760    0.0000 C   0  0  0  0  0  0  0  0  0  0  0  0
   -0.7825   -3.8010    0.0000 C   0  0  0  0  0  0  0  0  0  0  0  0
   -0.0680   -4.2135    0.0000 C   0  0  0  0  0  0  0  0  0  0  0  0
    0.6465   -3.8010    0.0000 C   0  0  0  0  0  0  0  0  0  0  0  0
   -3.8760   -2.2053    0.0000 C   0  0  0  0  0  0  0  0  0  0  0  0
   -3.0510   -2.2053    0.0000 O   0  0  0  0  0  0  0  0  0  0  0  0
   -3.4635   -2.9197    0.0000 O   0  0  0  0  0  0  0  0  0  0  0  0
   -3.4635   -3.7447    0.0000 C   0  0  0  0  0  0  0  0  0  0  0  0
   -4.1780   -4.1572    0.0000 C   0  0  0  0  0  0  0  0  0  0  0  0
   -2.6666   -3.5312    0.0000 C   0  0  0  0  0  0  0  0  0  0  0  0
   -3.0510   -4.4592    0.0000 C   0  0  0  0  0  0  0  0  0  0  0  0
    4.3088    1.5114    0.0000 C   0  0  0  0  0  0  0  0  0  0  0  0
    0.3018    1.8957    0.0000 C   0  0  0  0  0  0  0  0  0  0  0  0
    5.1221   -0.1685    0.0000 H   0  0  0  0  0  0  0  0  0  0  0  0
    3.0281   -1.5171    0.0000 H   0  0  0  0  0  0  0  0  0  0  0  0
  1  2  2  0
  1  6  1  0
  2  3  1  0
  3  4  2  0
  4  5  1  0
  5  6  2  0
  5  7  1  0
  7  8  1  1
  7  9  1  0
  9 10  1  1
  9 11  1  0
 11 12  2  0
 11 13  1  0
 14 13  1  6
 14 15  1  0
 14 19  1  0
 15 16  1  0
 16 17  1  0
 17 18  1  0
 18 19  2  0
 19 20  1  0
 18 21  1  0
 21 22  1  1
 21 23  1  0
 23 24  1  0
 25 24  1  0
 24 26  1  0
 25 29  1  0
 26 27  1  0
 27 28  1  0
 28 29  1  0
 23 30  2  0
 24 31  1  1
 25 32  1  1
 28 33  1  0
 27 34  1  0
 34 33  1  0
 27 35  1  6
 35 36  1  0
 36 37  1  0
 36 38  2  0
 17 39  1  0
 17 40  1  0
 26 41  1  0
 16 41  1  0
 41 42  1  6
 16 43  1  1
 42 44  1  0
 44 45  2  0
 44 46  1  0
 51 46  2  0
 47 46  1  0
 47 48  2  0
 48 49  1  0
 49 50  2  0
 50 51  1  0
  8 52  1  0
 52 53  2  0
 52 54  1  0
 54 55  1  0
 55 56  1  0
 55 57  1  0
 55 58  1  0
 32 59  1  0
 22 60  1  0
 28 61  1  6
 26 62  1  6
M  END
","InChI=1S/C45H57NO14/c1-24-28(57-39(51)33(48)32(26-17-13-11-14-18-26)46-40(52)60-41(3,4)5)22-45(53)37(58-38(50)27-19-15-12-16-20-27)35-43(8,36(49)34(55-10)31(24)42(45,6)7)29(54-9)21-30-44(35,23-56-30)59-25(2)47/h11-20,28-30,32-35,37,48,53H,21-23H2,1-10H3,(H,46,52)/t28-,29-,30+,32-,33+,34+,35-,37-,43+,44-,45+/m0/s1",BMQGVNUXMIRLCK-OAGWZNDDSA-N,CO[C@H]1C(=O)[C@]2(C)[C@@H](OC)C[C@H]3OC[C@@]3(OC(C)=O)[C@H]2[C@H](OC(=O)c2ccccc2)[C@]2(O)C[C@H](OC(=O)[C@H](O)[C@@H](NC(=O)OC(C)(C)C)c3ccccc3)C(C)=C1C2(C)C
675703,CHEMBL1201752,IXABEPILONE,INHIBITOR,Beta tubulin paclitaxel binding site,CHEMBL2095182,Tubulin,Astrocytoma,anaplastic astrocytoma,1.0,675703.0,506.71,4.05,7.0,3.0,112.05,2.0,N,1.0,506.71,1.0,35.0,0.52,C27H42N2O5S,1.78,83757343.0,675703.0,37.0,675703.0,"
     RDKit          2D

 36 38  0  0  1  0  0  0  0  0999 V2000
    0.1875   -0.6542    0.0000 O   0  0  0  0  0  0  0  0  0  0  0  0
   -0.4250   -1.0167    0.0000 C   0  0  0  0  0  0  0  0  0  0  0  0
    0.1917   -1.3667    0.0000 C   0  0  0  0  0  0  0  0  0  0  0  0
   -2.2625   -3.4917    0.0000 C   0  0  0  0  0  0  0  0  0  0  0  0
   -1.6500   -3.1375    0.0000 C   0  0  0  0  0  0  0  0  0  0  0  0
   -2.8750   -3.1417    0.0000 C   0  0  0  0  0  0  0  0  0  0  0  0
    3.8667   -2.0792    0.0000 N   0  0  0  0  0  0  0  0  0  0  0  0
    0.8042   -3.1417    0.0000 N   0  0  0  0  0  0  0  0  0  0  0  0
    0.1917   -3.4917    0.0000 C   0  0  0  0  0  0  0  0  0  0  0  0
    0.8042   -2.4292    0.0000 C   0  0  0  0  0  0  0  0  0  0  0  0
    2.6417   -2.0792    0.0000 C   0  0  0  0  0  0  0  0  0  0  0  0
   -1.0375   -3.4917    0.0000 C   0  0  0  0  0  0  0  0  0  0  0  0
    0.1917   -2.0792    0.0000 C   0  0  0  0  0  0  0  0  0  0  0  0
   -0.4250   -3.1417    0.0000 C   0  0  0  0  0  0  0  0  0  0  0  0
    2.0292   -2.4292    0.0000 C   0  0  0  0  0  0  0  0  0  0  0  0
    1.4167   -2.0792    0.0000 C   0  0  0  0  0  0  0  0  0  0  0  0
   -2.8750   -2.4292    0.0000 C   0  0  0  0  0  0  0  0  0  0  0  0
    3.8667   -1.3667    0.0000 C   0  0  0  0  0  0  0  0  0  0  0  0
    3.2542   -1.0167    0.0000 S   0  0  0  0  0  0  0  0  0  0  0  0
    2.6375   -1.3667    0.0000 C   0  0  0  0  0  0  0  0  0  0  0  0
   -2.2625   -4.2042    0.0000 O   0  0  0  0  0  0  0  0  0  0  0  0
    0.1917   -4.2042    0.0000 O   0  0  0  0  0  0  0  0  0  0  0  0
   -2.2708   -2.0750    0.0000 C   0  0  0  0  0  0  0  0  0  0  0  0
   -1.0375   -1.3667    0.0000 C   0  0  0  0  0  0  0  0  0  0  0  0
   -3.4958   -2.0792    0.0000 O   0  0  0  0  0  0  0  0  0  0  0  0
   -1.0375   -4.2042    0.0000 O   0  0  0  0  0  0  0  0  0  0  0  0
   -0.6083   -0.3250    0.0000 C   0  0  0  0  0  0  0  0  0  0  0  0
   -2.2708   -2.7875    0.0000 C   0  0  0  0  0  0  0  0  0  0  0  0
   -1.0375   -2.7792    0.0000 C   0  0  0  0  0  0  0  0  0  0  0  0
   -3.4958   -3.4917    0.0000 C   0  0  0  0  0  0  0  0  0  0  0  0
    1.4167   -1.3667    0.0000 C   0  0  0  0  0  0  0  0  0  0  0  0
    4.4792   -1.0167    0.0000 C   0  0  0  0  0  0  0  0  0  0  0  0
   -1.6500   -1.0167    0.0000 C   0  0  0  0  0  0  0  0  0  0  0  0
   -2.2625   -1.3667    0.0000 C   0  0  0  0  0  0  0  0  0  0  0  0
   -1.6500   -2.4292    0.0000 C   0  0  0  0  0  0  0  0  0  0  0  0
    0.8750   -1.1792    0.0000 H   0  0  0  0  0  0  0  0  0  0  0  0
  2  1  1  0
  3  1  1  0
  4  6  1  0
  5 12  1  0
  6 17  1  0
  7 11  1  0
  8 10  1  0
  9  8  1  0
 10 13  1  0
 11 15  1  0
 12 14  1  0
 13  3  1  0
 14  9  1  0
 15 16  2  0
 10 16  1  1
 17 23  1  0
 18  7  2  0
 19 20  1  0
 20 11  2  0
 21  4  2  0
 22  9  2  0
 23 34  1  0
 24  2  1  0
 17 25  1  1
 12 26  1  6
  2 27  1  6
 28  5  1  0
 29  5  1  0
  6 30  1  6
 31 16  1  0
 32 18  1  0
 33 24  1  0
 34 33  1  0
 23 35  1  6
  3 36  1  6
  2  3  1  0
 19 18  1  0
  5  4  1  0
M  END
","InChI=1S/C27H42N2O5S/c1-15-9-8-10-27(7)22(34-27)12-20(16(2)11-19-14-35-18(4)28-19)29-23(31)13-21(30)26(5,6)25(33)17(3)24(15)32/h11,14-15,17,20-22,24,30,32H,8-10,12-13H2,1-7H3,(H,29,31)/b16-11+/t15-,17+,20-,21-,22-,24-,27+/m0/s1",FABUFPQFXZVHFB-PVYNADRNSA-N,C/C(=C\c1csc(C)n1)[C@@H]1C[C@@H]2O[C@]2(C)CCC[C@H](C)[C@H](O)[C@@H](C)C(=O)C(C)(C)[C@@H](O)CC(=O)N1
21697,CHEMBL122,ROFECOXIB,INHIBITOR,,CHEMBL230,Prostaglandin G/H synthase 2,Brain Neoplasms,brain neoplasm,1.0,21697.0,314.36,2.56,4.0,0.0,60.44,3.0,N,0.0,314.36,2.0,22.0,0.82,C17H14O4S,-0.07,85466686.0,21697.0,143.0,21697.0,"
     RDKit          2D

 22 24  0  0  0  0  0  0  0  0999 V2000
   -0.3333    1.3583    0.0000 S   0  0  0  0  0  0  0  0  0  0  0  0
    2.3542   -0.7542    0.0000 C   0  0  0  0  0  0  0  0  0  0  0  0
    2.1625   -0.0667    0.0000 C   0  0  0  0  0  0  0  0  0  0  0  0
    3.0792   -0.7542    0.0000 C   0  0  0  0  0  0  0  0  0  0  0  0
    3.2917   -0.0667    0.0000 O   0  0  0  0  0  0  0  0  0  0  0  0
    2.7250    0.3208    0.0000 C   0  0  0  0  0  0  0  0  0  0  0  0
    0.2917    0.9833    0.0000 C   0  0  0  0  0  0  0  0  0  0  0  0
    1.5250    0.2708    0.0000 C   0  0  0  0  0  0  0  0  0  0  0  0
    0.0167    1.9750    0.0000 O   0  0  0  0  0  0  0  0  0  0  0  0
   -0.6958    1.9750    0.0000 O   0  0  0  0  0  0  0  0  0  0  0  0
    1.7542   -1.1167    0.0000 C   0  0  0  0  0  0  0  0  0  0  0  0
    3.4917   -1.3167    0.0000 O   0  0  0  0  0  0  0  0  0  0  0  0
    0.9167    1.3458    0.0000 C   0  0  0  0  0  0  0  0  0  0  0  0
    0.2917    0.2708    0.0000 C   0  0  0  0  0  0  0  0  0  0  0  0
    1.5250    0.9833    0.0000 C   0  0  0  0  0  0  0  0  0  0  0  0
    0.9167   -0.0667    0.0000 C   0  0  0  0  0  0  0  0  0  0  0  0
   -0.9458    0.9958    0.0000 C   0  0  0  0  0  0  0  0  0  0  0  0
    1.7542   -1.8292    0.0000 C   0  0  0  0  0  0  0  0  0  0  0  0
    1.1417   -0.7542    0.0000 C   0  0  0  0  0  0  0  0  0  0  0  0
    0.5125   -1.1167    0.0000 C   0  0  0  0  0  0  0  0  0  0  0  0
    1.1417   -2.1750    0.0000 C   0  0  0  0  0  0  0  0  0  0  0  0
    0.5125   -1.8292    0.0000 C   0  0  0  0  0  0  0  0  0  0  0  0
  2  3  2  0
  3  8  1  0
  4  2  1  0
  5  6  1  0
  6  3  1  0
  7  1  1  0
  8 16  1  0
  9  1  2  0
 10  1  2  0
 11  2  1  0
 12  4  2  0
 13  7  2  0
 14  7  1  0
 15 13  1  0
 16 14  2  0
 17  1  1  0
 18 11  2  0
 19 11  1  0
 20 19  2  0
 21 18  1  0
 22 20  1  0
 15  8  2  0
  5  4  1  0
 22 21  2  0
M  END
","InChI=1S/C17H14O4S/c1-22(19,20)14-9-7-12(8-10-14)15-11-21-17(18)16(15)13-5-3-2-4-6-13/h2-10H,11H2,1H3",RZJQGNCSTQAWON-UHFFFAOYSA-N,CS(=O)(=O)c1ccc(C2=C(c3ccccc3)C(=O)OC2)cc1
691867,CHEMBL1229517,VEMURAFENIB,INHIBITOR,,CHEMBL5145,Serine/threonine-protein kinase B-raf,Paraganglioma,Paraganglioma,0.5,691867.0,489.93,5.54,4.0,2.0,91.92,7.0,N,1.0,489.93,4.0,33.0,0.33,C23H18ClF2N3O3S,-1.38,86330160.0,691867.0,1029.0,691867.0,"
     RDKit          2D

 33 36  0  0  0  0  0  0  0  0999 V2000
    2.8820    0.0000    0.0000 C   0  0  0  0  0  0  0  0  0  0  0  0
    5.0449    6.6574    0.0000 O   0  0  0  0  0  0  0  0  0  0  0  0
    2.4813    4.3490    0.0000 O   0  0  0  0  0  0  0  0  0  0  0  0
    0.4005    2.4755    0.0000 O   0  0  0  0  0  0  0  0  0  0  0  0
    2.2346    9.7786    0.0000 F   0  0  0  0  0  0  0  0  0  0  0  0
    3.2429    5.0347    0.0000 F   0  0  0  0  0  0  0  0  0  0  0  0
   13.1469    6.6618    0.0000 Cl  0  0  0  0  0  0  0  0  0  0  0  0
   10.7221    6.6618    0.0000 C   0  0  0  0  0  0  0  0  0  0  0  0
   11.9344    8.7618    0.0000 C   0  0  0  0  0  0  0  0  0  0  0  0
    0.4326    8.1560    0.0000 C   0  0  0  0  0  0  0  0  0  0  0  0
    9.5096    7.3618    0.0000 C   0  0  0  0  0  0  0  0  0  0  0  0
   10.7221    9.4618    0.0000 C   0  0  0  0  0  0  0  0  0  0  0  0
    0.0000    6.8245    0.0000 C   0  0  0  0  0  0  0  0  0  0  0  0
    8.2972   10.8618    0.0000 C   0  0  0  0  0  0  0  0  0  0  0  0
    3.7179   10.1618    0.0000 C   0  0  0  0  0  0  0  0  0  0  0  0
    7.0847    8.7618    0.0000 C   0  0  0  0  0  0  0  0  0  0  0  0
    1.9451    1.0404    0.0000 C   0  0  0  0  0  0  0  0  0  0  0  0
    2.3778    2.3719    0.0000 C   0  0  0  0  0  0  0  0  0  0  0  0
    7.0847   11.5618    0.0000 N   0  0  0  0  0  0  0  0  0  0  0  0
    0.5042    4.4527    0.0000 N   0  0  0  0  0  0  0  0  0  0  0  0
    4.5409   11.2945    0.0000 N   0  0  0  0  0  0  0  0  0  0  0  0
    4.1082    7.6978    0.0000 C   0  0  0  0  0  0  0  0  0  0  0  0
   11.9344    7.3618    0.0000 C   0  0  0  0  0  0  0  0  0  0  0  0
    1.8020    8.4470    0.0000 C   0  0  0  0  0  0  0  0  0  0  0  0
    9.5096    8.7618    0.0000 C   0  0  0  0  0  0  0  0  0  0  0  0
    8.2972    9.4618    0.0000 C   0  0  0  0  0  0  0  0  0  0  0  0
    2.3062    6.0752    0.0000 C   0  0  0  0  0  0  0  0  0  0  0  0
    0.9367    5.7841    0.0000 C   0  0  0  0  0  0  0  0  0  0  0  0
    4.5409    9.0292    0.0000 C   0  0  0  0  0  0  0  0  0  0  0  0
    2.7387    7.4068    0.0000 C   0  0  0  0  0  0  0  0  0  0  0  0
    5.8724    9.4618    0.0000 C   0  0  0  0  0  0  0  0  0  0  0  0
    5.8724   10.8618    0.0000 C   0  0  0  0  0  0  0  0  0  0  0  0
    1.4409    3.4123    0.0000 S   0  0  0  0  0  0  0  0  0  0  0  0
  1 17  1  0
  2 22  2  0
  3 33  2  0
  4 33  2  0
  5 24  1  0
  6 27  1  0
  7 23  1  0
  8 11  1  0
  8 23  2  0
  9 12  2  0
  9 23  1  0
 10 13  2  0
 10 24  1  0
 11 25  2  0
 12 25  1  0
 13 28  1  0
 14 19  2  0
 14 26  1  0
 15 21  1  0
 15 29  2  0
 16 26  2  0
 16 31  1  0
 17 18  1  0
 18 33  1  0
 19 32  1  0
 20 28  1  0
 20 33  1  0
 21 32  1  0
 22 29  1  0
 22 30  1  0
 24 30  2  0
 25 26  1  0
 27 28  2  0
 27 30  1  0
 29 31  1  0
 31 32  2  0
M  END
","InChI=1S/C23H18ClF2N3O3S/c1-2-9-33(31,32)29-19-8-7-18(25)20(21(19)26)22(30)17-12-28-23-16(17)10-14(11-27-23)13-3-5-15(24)6-4-13/h3-8,10-12,29H,2,9H2,1H3,(H,27,28)",GPXBXXGIAQBQNI-UHFFFAOYSA-N,CCCS(=O)(=O)Nc1ccc(F)c(C(=O)c2c[nH]c3ncc(-c4ccc(Cl)cc4)cc23)c1F
699412,CHEMBL1237061,PITAVASTATIN CALCIUM,INHIBITOR,,CHEMBL402,3-hydroxy-3-methylglutaryl-coenzyme A reductase,Glioblastoma,glioblastoma multiforme,0.5,699412.0,421.47,4.52,4.0,3.0,90.65,8.0,N,0.0,881.0,3.0,31.0,0.5,C50H46CaF2N2O8,0.25,87052898.0,699412.0,1040.0,699412.0,"
     RDKit          2D

 63 68  0  0  0  0  0  0  0  0999 V2000
   -1.1642   -2.4983    0.0000 O   0  0  0  0  0  0  0  0  0  0  0  0
   -1.1642   -1.6733    0.0000 C   0  0  0  0  0  0  0  0  0  0  0  0
   -1.8787   -1.2608    0.0000 C   0  0  0  0  0  0  0  0  0  0  0  0
   -2.5931   -1.6733    0.0000 C   0  0  0  0  0  0  0  0  0  0  0  0
   -2.5931   -2.4983    0.0000 O   0  0  0  0  0  0  0  0  0  0  0  0
   -3.3076   -1.2608    0.0000 C   0  0  0  0  0  0  0  0  0  0  0  0
   -3.3076   -0.4358    0.0000 C   0  0  0  0  0  0  0  0  0  0  0  0
   -4.0221   -0.0233    0.0000 C   0  0  0  0  0  0  0  0  0  0  0  0
   -4.7365   -0.4358    0.0000 C   0  0  0  0  0  0  0  0  0  0  0  0
   -5.4510   -0.0233    0.0000 N   0  0  0  0  0  0  0  0  0  0  0  0
   -5.4510    0.8017    0.0000 C   0  0  0  0  0  0  0  0  0  0  0  0
   -6.1655    1.2142    0.0000 C   0  0  0  0  0  0  0  0  0  0  0  0
   -6.1655    2.0392    0.0000 C   0  0  0  0  0  0  0  0  0  0  0  0
   -5.4510    2.4517    0.0000 C   0  0  0  0  0  0  0  0  0  0  0  0
   -4.7365    2.0392    0.0000 C   0  0  0  0  0  0  0  0  0  0  0  0
   -4.7365    1.2142    0.0000 C   0  0  0  0  0  0  0  0  0  0  0  0
   -4.0221    0.8017    0.0000 C   0  0  0  0  0  0  0  0  0  0  0  0
   -3.3076    1.2142    0.0000 C   0  0  0  0  0  0  0  0  0  0  0  0
   -3.3076    2.0392    0.0000 C   0  0  0  0  0  0  0  0  0  0  0  0
   -2.5931    2.4517    0.0000 C   0  0  0  0  0  0  0  0  0  0  0  0
   -1.8787    2.0392    0.0000 C   0  0  0  0  0  0  0  0  0  0  0  0
   -1.1642    2.4517    0.0000 F   0  0  0  0  0  0  0  0  0  0  0  0
   -1.8787    1.2142    0.0000 C   0  0  0  0  0  0  0  0  0  0  0  0
   -2.5931    0.8017    0.0000 C   0  0  0  0  0  0  0  0  0  0  0  0
   -4.7365   -1.2608    0.0000 C   0  0  0  0  0  0  0  0  0  0  0  0
   -4.3240   -1.9753    0.0000 C   0  0  0  0  0  0  0  0  0  0  0  0
   -5.1490   -1.9753    0.0000 C   0  0  0  0  0  0  0  0  0  0  0  0
   -0.4497   -1.2608    0.0000 C   0  0  0  0  0  0  0  0  0  0  0  0
    0.2648   -1.6733    0.0000 C   0  0  0  0  0  0  0  0  0  0  0  0
    0.9792   -1.2608    0.0000 O   0  0  0  0  0  0  0  0  0  0  0  0
    0.2648   -2.4983    0.0000 O   0  0  0  0  0  0  0  0  0  0  0  0
    0.0000    0.0000    0.0000 Ca  0  0  0  0  0 15  0  0  0  0  0  0
    7.1227   -2.4688    0.0000 O   0  0  0  0  0  0  0  0  0  0  0  0
    7.1227   -1.6438    0.0000 C   0  0  0  0  0  0  0  0  0  0  0  0
    6.4083   -1.2313    0.0000 C   0  0  0  0  0  0  0  0  0  0  0  0
    5.6938   -1.6438    0.0000 C   0  0  0  0  0  0  0  0  0  0  0  0
    5.6938   -2.4688    0.0000 O   0  0  0  0  0  0  0  0  0  0  0  0
    4.9793   -1.2313    0.0000 C   0  0  0  0  0  0  0  0  0  0  0  0
    4.9793   -0.4063    0.0000 C   0  0  0  0  0  0  0  0  0  0  0  0
    4.2648    0.0062    0.0000 C   0  0  0  0  0  0  0  0  0  0  0  0
    3.5504   -0.4063    0.0000 C   0  0  0  0  0  0  0  0  0  0  0  0
    2.8359    0.0062    0.0000 N   0  0  0  0  0  0  0  0  0  0  0  0
    2.8359    0.8312    0.0000 C   0  0  0  0  0  0  0  0  0  0  0  0
    2.1214    1.2437    0.0000 C   0  0  0  0  0  0  0  0  0  0  0  0
    2.1214    2.0687    0.0000 C   0  0  0  0  0  0  0  0  0  0  0  0
    2.8359    2.4812    0.0000 C   0  0  0  0  0  0  0  0  0  0  0  0
    3.5504    2.0687    0.0000 C   0  0  0  0  0  0  0  0  0  0  0  0
    3.5504    1.2437    0.0000 C   0  0  0  0  0  0  0  0  0  0  0  0
    4.2648    0.8312    0.0000 C   0  0  0  0  0  0  0  0  0  0  0  0
    4.9793    1.2437    0.0000 C   0  0  0  0  0  0  0  0  0  0  0  0
    4.9793    2.0687    0.0000 C   0  0  0  0  0  0  0  0  0  0  0  0
    5.6938    2.4812    0.0000 C   0  0  0  0  0  0  0  0  0  0  0  0
    6.4083    2.0687    0.0000 C   0  0  0  0  0  0  0  0  0  0  0  0
    7.1227    2.4812    0.0000 F   0  0  0  0  0  0  0  0  0  0  0  0
    6.4083    1.2437    0.0000 C   0  0  0  0  0  0  0  0  0  0  0  0
    5.6938    0.8312    0.0000 C   0  0  0  0  0  0  0  0  0  0  0  0
    3.5504   -1.2313    0.0000 C   0  0  0  0  0  0  0  0  0  0  0  0
    3.9629   -1.9458    0.0000 C   0  0  0  0  0  0  0  0  0  0  0  0
    3.1379   -1.9458    0.0000 C   0  0  0  0  0  0  0  0  0  0  0  0
    7.8372   -1.2313    0.0000 C   0  0  0  0  0  0  0  0  0  0  0  0
    8.5517   -1.6438    0.0000 C   0  0  0  0  0  0  0  0  0  0  0  0
    9.2661   -1.2313    0.0000 O   0  0  0  0  0  0  0  0  0  0  0  0
    8.5517   -2.4688    0.0000 O   0  0  0  0  0  0  0  0  0  0  0  0
  2  1  1  6
  2  3  1  0
  3  4  1  0
  4  5  1  6
  4  6  1  0
  6  7  2  0
  7  8  1  0
  8  9  2  0
  9 10  1  0
 10 11  2  0
 11 12  1  0
 12 13  2  0
 13 14  1  0
 14 15  2  0
 15 16  1  0
 11 16  1  0
 16 17  2  0
  8 17  1  0
 17 18  1  0
 18 19  2  0
 19 20  1  0
 20 21  2  0
 21 22  1  0
 21 23  1  0
 23 24  2  0
 18 24  1  0
  9 25  1  0
 25 26  1  0
 26 27  1  0
 25 27  1  0
  2 28  1  0
 28 29  1  0
 29 30  2  0
 29 31  1  0
 34 33  1  6
 34 35  1  0
 35 36  1  0
 36 37  1  6
 36 38  1  0
 38 39  2  0
 39 40  1  0
 40 41  2  0
 41 42  1  0
 42 43  2  0
 43 44  1  0
 44 45  2  0
 45 46  1  0
 46 47  2  0
 47 48  1  0
 43 48  1  0
 48 49  2  0
 40 49  1  0
 49 50  1  0
 50 51  2  0
 51 52  1  0
 52 53  2  0
 53 54  1  0
 53 55  1  0
 55 56  2  0
 50 56  1  0
 41 57  1  0
 57 58  1  0
 58 59  1  0
 57 59  1  0
 34 60  1  0
 60 61  1  0
 61 62  2  0
 61 63  1  0
M  CHG  3  31  -1  32   2  63  -1
M  END
","InChI=1S/2C25H24FNO4.Ca/c2*26-17-9-7-15(8-10-17)24-20-3-1-2-4-22(20)27-25(16-5-6-16)21(24)12-11-18(28)13-19(29)14-23(30)31;/h2*1-4,7-12,16,18-19,28-29H,5-6,13-14H2,(H,30,31);/q;;+2/p-2/b2*12-11+;/t2*18-,19-;/m11./s1",RHGYHLPFVJEAOC-FFNUKLMVSA-L,O=C([O-])C[C@H](O)C[C@H](O)/C=C/c1c(C2CC2)nc2ccccc2c1-c1ccc(F)cc1.O=C([O-])C[C@H](O)C[C@H](O)/C=C/c1c(C2CC2)nc2ccccc2c1-c1ccc(F)cc1.[Ca+2]
205165,CHEMBL124660,TANDUTINIB,INHIBITOR,,CHEMBL1913,Platelet-derived growth factor receptor beta,Astrocytoma,anaplastic astrocytoma,2.0,205165.0,562.72,5.03,8.0,1.0,92.29,10.0,N,2.0,562.72,3.0,41.0,0.34,C31H42N6O4,-1.53,83912331.0,205165.0,63.0,205165.0,"
     RDKit          2D

 41 45  0  0  0  0  0  0  0  0999 V2000
  -21.5310  -14.6438    0.0000 C   0  0  0  0  0  0  0  0  0  0  0  0
  -21.5311  -13.8188    0.0000 N   0  0  0  0  0  0  0  0  0  0  0  0
  -22.2455  -13.4063    0.0000 C   0  0  0  0  0  0  0  0  0  0  0  0
  -22.9600  -13.8187    0.0000 C   0  0  0  0  0  0  0  0  0  0  0  0
  -22.9600  -14.6437    0.0000 C   0  0  0  0  0  0  0  0  0  0  0  0
  -22.2455  -15.0563    0.0000 C   0  0  0  0  0  0  0  0  0  0  0  0
  -20.8166  -13.4063    0.0000 C   0  0  0  0  0  0  0  0  0  0  0  0
  -20.1021  -13.8188    0.0000 C   0  0  0  0  0  0  0  0  0  0  0  0
  -19.3877  -13.4063    0.0000 C   0  0  0  0  0  0  0  0  0  0  0  0
  -18.6732  -13.8188    0.0000 O   0  0  0  0  0  0  0  0  0  0  0  0
  -17.9587  -13.4063    0.0000 C   0  0  0  0  0  0  0  0  0  0  0  0
  -17.2442  -13.8187    0.0000 C   0  0  0  0  0  0  0  0  0  0  0  0
  -16.5297  -13.4062    0.0000 C   0  0  0  0  0  0  0  0  0  0  0  0
  -16.5297  -12.5812    0.0000 C   0  0  0  0  0  0  0  0  0  0  0  0
  -17.2442  -12.1687    0.0000 C   0  0  0  0  0  0  0  0  0  0  0  0
  -17.9587  -12.5813    0.0000 C   0  0  0  0  0  0  0  0  0  0  0  0
  -17.2442  -11.3437    0.0000 N   0  0  0  0  0  0  0  0  0  0  0  0
  -16.5298  -10.9312    0.0000 C   0  0  0  0  0  0  0  0  0  0  0  0
  -15.8153  -11.3437    0.0000 N   0  0  0  0  0  0  0  0  0  0  0  0
  -15.8153  -12.1687    0.0000 C   0  0  0  0  0  0  0  0  0  0  0  0
  -15.1008  -12.5812    0.0000 N   0  0  0  0  0  0  0  0  0  0  0  0
  -15.1008  -13.4062    0.0000 C   0  0  0  0  0  0  0  0  0  0  0  0
  -14.3863  -13.8187    0.0000 C   0  0  0  0  0  0  0  0  0  0  0  0
  -13.6718  -13.4062    0.0000 N   0  0  0  0  0  0  0  0  0  0  0  0
  -13.6718  -12.5812    0.0000 C   0  0  0  0  0  0  0  0  0  0  0  0
  -14.3863  -12.1687    0.0000 C   0  0  0  0  0  0  0  0  0  0  0  0
  -12.9573  -13.8186    0.0000 C   0  0  0  0  0  0  0  0  0  0  0  0
  -12.2429  -13.4061    0.0000 N   0  0  0  0  0  0  0  0  0  0  0  0
  -12.9573  -14.6436    0.0000 O   0  0  0  0  0  0  0  0  0  0  0  0
  -11.5284  -13.8186    0.0000 C   0  0  0  0  0  0  0  0  0  0  0  0
  -11.5284  -14.6436    0.0000 C   0  0  0  0  0  0  0  0  0  0  0  0
  -10.8139  -15.0561    0.0000 C   0  0  0  0  0  0  0  0  0  0  0  0
  -10.0994  -14.6435    0.0000 C   0  0  0  0  0  0  0  0  0  0  0  0
  -10.0994  -13.8185    0.0000 C   0  0  0  0  0  0  0  0  0  0  0  0
  -10.8139  -13.4060    0.0000 C   0  0  0  0  0  0  0  0  0  0  0  0
   -9.3849  -15.0560    0.0000 O   0  0  0  0  0  0  0  0  0  0  0  0
   -8.6704  -14.6435    0.0000 C   0  0  0  0  0  0  0  0  0  0  0  0
   -7.9560  -15.0560    0.0000 C   0  0  0  0  0  0  0  0  0  0  0  0
   -8.6704  -13.8185    0.0000 C   0  0  0  0  0  0  0  0  0  0  0  0
  -17.2442  -14.6437    0.0000 O   0  0  0  0  0  0  0  0  0  0  0  0
  -16.5298  -15.0562    0.0000 C   0  0  0  0  0  0  0  0  0  0  0  0
  1  2  1  0
  6  1  1  0
  2  3  1  0
  3  4  1  0
  4  5  1  0
  5  6  1  0
  2  7  1  0
  7  8  1  0
  8  9  1  0
  9 10  1  0
 10 11  1  0
 11 12  1  0
 16 11  2  0
 12 13  2  0
 13 14  1  0
 15 16  1  0
 20 14  1  0
 14 15  2  0
 15 17  1  0
 17 18  2  0
 18 19  1  0
 19 20  2  0
 20 21  1  0
 21 22  1  0
 26 21  1  0
 22 23  1  0
 23 24  1  0
 24 25  1  0
 25 26  1  0
 24 27  1  0
 27 28  1  0
 27 29  2  0
 28 30  1  0
 30 31  1  0
 30 35  2  0
 31 32  2  0
 32 33  1  0
 33 34  2  0
 34 35  1  0
 33 36  1  0
 36 37  1  0
 37 38  1  0
 37 39  1  0
 12 40  1  0
 40 41  1  0
M  END
","InChI=1S/C31H42N6O4/c1-23(2)41-25-10-8-24(9-11-25)34-31(38)37-17-15-36(16-18-37)30-26-20-28(39-3)29(21-27(26)32-22-33-30)40-19-7-14-35-12-5-4-6-13-35/h8-11,20-23H,4-7,12-19H2,1-3H3,(H,34,38)",UXXQOJXBIDBUAC-UHFFFAOYSA-N,COc1cc2c(N3CCN(C(=O)Nc4ccc(OC(C)C)cc4)CC3)ncnc2cc1OCCCN1CCCCC1
250908,CHEMBL1282,IMIQUIMOD,AGONIST,,CHEMBL5936,Toll-like receptor 7,Astrocytoma,anaplastic astrocytoma,1.0,250908.0,240.31,2.82,4.0,1.0,56.73,2.0,N,0.0,240.31,3.0,18.0,0.75,C14H16N4,-0.84,,,,250908.0,"
     RDKit          2D

 18 20  0  0  0  0  0  0  0  0999 V2000
    6.0042   -5.5750    0.0000 C   0  0  0  0  0  0  0  0  0  0  0  0
    5.6292   -4.4625    0.0000 N   0  0  0  0  0  0  0  0  0  0  0  0
    6.5667   -5.1292    0.0000 N   0  0  0  0  0  0  0  0  0  0  0  0
    5.3792   -5.1792    0.0000 C   0  0  0  0  0  0  0  0  0  0  0  0
    6.0042   -6.2375    0.0000 C   0  0  0  0  0  0  0  0  0  0  0  0
    5.3875   -6.5917    0.0000 N   0  0  0  0  0  0  0  0  0  0  0  0
    6.3042   -4.4625    0.0000 C   0  0  0  0  0  0  0  0  0  0  0  0
    4.7667   -5.5292    0.0000 C   0  0  0  0  0  0  0  0  0  0  0  0
    4.7667   -6.2375    0.0000 C   0  0  0  0  0  0  0  0  0  0  0  0
    5.0167   -4.1042    0.0000 C   0  0  0  0  0  0  0  0  0  0  0  0
    6.6167   -6.5792    0.0000 N   0  0  0  0  0  0  0  0  0  0  0  0
    4.1500   -5.1792    0.0000 C   0  0  0  0  0  0  0  0  0  0  0  0
    4.1500   -6.5917    0.0000 C   0  0  0  0  0  0  0  0  0  0  0  0
    5.0167   -3.4250    0.0000 C   0  0  0  0  0  0  0  0  0  0  0  0
    4.4292   -3.0625    0.0000 C   0  0  0  0  0  0  0  0  0  0  0  0
    5.6292   -3.0625    0.0000 C   0  0  0  0  0  0  0  0  0  0  0  0
    3.5292   -5.5292    0.0000 C   0  0  0  0  0  0  0  0  0  0  0  0
    3.5292   -6.2375    0.0000 C   0  0  0  0  0  0  0  0  0  0  0  0
  2  4  1  0
  3  1  1  0
  4  1  1  0
  5  1  2  0
  6  5  1  0
  7  3  2  0
  8  4  2  0
  9  6  2  0
 10  2  1  0
 11  5  1  0
 12  8  1  0
 13  9  1  0
 14 10  1  0
 15 14  1  0
 16 14  1  0
 17 12  2  0
 18 13  2  0
  7  2  1  0
  9  8  1  0
 18 17  1  0
M  END
","InChI=1S/C14H16N4/c1-9(2)7-18-8-16-12-13(18)10-5-3-4-6-11(10)17-14(12)15/h3-6,8-9H,7H2,1-2H3,(H2,15,17)",DOUYETYNHWVLEO-UHFFFAOYSA-N,CC(C)Cn1cnc2c(N)nc3ccccc3c21
252155,CHEMBL1286,LEVETIRACETAM,BLOCKER,,CHEMBL4478,Voltage-dependent N-type calcium channel subunit alpha-1B,Brain Neoplasms,brain neoplasm,2.0,252155.0,170.21,-0.13,2.0,1.0,63.4,3.0,N,0.0,170.21,0.0,12.0,0.64,C8H14N2O2,-0.76,,,,252155.0,"
     RDKit          2D

 12 12  0  0  1  0  0  0  0  0999 V2000
    4.3167   -5.1500    0.0000 N   0  0  0  0  0  0  0  0  0  0  0  0
    3.7292   -4.7292    0.0000 C   0  0  0  0  0  0  0  0  0  0  0  0
    4.9167   -4.8167    0.0000 C   0  0  0  0  0  0  0  0  0  0  0  0
    5.5292   -5.1792    0.0000 C   0  0  0  0  0  0  0  0  0  0  0  0
    3.7292   -4.0375    0.0000 O   0  0  0  0  0  0  0  0  0  0  0  0
    5.5292   -5.9042    0.0000 O   0  0  0  0  0  0  0  0  0  0  0  0
    6.1500   -4.8375    0.0000 N   0  0  0  0  0  0  0  0  0  0  0  0
    4.0667   -5.8292    0.0000 C   0  0  0  0  0  0  0  0  0  0  0  0
    3.1500   -5.1500    0.0000 C   0  0  0  0  0  0  0  0  0  0  0  0
    4.9167   -4.1125    0.0000 C   0  0  0  0  0  0  0  0  0  0  0  0
    3.3667   -5.8292    0.0000 C   0  0  0  0  0  0  0  0  0  0  0  0
    5.5292   -3.7500    0.0000 C   0  0  0  0  0  0  0  0  0  0  0  0
  2  1  1  0
  3  1  1  0
  4  3  1  0
  5  2  2  0
  6  4  2  0
  7  4  1  0
  8  1  1  0
  9  2  1  0
  3 10  1  1
 11  8  1  0
 12 10  1  0
 11  9  1  0
M  END
","InChI=1S/C8H14N2O2/c1-2-6(8(9)12)10-5-3-4-7(10)11/h6H,2-5H2,1H3,(H2,9,12)/t6-/m0/s1",HPHUVLMMVZITSG-LURJTMIESA-N,CC[C@@H](C(N)=O)N1CCCC1=O
715901,CHEMBL1289494,TIVOZANIB,INHIBITOR,,CHEMBL2095227,Vascular endothelial growth factor receptor,Glioblastoma,glioblastoma multiforme,2.0,715901.0,454.87,5.64,7.0,2.0,107.74,6.0,N,1.0,454.87,4.0,32.0,0.39,C22H19ClN4O5,-1.57,,,,715901.0,"
     RDKit          2D

 32 35  0  0  0  0  0  0  0  0999 V2000
   -0.0347    0.1958    0.0000 C   0  0  0  0  0  0  0  0  0  0  0  0
   -0.0347   -0.6292    0.0000 C   0  0  0  0  0  0  0  0  0  0  0  0
    0.6798   -1.0417    0.0000 C   0  0  0  0  0  0  0  0  0  0  0  0
    1.3943   -0.6292    0.0000 C   0  0  0  0  0  0  0  0  0  0  0  0
    1.3943    0.1958    0.0000 C   0  0  0  0  0  0  0  0  0  0  0  0
    0.6798    0.6083    0.0000 C   0  0  0  0  0  0  0  0  0  0  0  0
    2.1087   -1.0417    0.0000 C   0  0  0  0  0  0  0  0  0  0  0  0
    2.8232   -0.6292    0.0000 C   0  0  0  0  0  0  0  0  0  0  0  0
    2.8232    0.1958    0.0000 C   0  0  0  0  0  0  0  0  0  0  0  0
    2.1087    0.6083    0.0000 N   0  0  0  0  0  0  0  0  0  0  0  0
    2.1087   -1.8667    0.0000 O   0  0  0  0  0  0  0  0  0  0  0  0
    2.8232   -2.2792    0.0000 C   0  0  0  0  0  0  0  0  0  0  0  0
    2.8232   -3.1042    0.0000 C   0  0  0  0  0  0  0  0  0  0  0  0
    3.5377   -3.5167    0.0000 C   0  0  0  0  0  0  0  0  0  0  0  0
    4.2522   -3.1042    0.0000 C   0  0  0  0  0  0  0  0  0  0  0  0
    4.2522   -2.2792    0.0000 C   0  0  0  0  0  0  0  0  0  0  0  0
    3.5377   -1.8667    0.0000 C   0  0  0  0  0  0  0  0  0  0  0  0
    3.5377   -4.3417    0.0000 Cl  0  0  0  0  0  0  0  0  0  0  0  0
    4.9666   -3.5167    0.0000 N   0  0  0  0  0  0  0  0  0  0  0  0
    5.6811   -3.1042    0.0000 C   0  0  0  0  0  0  0  0  0  0  0  0
    6.3956   -3.5167    0.0000 N   0  0  0  0  0  0  0  0  0  0  0  0
    5.6811   -2.2792    0.0000 O   0  0  0  0  0  0  0  0  0  0  0  0
    7.1100   -3.1042    0.0000 C   0  0  0  0  0  0  0  0  0  0  0  0
    7.8637   -3.4398    0.0000 N   0  0  0  0  0  0  0  0  0  0  0  0
    8.4157   -2.8267    0.0000 O   0  0  0  0  0  0  0  0  0  0  0  0
    8.0032   -2.1122    0.0000 C   0  0  0  0  0  0  0  0  0  0  0  0
    7.1963   -2.2837    0.0000 C   0  0  0  0  0  0  0  0  0  0  0  0
    8.3388   -1.3585    0.0000 C   0  0  0  0  0  0  0  0  0  0  0  0
   -0.7491   -1.0417    0.0000 O   0  0  0  0  0  0  0  0  0  0  0  0
   -0.7491    0.6083    0.0000 O   0  0  0  0  0  0  0  0  0  0  0  0
   -1.5750    0.6125    0.0000 C   0  0  0  0  0  0  0  0  0  0  0  0
   -1.5750   -1.0417    0.0000 C   0  0  0  0  0  0  0  0  0  0  0  0
  4  5  2  0
  5  6  1  0
  6  1  2  0
  4  7  1  0
  7  8  2  0
  8  9  1  0
  9 10  2  0
 10  5  1  0
  7 11  1  0
 11 12  1  0
 12 13  2  0
 13 14  1  0
 14 15  2  0
 15 16  1  0
 16 17  2  0
 17 12  1  0
 14 18  1  0
 15 19  1  0
 19 20  1  0
 20 21  1  0
 20 22  2  0
 21 23  1  0
 23 24  2  0
 24 25  1  0
 25 26  1  0
 26 27  2  0
 27 23  1  0
 26 28  1  0
  2 29  1  0
  1 30  1  0
  1  2  1  0
  2  3  2  0
 30 31  1  0
  3  4  1  0
 29 32  1  0
M  END
","InChI=1S/C22H19ClN4O5/c1-12-8-21(27-32-12)26-22(28)25-16-5-4-13(9-15(16)23)31-18-6-7-24-17-11-20(30-3)19(29-2)10-14(17)18/h4-11H,1-3H3,(H2,25,26,27,28)",SPMVMDHWKHCIDT-UHFFFAOYSA-N,COc1cc2nccc(Oc3ccc(NC(=O)Nc4cc(C)on4)c(Cl)c3)c2cc1OC
716337,CHEMBL1289926,AXITINIB,INHIBITOR,,CHEMBL2095227,Vascular endothelial growth factor receptor,Glioblastoma,glioblastoma multiforme,2.0,716337.0,386.48,4.64,4.0,2.0,70.67,5.0,N,0.0,386.48,4.0,28.0,0.52,C22H18N4OS,-1.43,87513571.0,716337.0,1043.0,716337.0,"
     RDKit          2D

 28 31  0  0  0  0  0  0  0  0999 V2000
    2.7061  -13.3070    0.0000 C   0  0  0  0  0  0  0  0  0  0  0  0
    3.1191  -14.0243    0.0000 C   0  0  0  0  0  0  0  0  0  0  0  0
    3.9449  -14.0244    0.0000 C   0  0  0  0  0  0  0  0  0  0  0  0
    4.3589  -13.3079    0.0000 C   0  0  0  0  0  0  0  0  0  0  0  0
    3.9409  -12.5897    0.0000 N   0  0  0  0  0  0  0  0  0  0  0  0
    3.1163  -12.5931    0.0000 C   0  0  0  0  0  0  0  0  0  0  0  0
    2.7014  -11.8795    0.0000 C   0  0  0  0  0  0  0  0  0  0  0  0
    3.1119  -11.1634    0.0000 C   0  0  0  0  0  0  0  0  0  0  0  0
    2.6960  -10.4509    0.0000 C   0  0  0  0  0  0  0  0  0  0  0  0
    2.0286   -9.2924    0.0000 N   0  0  0  0  0  0  0  0  0  0  0  0
    1.9386  -10.1129    0.0000 N   0  0  0  0  0  0  0  0  0  0  0  0
    2.8369   -9.1246    0.0000 C   0  0  0  0  0  0  0  0  0  0  0  0
    3.2432   -9.8403    0.0000 C   0  0  0  0  0  0  0  0  0  0  0  0
    4.0643   -9.8452    0.0000 C   0  0  0  0  0  0  0  0  0  0  0  0
    4.4800   -9.1352    0.0000 C   0  0  0  0  0  0  0  0  0  0  0  0
    4.0687   -8.4188    0.0000 C   0  0  0  0  0  0  0  0  0  0  0  0
    3.2489   -8.4174    0.0000 C   0  0  0  0  0  0  0  0  0  0  0  0
    4.4828   -7.7048    0.0000 S   0  0  0  0  0  0  0  0  0  0  0  0
    4.0716   -6.9891    0.0000 C   0  0  0  0  0  0  0  0  0  0  0  0
    4.4901   -6.2787    0.0000 C   0  0  0  0  0  0  0  0  0  0  0  0
    4.0795   -5.5635    0.0000 C   0  0  0  0  0  0  0  0  0  0  0  0
    3.2532   -5.5613    0.0000 C   0  0  0  0  0  0  0  0  0  0  0  0
    2.8391   -6.2804    0.0000 C   0  0  0  0  0  0  0  0  0  0  0  0
    3.2520   -6.9927    0.0000 C   0  0  0  0  0  0  0  0  0  0  0  0
    5.3155   -6.2833    0.0000 C   0  0  0  0  0  0  0  0  0  0  0  0
    5.7242   -7.0005    0.0000 O   0  0  0  0  0  0  0  0  0  0  0  0
    5.7322   -5.5707    0.0000 N   0  0  0  0  0  0  0  0  0  0  0  0
    6.5576   -5.5754    0.0000 C   0  0  0  0  0  0  0  0  0  0  0  0
  1  2  2  0
 13 14  1  0
  6  7  1  0
 14 15  2  0
  3  4  2  0
 15 16  1  0
  7  8  2  0
 16 17  2  0
 17 12  1  0
 16 18  1  0
  8  9  1  0
 18 19  1  0
  9 13  1  0
 19 20  2  0
  4  5  1  0
 20 21  1  0
  2  3  1  0
 21 22  2  0
 12 10  1  0
 22 23  1  0
 10 11  1  0
 23 24  2  0
 24 19  1  0
 11  9  2  0
 20 25  1  0
  5  6  2  0
 25 26  2  0
  6  1  1  0
 25 27  1  0
 12 13  2  0
 27 28  1  0
M  END
","InChI=1S/C22H18N4OS/c1-23-22(27)18-7-2-3-8-21(18)28-16-10-11-17-19(25-26-20(17)14-16)12-9-15-6-4-5-13-24-15/h2-14H,1H3,(H,23,27)(H,25,26)/b12-9+",RITAVMQDGBJQJZ-FMIVXFBMSA-N,CNC(=O)c1ccccc1Sc1ccc2c(/C=C/c3ccccn3)n[nH]c2c1
10881,CHEMBL12948,SEMUSTINE,CROSS-LINKING AGENT,,CHEMBL2311221,DNA,Glioblastoma,glioblastoma multiforme,3.0,10881.0,247.73,2.5,3.0,1.0,61.77,4.0,N,0.0,247.73,0.0,16.0,0.47,C10H18ClN3O2,-0.54,83590579.0,10881.0,1.0,10881.0,"
     RDKit          2D

 16 16  0  0  0  0  0  0  0  0999 V2000
    1.7792   -1.1292    0.0000 C   0  0  0  0  0  0  0  0  0  0  0  0
    2.9875   -0.4292    0.0000 N   0  0  0  0  0  0  0  0  0  0  0  0
    4.2167   -1.1292    0.0000 N   0  0  0  0  0  0  0  0  0  0  0  0
    0.5500   -0.4292    0.0000 N   0  0  0  0  0  0  0  0  0  0  0  0
    1.7667   -2.5417    0.0000 O   0  0  0  0  0  0  0  0  0  0  0  0
    4.2417   -2.5250    0.0000 O   0  0  0  0  0  0  0  0  0  0  0  0
    3.0000    0.9833    0.0000 C   0  0  0  0  0  0  0  0  0  0  0  0
   -0.6833   -1.1417    0.0000 C   0  0  0  0  0  0  0  0  0  0  0  0
   -0.6708   -2.5375    0.0000 C   0  0  0  0  0  0  0  0  0  0  0  0
   -1.8875   -0.4292    0.0000 C   0  0  0  0  0  0  0  0  0  0  0  0
    1.7792    3.0958    0.0000 Cl  0  0  0  0  0  0  0  0  0  0  0  0
   -1.9125   -3.2542    0.0000 C   0  0  0  0  0  0  0  0  0  0  0  0
   -3.1250   -1.1417    0.0000 C   0  0  0  0  0  0  0  0  0  0  0  0
   -3.1125   -2.5417    0.0000 C   0  0  0  0  0  0  0  0  0  0  0  0
    1.7667    1.6833    0.0000 C   0  0  0  0  0  0  0  0  0  0  0  0
   -4.3458   -3.2542    0.0000 C   0  0  0  0  0  0  0  0  0  0  0  0
  2  1  1  0
  3  2  1  0
  4  1  1  0
  5  1  2  0
  6  3  2  0
  7  2  1  0
  8  4  1  0
  9  8  1  0
 10  8  1  0
 11 15  1  0
 12  9  1  0
 13 10  1  0
 14 13  1  0
 15  7  1  0
 16 14  1  0
 12 14  1  0
M  END
","InChI=1S/C10H18ClN3O2/c1-8-2-4-9(5-3-8)12-10(15)14(13-16)7-6-11/h8-9H,2-7H2,1H3,(H,12,15)",FVLVBPDQNARYJU-UHFFFAOYSA-N,CC1CCC(NC(=O)N(CCCl)N=O)CC1
788028,CHEMBL1364144,METHYLPREDNISOLONE ACETATE,AGONIST,,CHEMBL2034,Glucocorticoid receptor,Brain Neoplasms,brain neoplasm,4.0,788028.0,416.51,2.37,6.0,2.0,100.9,3.0,N,0.0,416.51,0.0,30.0,0.69,C24H32O6,2.33,86337364.0,788028.0,1029.0,788028.0,"
     RDKit          2D

 33 36  0  0  0  0  0  0  0  0999 V2000
    2.5657  -10.1071    0.0000 C   0  0  0  0  0  0  0  0  0  0  0  0
    4.7225   -8.8802    0.0000 C   0  0  0  0  0  0  0  0  0  0  0  0
    2.5657  -10.9299    0.0000 C   0  0  0  0  0  0  0  0  0  0  0  0
    5.5112   -8.6319    0.0000 C   0  0  0  0  0  0  0  0  0  0  0  0
    3.2863   -9.6884    0.0000 C   0  0  0  0  0  0  0  0  0  0  0  0
    4.0019  -10.1120    0.0000 C   0  0  0  0  0  0  0  0  0  0  0  0
    4.7176   -9.7030    0.0000 C   0  0  0  0  0  0  0  0  0  0  0  0
    1.8549   -9.6884    0.0000 C   0  0  0  0  0  0  0  0  0  0  0  0
    4.0068   -8.4566    0.0000 C   0  0  0  0  0  0  0  0  0  0  0  0
    3.2912   -8.8656    0.0000 C   0  0  0  0  0  0  0  0  0  0  0  0
    3.9922  -10.9396    0.0000 C   0  0  0  0  0  0  0  0  0  0  0  0
    1.8549  -11.3485    0.0000 C   0  0  0  0  0  0  0  0  0  0  0  0
    3.2766  -11.3485    0.0000 C   0  0  0  0  0  0  0  0  0  0  0  0
    5.5112   -7.8043    0.0000 C   0  0  0  0  0  0  0  0  0  0  0  0
    5.9932   -9.3037    0.0000 C   0  0  0  0  0  0  0  0  0  0  0  0
    5.4966   -9.9659    0.0000 C   0  0  0  0  0  0  0  0  0  0  0  0
    1.1441  -10.1071    0.0000 C   0  0  0  0  0  0  0  0  0  0  0  0
    1.1441  -10.9299    0.0000 C   0  0  0  0  0  0  0  0  0  0  0  0
    4.7906   -7.3953    0.0000 O   0  0  0  0  0  0  0  0  0  0  0  0
    0.4236  -11.3388    0.0000 O   0  0  0  0  0  0  0  0  0  0  0  0
    6.2269   -8.2132    0.0000 O   0  0  0  0  0  0  0  0  0  0  0  0
    2.5609   -9.2794    0.0000 C   0  0  0  0  0  0  0  0  0  0  0  0
    4.7225   -8.0526    0.0000 C   0  0  0  0  0  0  0  0  0  0  0  0
    2.5755   -8.4469    0.0000 O   0  0  0  0  0  0  0  0  0  0  0  0
    6.2220   -7.3807    0.0000 C   0  0  0  0  0  0  0  0  0  0  0  0
    6.9426   -7.7897    0.0000 O   0  0  0  0  0  0  0  0  0  0  0  0
    3.2766  -12.1713    0.0000 C   0  0  0  0  0  0  0  0  0  0  0  0
    3.2766  -10.5209    0.0000 H   0  0  0  0  0  0  0  0  0  0  0  0
    4.7079  -10.5306    0.0000 H   0  0  0  0  0  0  0  0  0  0  0  0
    3.9922   -9.2794    0.0000 H   0  0  0  0  0  0  0  0  0  0  0  0
    7.6540   -7.3719    0.0000 C   0  0  0  0  0  0  0  0  0  0  0  0
    8.3715   -7.7791    0.0000 C   0  0  0  0  0  0  0  0  0  0  0  0
    7.6479   -6.5469    0.0000 O   0  0  0  0  0  0  0  0  0  0  0  0
  2  9  1  0
  3  1  1  0
  4  2  1  0
  5  1  1  0
  6  5  1  0
  7  6  1  0
  8  1  1  0
  9 10  1  0
 10  5  1  0
 11  6  1  0
 12  3  2  0
 13  3  1  0
 14  4  1  0
 15 16  1  0
 16  7  1  0
 17  8  2  0
 18 12  1  0
 19 14  2  0
 20 18  2  0
  4 21  1  6
  1 22  1  1
  2 23  1  1
 10 24  1  1
 25 14  1  0
 26 25  1  0
 13 27  1  6
  5 28  1  6
  7 29  1  6
  6 30  1  1
 11 13  1  0
  7  2  1  0
 17 18  1  0
  4 15  1  0
 26 31  1  0
 31 32  1  0
 31 33  2  0
M  END
","InChI=1S/C24H32O6/c1-13-9-16-17-6-8-24(29,20(28)12-30-14(2)25)23(17,4)11-19(27)21(16)22(3)7-5-15(26)10-18(13)22/h5,7,10,13,16-17,19,21,27,29H,6,8-9,11-12H2,1-4H3/t13-,16-,17-,19-,21+,22-,23-,24-/m0/s1",PLBHSZGDDKCEHR-LFYFAGGJSA-N,CC(=O)OCC(=O)[C@@]1(O)CC[C@H]2[C@@H]3C[C@H](C)C4=CC(=O)C=C[C@]4(C)[C@H]3[C@@H](O)C[C@@]21C
229629,CHEMBL136737,NIMUSTINE,DISRUPTING AGENT,,CHEMBL2311221,DNA,Glioblastoma,glioblastoma multiforme,2.0,229629.0,272.7,0.8,6.0,2.0,113.57,5.0,N,0.0,272.7,1.0,18.0,0.47,C9H13ClN6O2,-0.73,83592887.0,229629.0,1.0,229629.0,"
     RDKit          2D

 18 18  0  0  0  0  0  0  0  0999 V2000
    3.4000   -0.5167    0.0000 N   0  0  0  0  0  0  0  0  0  0  0  0
   -1.3333   -1.0167    0.0000 C   0  0  0  0  0  0  0  0  0  0  0  0
   -2.2708   -0.4542    0.0000 N   0  0  0  0  0  0  0  0  0  0  0  0
    2.4625   -1.0625    0.0000 C   0  0  0  0  0  0  0  0  0  0  0  0
    1.5250   -0.5125    0.0000 C   0  0  0  0  0  0  0  0  0  0  0  0
   -3.2208   -0.9792    0.0000 N   0  0  0  0  0  0  0  0  0  0  0  0
   -0.3958   -0.4792    0.0000 N   0  0  0  0  0  0  0  0  0  0  0  0
    2.4625    1.1208    0.0000 N   0  0  0  0  0  0  0  0  0  0  0  0
    3.4000    0.5750    0.0000 C   0  0  0  0  0  0  0  0  0  0  0  0
    1.5250    0.6000    0.0000 C   0  0  0  0  0  0  0  0  0  0  0  0
    0.5375   -1.0375    0.0000 C   0  0  0  0  0  0  0  0  0  0  0  0
   -1.3208   -2.0917    0.0000 O   0  0  0  0  0  0  0  0  0  0  0  0
   -4.1458   -0.4292    0.0000 O   0  0  0  0  0  0  0  0  0  0  0  0
    2.4625   -2.1417    0.0000 N   0  0  0  0  0  0  0  0  0  0  0  0
   -2.2708    0.6208    0.0000 C   0  0  0  0  0  0  0  0  0  0  0  0
   -1.3333    2.2458    0.0000 Cl  0  0  0  0  0  0  0  0  0  0  0  0
   -1.3333    1.1625    0.0000 C   0  0  0  0  0  0  0  0  0  0  0  0
    4.3375    1.1458    0.0000 C   0  0  0  0  0  0  0  0  0  0  0  0
  2  7  1  0
  3  2  1  0
  4  1  1  0
  5  4  2  0
  6  3  1  0
  7 11  1  0
  8  9  1  0
  9  1  2  0
 10  8  2  0
 11  5  1  0
 12  2  2  0
 13  6  2  0
 14  4  1  0
 15  3  1  0
 16 17  1  0
 17 15  1  0
 18  9  1  0
  5 10  1  0
M  END
","InChI=1S/C9H13ClN6O2/c1-6-12-4-7(8(11)14-6)5-13-9(17)16(15-18)3-2-10/h4H,2-3,5H2,1H3,(H,13,17)(H2,11,12,14)",VFEDRRNHLBGPNN-UHFFFAOYSA-N,Cc1ncc(CNC(=O)N(CCCl)N=O)c(N)n1
317124,CHEMBL1373,MODAFINIL,INHIBITOR,,CHEMBL238,Sodium-dependent dopamine transporter,Brain Neoplasms,brain neoplasm,3.0,317124.0,273.36,2.01,2.0,1.0,66.15,5.0,N,0.0,273.36,2.0,19.0,0.85,C15H15NO2S,-0.24,83669537.0,317124.0,18.0,317124.0,"
     RDKit          2D

 19 20  0  0  0  0  0  0  0  0999 V2000
    1.2990   -0.7500    0.0000 C   0  0  0  0  0  0  0  0  0  0  0  0
    0.0000   -1.5000    0.0000 C   0  0  0  0  0  0  0  0  0  0  0  0
   -1.2990   -0.7500    0.0000 C   0  0  0  0  0  0  0  0  0  0  0  0
   -1.2990    0.7500    0.0000 C   0  0  0  0  0  0  0  0  0  0  0  0
    0.0000    1.5000    0.0000 C   0  0  0  0  0  0  0  0  0  0  0  0
    1.2990    0.7500    0.0000 C   0  0  0  0  0  0  0  0  0  0  0  0
   -2.6010    1.4966    0.0000 C   0  0  0  0  0  0  0  0  0  0  0  0
   -2.6062    2.9975    0.0000 C   0  0  0  0  0  0  0  0  0  0  0  0
   -3.9077    3.7433    0.0000 C   0  0  0  0  0  0  0  0  0  0  0  0
   -3.9128    5.2433    0.0000 C   0  0  0  0  0  0  0  0  0  0  0  0
   -2.6163    5.9977    0.0000 C   0  0  0  0  0  0  0  0  0  0  0  0
   -1.3147    5.2521    0.0000 C   0  0  0  0  0  0  0  0  0  0  0  0
   -1.3096    3.7521    0.0000 C   0  0  0  0  0  0  0  0  0  0  0  0
   -3.8999    0.7447    0.0000 S   0  0  0  0  0  0  0  0  0  0  0  0
   -5.2010    1.4929    0.0000 C   0  0  0  0  0  0  0  0  0  0  0  0
   -3.8982   -0.4553    0.0000 O   0  0  0  0  0  0  0  0  0  0  0  0
   -6.4999    0.7410    0.0000 C   0  0  0  0  0  0  0  0  0  0  0  0
   -6.4981   -0.4590    0.0000 N   0  0  0  0  0  0  0  0  0  0  0  0
   -7.5402    1.3391    0.0000 O   0  0  0  0  0  0  0  0  0  0  0  0
  4  5  1  0
  9 10  1  0
  2  3  1  0
 10 11  2  0
  5  6  2  0
 11 12  1  0
  6  1  1  0
 12 13  2  0
 13  8  1  0
  1  2  2  0
  7 14  1  0
  4  7  1  0
 14 15  1  0
  3  4  2  0
 14 16  1  0
  7  8  1  0
 15 17  1  0
 17 18  1  0
  8  9  2  0
 17 19  2  0
M  CHG  2  14   1  16  -1
M  END","InChI=1S/C15H15NO2S/c16-14(17)11-19(18)15(12-7-3-1-4-8-12)13-9-5-2-6-10-13/h1-10,15H,11H2,(H2,16,17)",YFGHCGITMMYXAQ-UHFFFAOYSA-N,NC(=O)C[S+]([O-])C(c1ccccc1)c1ccccc1
334337,CHEMBL1397,POSACONAZOLE,INHIBITOR,,CHEMBL1780,Lanosterol 14-alpha demethylase,Glioblastoma,glioblastoma multiforme,0.5,334337.0,700.79,4.57,12.0,1.0,115.7,12.0,N,2.0,700.79,5.0,51.0,0.2,C37H42F2N8O4,-0.62,86056182.0,334337.0,350.0,334337.0,"
     RDKit          2D

 51 57  0  0  1  0  0  0  0  0999 V2000
    4.3375    0.8583    0.0000 C   0  0  0  0  0  0  0  0  0  0  0  0
    3.9917    0.3833    0.0000 N   0  0  0  0  0  0  0  0  0  0  0  0
    4.8917    0.6833    0.0000 N   0  0  0  0  0  0  0  0  0  0  0  0
    4.9000    0.0958    0.0000 N   0  0  0  0  0  0  0  0  0  0  0  0
   -3.6458   -0.4542    0.0000 C   0  0  0  0  0  0  0  0  0  0  0  0
    4.3375   -0.0917    0.0000 C   0  0  0  0  0  0  0  0  0  0  0  0
   -4.2083   -0.6167    0.0000 C   0  0  0  0  0  0  0  0  0  0  0  0
   -3.0333   -2.1500    0.0000 N   0  0  0  0  0  0  0  0  0  0  0  0
    5.3667    1.0208    0.0000 C   0  0  0  0  0  0  0  0  0  0  0  0
   -3.7000   -1.4750    0.0000 N   0  0  0  0  0  0  0  0  0  0  0  0
    0.4792    0.3625    0.0000 N   0  0  0  0  0  0  0  0  0  0  0  0
    1.6542    0.3708    0.0000 N   0  0  0  0  0  0  0  0  0  0  0  0
   -3.6458    0.1333    0.0000 O   0  0  0  0  0  0  0  0  0  0  0  0
   -3.9708   -1.9917    0.0000 N   0  0  0  0  0  0  0  0  0  0  0  0
   -3.9625   -0.9417    0.0000 C   0  0  0  0  0  0  0  0  0  0  0  0
   -4.6333   -0.2042    0.0000 C   0  0  0  0  0  0  0  0  0  0  0  0
    3.4042    0.3750    0.0000 C   0  0  0  0  0  0  0  0  0  0  0  0
   -3.5583   -2.4042    0.0000 C   0  0  0  0  0  0  0  0  0  0  0  0
   -3.1208   -1.5750    0.0000 C   0  0  0  0  0  0  0  0  0  0  0  0
    4.1500    1.4125    0.0000 O   0  0  0  0  0  0  0  0  0  0  0  0
   -5.1958   -0.3667    0.0000 C   0  0  0  0  0  0  0  0  0  0  0  0
   -4.3500   -1.1792    0.0000 C   0  0  0  0  0  0  0  0  0  0  0  0
   -3.0833   -0.6292    0.0000 C   0  0  0  0  0  0  0  0  0  0  0  0
    2.2375    0.3708    0.0000 C   0  0  0  0  0  0  0  0  0  0  0  0
   -0.1000    0.3625    0.0000 C   0  0  0  0  0  0  0  0  0  0  0  0
    1.3542   -0.1417    0.0000 C   0  0  0  0  0  0  0  0  0  0  0  0
    1.3542    0.8750    0.0000 C   0  0  0  0  0  0  0  0  0  0  0  0
    0.7750   -0.1417    0.0000 C   0  0  0  0  0  0  0  0  0  0  0  0
    0.7667    0.8708    0.0000 C   0  0  0  0  0  0  0  0  0  0  0  0
   -2.7458   -0.1542    0.0000 C   0  0  0  0  0  0  0  0  0  0  0  0
    3.1167   -0.1375    0.0000 C   0  0  0  0  0  0  0  0  0  0  0  0
    3.1125    0.8833    0.0000 C   0  0  0  0  0  0  0  0  0  0  0  0
    2.5292   -0.1375    0.0000 C   0  0  0  0  0  0  0  0  0  0  0  0
    2.5250    0.8833    0.0000 C   0  0  0  0  0  0  0  0  0  0  0  0
    5.9000    0.7875    0.0000 C   0  0  0  0  0  0  0  0  0  0  0  0
   -0.3958   -0.1417    0.0000 C   0  0  0  0  0  0  0  0  0  0  0  0
   -0.4000    0.8708    0.0000 C   0  0  0  0  0  0  0  0  0  0  0  0
   -3.0833    0.3208    0.0000 C   0  0  0  0  0  0  0  0  0  0  0  0
   -5.3458   -0.9375    0.0000 C   0  0  0  0  0  0  0  0  0  0  0  0
   -4.4958    0.3625    0.0000 F   0  0  0  0  0  0  0  0  0  0  0  0
   -1.8625    0.3583    0.0000 O   0  0  0  0  0  0  0  0  0  0  0  0
   -4.9208   -1.3417    0.0000 C   0  0  0  0  0  0  0  0  0  0  0  0
   -1.2750    0.3583    0.0000 C   0  0  0  0  0  0  0  0  0  0  0  0
   -2.1583   -0.1542    0.0000 C   0  0  0  0  0  0  0  0  0  0  0  0
   -0.9833   -0.1500    0.0000 C   0  0  0  0  0  0  0  0  0  0  0  0
   -0.9833    0.8708    0.0000 C   0  0  0  0  0  0  0  0  0  0  0  0
   -5.9083   -1.1000    0.0000 F   0  0  0  0  0  0  0  0  0  0  0  0
    6.3750    1.1375    0.0000 O   0  0  0  0  0  0  0  0  0  0  0  0
    5.3000    1.6083    0.0000 C   0  0  0  0  0  0  0  0  0  0  0  0
    5.9667    0.2083    0.0000 C   0  0  0  0  0  0  0  0  0  0  0  0
    5.7750    1.9583    0.0000 C   0  0  0  0  0  0  0  0  0  0  0  0
  2  1  1  0
  3  1  1  0
  4  3  1  0
  5 23  1  0
  6  2  1  0
  7  5  1  0
  8 19  2  0
  9  3  1  0
 10 15  1  0
 11 29  1  0
 12 24  1  0
 13 38  1  0
 14 10  1  0
  5 15  1  1
 16  7  2  0
 17  2  1  0
 18 14  2  0
 19 10  1  0
 20  1  2  0
 21 16  1  0
 22  7  1  0
 23 30  1  0
 24 34  1  0
 25 11  1  0
 26 12  1  0
 27 12  1  0
 28 26  1  0
 29 27  1  0
 30 44  1  1
 31 17  2  0
 32 17  1  0
 33 31  1  0
 34 32  2  0
 35  9  1  0
 36 25  1  0
 37 25  2  0
 38 30  1  0
 39 42  1  0
 40 16  1  0
 41 43  1  0
 42 22  2  0
 43 46  2  0
 44 41  1  0
 45 36  2  0
 46 37  1  0
 47 39  1  0
 35 48  1  1
  9 49  1  1
 50 35  1  0
 51 49  1  0
  6  4  2  0
 24 33  2  0
 11 28  1  0
 45 43  1  0
  5 13  1  0
  8 18  1  0
 21 39  2  0
M  END
","InChI=1S/C37H42F2N8O4/c1-3-35(26(2)48)47-36(49)46(25-42-47)31-7-5-29(6-8-31)43-14-16-44(17-15-43)30-9-11-32(12-10-30)50-20-27-19-37(51-21-27,22-45-24-40-23-41-45)33-13-4-28(38)18-34(33)39/h4-13,18,23-27,35,48H,3,14-17,19-22H2,1-2H3/t26-,27+,35-,37-/m0/s1",RAGOYPUPXAKGKH-XAKZXMRKSA-N,CC[C@@H]([C@H](C)O)n1ncn(-c2ccc(N3CCN(c4ccc(OC[C@@H]5CO[C@@](Cn6cncn6)(c6ccc(F)cc6F)C5)cc4)CC3)cc2)c1=O
33986,CHEMBL141,LAMIVUDINE,INHIBITOR,,CHEMBL2362994,DNA polymerase/reverse transcriptase,Glioma,malignant glioma,1.0,33986.0,229.26,-0.59,7.0,2.0,90.37,2.0,N,0.0,229.26,1.0,15.0,0.7,C8H11N3O3S,1.46,,,,33986.0,"
     RDKit          2D

 15 16  0  0  1  0  0  0  0  0999 V2000
   10.0272   -1.2655    0.0000 C   0  0  0  0  0  0  0  0  0  0  0  0
    9.3115   -0.8539    0.0000 N   0  0  0  0  0  0  0  0  0  0  0  0
    9.3109   -0.0295    0.0000 C   0  0  0  0  0  0  0  0  0  0  0  0
   10.0259    0.3833    0.0000 C   0  0  0  0  0  0  0  0  0  0  0  0
   10.7416   -0.0283    0.0000 C   0  0  0  0  0  0  0  0  0  0  0  0
   10.7381   -0.8527    0.0000 N   0  0  0  0  0  0  0  0  0  0  0  0
   10.0279   -2.0899    0.0000 O   0  0  0  0  0  0  0  0  0  0  0  0
   12.2073   -0.9264    0.0000 O   0  0  0  0  0  0  0  0  0  0  0  0
   12.7605   -1.5420    0.0000 C   0  0  0  0  0  0  0  0  0  0  0  0
   12.3489   -2.2535    0.0000 S   0  0  0  0  0  0  0  0  0  0  0  0
   11.5391   -2.0819    0.0000 C   0  0  0  0  0  0  0  0  0  0  0  0
   11.4538   -1.2644    0.0000 C   0  0  0  0  0  0  0  0  0  0  0  0
   13.5780   -1.4523    0.0000 C   0  0  0  0  0  0  0  0  0  0  0  0
   14.0629   -2.1212    0.0000 O   0  0  0  0  0  0  0  0  0  0  0  0
    8.5994    0.3822    0.0000 N   0  0  0  0  0  0  0  0  0  0  0  0
  1  2  1  0
  2  3  2  0
  3  4  1  0
  4  5  2  0
  5  6  1  0
  1  6  1  0
  1  7  2  0
  8  9  1  0
  9 10  1  0
 10 11  1  0
 11 12  1  0
  8 12  1  0
 13 14  1  0
  9 13  1  1
 12  6  1  1
  3 15  1  0
M  END","InChI=1S/C8H11N3O3S/c9-5-1-2-11(8(13)10-5)6-4-15-7(3-12)14-6/h1-2,6-7,12H,3-4H2,(H2,9,10,13)/t6-,7+/m0/s1",JTEGQNOMFQHVDC-NKWVEPMBSA-N,Nc1ccn([C@@H]2CS[C@H](CO)O2)c(=O)n1
361469,CHEMBL1421,DASATINIB ANHYDROUS,INHIBITOR,,CHEMBL1862,Tyrosine-protein kinase ABL1,Brain Neoplasms,brain neoplasm,2.0,361469.0,488.02,3.31,9.0,3.0,106.51,7.0,N,0.0,488.02,3.0,33.0,0.47,C22H26ClN7O2S,-2.33,,,,361469.0,"
     RDKit          2D

 33 36  0  0  0  0  0  0  0  0999 V2000
   -0.0454   -1.7244    0.0000 C   0  0  0  0  0  0  0  0  0  0  0  0
   -0.8704   -1.7244    0.0000 C   0  0  0  0  0  0  0  0  0  0  0  0
   -1.3553   -2.3918    0.0000 C   0  0  0  0  0  0  0  0  0  0  0  0
    0.9711    4.4952    0.0000 N   0  0  0  0  0  0  0  0  0  0  0  0
   -2.4745   -5.1478    0.0000 C   0  0  0  0  0  0  0  0  0  0  0  0
   -2.8101   -4.3941    0.0000 C   0  0  0  0  0  0  0  0  0  0  0  0
   -2.3251   -3.7267    0.0000 C   0  0  0  0  0  0  0  0  0  0  0  0
   -2.6607   -2.9730    0.0000 C   0  0  0  0  0  0  0  0  0  0  0  0
    0.2566    0.7827    0.0000 C   0  0  0  0  0  0  0  0  0  0  0  0
    0.2566    1.6077    0.0000 C   0  0  0  0  0  0  0  0  0  0  0  0
    0.9711    2.0202    0.0000 C   0  0  0  0  0  0  0  0  0  0  0  0
    1.6855    0.7827    0.0000 C   0  0  0  0  0  0  0  0  0  0  0  0
    2.4000    0.3702    0.0000 C   0  0  0  0  0  0  0  0  0  0  0  0
    0.2566    3.2577    0.0000 C   0  0  0  0  0  0  0  0  0  0  0  0
    1.6855    3.2577    0.0000 C   0  0  0  0  0  0  0  0  0  0  0  0
    0.9711    5.3202    0.0000 C   0  0  0  0  0  0  0  0  0  0  0  0
    1.6855    5.7327    0.0000 C   0  0  0  0  0  0  0  0  0  0  0  0
   -0.4579    0.3702    0.0000 N   0  0  0  0  0  0  0  0  0  0  0  0
   -0.4579   -0.4548    0.0000 C   0  0  0  0  0  0  0  0  0  0  0  0
    0.2096   -0.9397    0.0000 N   0  0  0  0  0  0  0  0  0  0  0  0
   -1.1253   -0.9397    0.0000 S   0  0  0  0  0  0  0  0  0  0  0  0
   -1.0197   -3.1455    0.0000 N   0  0  0  0  0  0  0  0  0  0  0  0
   -1.5047   -3.8129    0.0000 C   0  0  0  0  0  0  0  0  0  0  0  0
   -1.1691   -4.5666    0.0000 C   0  0  0  0  0  0  0  0  0  0  0  0
   -1.6540   -5.2340    0.0000 C   0  0  0  0  0  0  0  0  0  0  0  0
   -0.3486   -4.6528    0.0000 Cl  0  0  0  0  0  0  0  0  0  0  0  0
   -2.1758   -2.3056    0.0000 O   0  0  0  0  0  0  0  0  0  0  0  0
    1.6855    1.6077    0.0000 N   0  0  0  0  0  0  0  0  0  0  0  0
    0.9711    0.3702    0.0000 N   0  0  0  0  0  0  0  0  0  0  0  0
    0.9711    2.8452    0.0000 N   0  0  0  0  0  0  0  0  0  0  0  0
    0.2566    4.0827    0.0000 C   0  0  0  0  0  0  0  0  0  0  0  0
    1.6855    4.0827    0.0000 C   0  0  0  0  0  0  0  0  0  0  0  0
    1.6855    6.5577    0.0000 O   0  0  0  0  0  0  0  0  0  0  0  0
  1  2  2  0
  1 20  1  0
  2  3  1  0
  2 21  1  0
  3 22  1  0
  3 27  2  0
 16  4  1  0
 31  4  1  0
 32  4  1  0
  5  6  2  0
 25  5  1  0
  6  7  1  0
  8  7  1  0
 23  7  2  0
  9 10  1  0
  9 18  1  0
  9 29  2  0
 10 11  2  0
 11 28  1  0
 11 30  1  0
 12 13  1  0
 12 28  2  0
 12 29  1  0
 14 30  1  0
 14 31  1  0
 15 30  1  0
 32 15  1  0
 16 17  1  0
 17 33  1  0
 19 18  1  0
 19 20  2  0
 19 21  1  0
 23 22  1  0
 23 24  1  0
 24 25  2  0
 24 26  1  0
M  END
","InChI=1S/C22H26ClN7O2S/c1-14-4-3-5-16(23)20(14)28-21(32)17-13-24-22(33-17)27-18-12-19(26-15(2)25-18)30-8-6-29(7-9-30)10-11-31/h3-5,12-13,31H,6-11H2,1-2H3,(H,28,32)(H,24,25,26,27)",ZBNZXTGUTAYRHI-UHFFFAOYSA-N,Cc1nc(Nc2ncc(C(=O)Nc3c(C)cccc3Cl)s2)cc(N2CCN(CCO)CC2)n1
374548,CHEMBL1444,LETROZOLE,INHIBITOR,,CHEMBL1978,Aromatase,Brain Neoplasms,brain neoplasm,0.5,374548.0,285.31,2.66,5.0,0.0,78.29,3.0,N,0.0,285.31,3.0,22.0,0.74,C17H11N5,-1.17,,,,374548.0,"
     RDKit          2D

 22 24  0  0  0  0  0  0  0  0999 V2000
   -1.8374    0.6226    0.0000 N   0  0  0  0  0  0  0  0  0  0  0  0
   -2.2088    1.6738    0.0000 N   0  0  0  0  0  0  0  0  0  0  0  0
   -1.2903    0.9832    0.0000 N   0  0  0  0  0  0  0  0  0  0  0  0
   -2.4237    0.9745    0.0000 C   0  0  0  0  0  0  0  0  0  0  0  0
    1.2421   -1.9383    0.0000 N   0  0  0  0  0  0  0  0  0  0  0  0
   -4.8873   -1.9069    0.0000 N   0  0  0  0  0  0  0  0  0  0  0  0
   -1.5380    1.6715    0.0000 C   0  0  0  0  0  0  0  0  0  0  0  0
   -1.8399   -0.1232    0.0000 C   0  0  0  0  0  0  0  0  0  0  0  0
   -4.2822   -1.5442    0.0000 C   0  0  0  0  0  0  0  0  0  0  0  0
    0.6302   -1.5608    0.0000 C   0  0  0  0  0  0  0  0  0  0  0  0
   -2.4328   -0.4629    0.0000 C   0  0  0  0  0  0  0  0  0  0  0  0
   -1.2286   -0.4670    0.0000 C   0  0  0  0  0  0  0  0  0  0  0  0
   -1.2310   -1.1920    0.0000 C   0  0  0  0  0  0  0  0  0  0  0  0
   -0.6023   -0.1066    0.0000 C   0  0  0  0  0  0  0  0  0  0  0  0
   -3.0566   -0.1233    0.0000 C   0  0  0  0  0  0  0  0  0  0  0  0
   -2.4352   -1.1712    0.0000 C   0  0  0  0  0  0  0  0  0  0  0  0
    0.0190   -1.1838    0.0000 C   0  0  0  0  0  0  0  0  0  0  0  0
   -3.6602   -1.1713    0.0000 C   0  0  0  0  0  0  0  0  0  0  0  0
   -0.6073   -1.5566    0.0000 C   0  0  0  0  0  0  0  0  0  0  0  0
    0.0214   -0.4713    0.0000 C   0  0  0  0  0  0  0  0  0  0  0  0
   -3.6661   -0.4670    0.0000 C   0  0  0  0  0  0  0  0  0  0  0  0
   -3.0572   -1.5316    0.0000 C   0  0  0  0  0  0  0  0  0  0  0  0
  2  4  2  0
  3  1  1  0
  4  1  1  0
  5 10  3  0
  6  9  3  0
  7  3  2  0
  8  1  1  0
  9 18  1  0
 10 17  1  0
 11  8  1  0
 12  8  1  0
 13 12  1  0
 14 12  2  0
 15 11  1  0
 16 11  2  0
 17 20  2  0
 18 22  2  0
 19 13  2  0
 20 14  1  0
 21 15  2  0
 22 16  1  0
  7  2  1  0
 17 19  1  0
 18 21  1  0
M  END
","InChI=1S/C17H11N5/c18-9-13-1-5-15(6-2-13)17(22-12-20-11-21-22)16-7-3-14(10-19)4-8-16/h1-8,11-12,17H",HPJKCIUCZWXJDR-UHFFFAOYSA-N,N#Cc1ccc(C(c2ccc(C#N)cc2)n2cncn2)cc1
386457,CHEMBL1456,MYCOPHENOLATE MOFETIL,INHIBITOR,,CHEMBL2111369,Inosine-5'-monophosphate dehydrogenase (IMPDH),Glioblastoma,glioblastoma multiforme,1.0,386457.0,433.5,2.52,8.0,1.0,94.53,9.0,N,0.0,433.5,1.0,31.0,0.47,C23H31NO7,0.73,84709473.0,386457.0,110.0,386457.0,"
     RDKit          2D

 31 33  0  0  0  0  0  0  0  0999 V2000
   -0.8333   -1.1500    0.0000 C   0  0  0  0  0  0  0  0  0  0  0  0
   -0.8333   -1.8750    0.0000 C   0  0  0  0  0  0  0  0  0  0  0  0
   -0.2208   -0.7792    0.0000 C   0  0  0  0  0  0  0  0  0  0  0  0
    0.3792   -1.1500    0.0000 C   0  0  0  0  0  0  0  0  0  0  0  0
    0.3792   -1.8750    0.0000 C   0  0  0  0  0  0  0  0  0  0  0  0
   -0.2208   -2.2292    0.0000 C   0  0  0  0  0  0  0  0  0  0  0  0
   -1.5333   -0.9292    0.0000 C   0  0  0  0  0  0  0  0  0  0  0  0
   -1.9333   -1.5125    0.0000 O   0  0  0  0  0  0  0  0  0  0  0  0
   -1.5333   -2.0750    0.0000 C   0  0  0  0  0  0  0  0  0  0  0  0
    0.9917   -0.8000    0.0000 C   0  0  0  0  0  0  0  0  0  0  0  0
    1.6167   -1.1500    0.0000 C   0  0  0  0  0  0  0  0  0  0  0  0
    6.5292   -1.1625    0.0000 N   0  0  0  0  0  0  0  0  0  0  0  0
    4.0667   -1.1500    0.0000 C   0  0  0  0  0  0  0  0  0  0  0  0
   -1.7708   -0.2625    0.0000 O   0  0  0  0  0  0  0  0  0  0  0  0
    2.2292   -0.7792    0.0000 C   0  0  0  0  0  0  0  0  0  0  0  0
    4.0667   -1.8500    0.0000 O   0  0  0  0  0  0  0  0  0  0  0  0
   -0.2208   -0.0625    0.0000 O   0  0  0  0  0  0  0  0  0  0  0  0
    7.7792   -1.8500    0.0000 O   0  0  0  0  0  0  0  0  0  0  0  0
    0.9917   -2.2375    0.0000 O   0  0  0  0  0  0  0  0  0  0  0  0
    3.4542   -0.8000    0.0000 C   0  0  0  0  0  0  0  0  0  0  0  0
    2.8417   -1.1500    0.0000 C   0  0  0  0  0  0  0  0  0  0  0  0
    4.6792   -0.8000    0.0000 O   0  0  0  0  0  0  0  0  0  0  0  0
   -0.2208   -2.9375    0.0000 C   0  0  0  0  0  0  0  0  0  0  0  0
    5.9292   -0.8000    0.0000 C   0  0  0  0  0  0  0  0  0  0  0  0
    5.3042   -1.1500    0.0000 C   0  0  0  0  0  0  0  0  0  0  0  0
    6.5417   -1.8500    0.0000 C   0  0  0  0  0  0  0  0  0  0  0  0
    7.1667   -0.7792    0.0000 C   0  0  0  0  0  0  0  0  0  0  0  0
    7.1667   -2.2167    0.0000 C   0  0  0  0  0  0  0  0  0  0  0  0
    7.7792   -1.1375    0.0000 C   0  0  0  0  0  0  0  0  0  0  0  0
    2.2292   -0.0792    0.0000 C   0  0  0  0  0  0  0  0  0  0  0  0
    1.6167   -1.8917    0.0000 C   0  0  0  0  0  0  0  0  0  0  0  0
  2  1  1  0
  3  1  2  0
  4  3  1  0
  5  4  2  0
  6  2  2  0
  7  1  1  0
  8  7  1  0
  9  2  1  0
 10  4  1  0
 11 10  1  0
 12 24  1  0
 13 20  1  0
 14  7  2  0
 15 11  2  0
 16 13  2  0
 17  3  1  0
 18 29  1  0
 19  5  1  0
 20 21  1  0
 21 15  1  0
 22 13  1  0
 23  6  1  0
 24 25  1  0
 25 22  1  0
 26 12  1  0
 27 12  1  0
 28 26  1  0
 29 27  1  0
 30 15  1  0
 31 19  1  0
  8  9  1  0
  5  6  1  0
 18 28  1  0
M  END","InChI=1S/C23H31NO7/c1-15(5-7-19(25)30-13-10-24-8-11-29-12-9-24)4-6-17-21(26)20-18(14-31-23(20)27)16(2)22(17)28-3/h4,26H,5-14H2,1-3H3/b15-4+",RTGDFNSFWBGLEC-SYZQJQIISA-N,COc1c(C)c2c(c(O)c1C/C=C(\C)CCC(=O)OCCN1CCOCC1)C(=O)OC2
393942,CHEMBL1463,FLUCYTOSINE,INHIBITOR,,CHEMBL2364680,Thymidylate synthase,Astrocytoma,anaplastic astrocytoma,1.0,393942.0,129.09,-0.51,3.0,2.0,71.77,0.0,N,0.0,129.09,1.0,9.0,0.5,C4H4FN3O,-0.72,,,,393942.0,"
     RDKit          2D

  9  9  0  0  0  0  0  0  0  0999 V2000
    5.0167   -5.3542    0.0000 N   0  0  0  0  0  0  0  0  0  0  0  0
    5.6167   -5.0125    0.0000 C   0  0  0  0  0  0  0  0  0  0  0  0
    5.6292   -4.3042    0.0000 C   0  0  0  0  0  0  0  0  0  0  0  0
    4.4000   -5.0125    0.0000 C   0  0  0  0  0  0  0  0  0  0  0  0
    4.4042   -4.3000    0.0000 N   0  0  0  0  0  0  0  0  0  0  0  0
    5.0042   -3.9417    0.0000 C   0  0  0  0  0  0  0  0  0  0  0  0
    3.7750   -5.3542    0.0000 O   0  0  0  0  0  0  0  0  0  0  0  0
    6.2417   -5.3667    0.0000 N   0  0  0  0  0  0  0  0  0  0  0  0
    6.2542   -3.9500    0.0000 F   0  0  0  0  0  0  0  0  0  0  0  0
  2  1  2  0
  3  2  1  0
  4  1  1  0
  5  4  1  0
  6  5  1  0
  7  4  2  0
  8  2  1  0
  9  3  1  0
  6  3  2  0
M  END
","InChI=1S/C4H4FN3O/c5-2-1-7-4(9)8-3(2)6/h1H,(H3,6,7,8,9)",XRECTZIEBJDKEO-UHFFFAOYSA-N,Nc1nc(=O)[nH]cc1F
399361,CHEMBL1471,APREPITANT,ANTAGONIST,,CHEMBL249,Substance-P receptor,Glioblastoma,glioblastoma multiforme,1.0,399361.0,534.43,4.95,5.0,2.0,83.24,6.0,N,1.0,534.43,3.0,37.0,0.44,C23H21F7N4O3,-0.94,86232477.0,399361.0,1028.0,399361.0,"
     RDKit          2D

 37 40  0  0  1  0  0  0  0  0999 V2000
   -0.1375   -0.8125    0.0000 N   0  0  0  0  0  0  0  0  0  0  0  0
    1.3000   -1.4792    0.0000 N   0  0  0  0  0  0  0  0  0  0  0  0
    0.0667   -1.4917    0.0000 C   0  0  0  0  0  0  0  0  0  0  0  0
    2.5250   -1.4750    0.0000 C   0  0  0  0  0  0  0  0  0  0  0  0
   -0.8500   -0.8000    0.0000 C   0  0  0  0  0  0  0  0  0  0  0  0
   -0.5208   -1.9000    0.0000 N   0  0  0  0  0  0  0  0  0  0  0  0
    6.2042   -1.4542    0.0000 C   0  0  0  0  0  0  0  0  0  0  0  0
    4.9875   -3.5917    0.0000 C   0  0  0  0  0  0  0  0  0  0  0  0
    1.9125   -1.8292    0.0000 C   0  0  0  0  0  0  0  0  0  0  0  0
   -1.0875   -1.4667    0.0000 N   0  0  0  0  0  0  0  0  0  0  0  0
    4.9875   -2.8792    0.0000 C   0  0  0  0  0  0  0  0  0  0  0  0
    5.6000   -1.8167    0.0000 C   0  0  0  0  0  0  0  0  0  0  0  0
    3.1375   -1.8250    0.0000 O   0  0  0  0  0  0  0  0  0  0  0  0
    4.3667   -1.8250    0.0000 C   0  0  0  0  0  0  0  0  0  0  0  0
    0.6875   -1.8375    0.0000 C   0  0  0  0  0  0  0  0  0  0  0  0
    5.6000   -2.5250    0.0000 C   0  0  0  0  0  0  0  0  0  0  0  0
    4.3750   -2.5292    0.0000 C   0  0  0  0  0  0  0  0  0  0  0  0
    4.9792   -1.4625    0.0000 C   0  0  0  0  0  0  0  0  0  0  0  0
    2.5250   -0.7667    0.0000 O   0  0  0  0  0  0  0  0  0  0  0  0
    3.7500   -1.4750    0.0000 C   0  0  0  0  0  0  0  0  0  0  0  0
    1.9167   -2.5417    0.0000 C   0  0  0  0  0  0  0  0  0  0  0  0
   -1.2500   -0.2125    0.0000 O   0  0  0  0  0  0  0  0  0  0  0  0
    6.8167   -1.8042    0.0000 F   0  0  0  0  0  0  0  0  0  0  0  0
    5.6042   -3.9417    0.0000 F   0  0  0  0  0  0  0  0  0  0  0  0
    4.2750   -3.5792    0.0000 F   0  0  0  0  0  0  0  0  0  0  0  0
    4.6375   -4.1958    0.0000 F   0  0  0  0  0  0  0  0  0  0  0  0
    5.8500   -0.8375    0.0000 F   0  0  0  0  0  0  0  0  0  0  0  0
    6.5500   -0.8375    0.0000 F   0  0  0  0  0  0  0  0  0  0  0  0
    1.3042   -2.9000    0.0000 C   0  0  0  0  0  0  0  0  0  0  0  0
    2.5375   -2.8917    0.0000 C   0  0  0  0  0  0  0  0  0  0  0  0
    1.3000   -0.7750    0.0000 C   0  0  0  0  0  0  0  0  0  0  0  0
    1.9250   -3.9542    0.0000 C   0  0  0  0  0  0  0  0  0  0  0  0
    1.9125   -0.4125    0.0000 C   0  0  0  0  0  0  0  0  0  0  0  0
    2.5375   -3.6000    0.0000 C   0  0  0  0  0  0  0  0  0  0  0  0
    1.3125   -3.6042    0.0000 C   0  0  0  0  0  0  0  0  0  0  0  0
    1.9250   -4.6667    0.0000 F   0  0  0  0  0  0  0  0  0  0  0  0
    3.7500   -0.7625    0.0000 C   0  0  0  0  0  0  0  0  0  0  0  0
  2 15  1  0
  3  1  1  0
  4  9  1  0
  5  1  1  0
  6  3  2  0
  7 12  1  0
  8 11  1  0
  9  2  1  0
 10  5  1  0
 11 17  2  0
 12 18  1  0
  4 13  1  6
 14 20  1  0
 15  3  1  0
 16 12  2  0
 17 14  1  0
 18 14  2  0
 19 33  1  0
 20 13  1  0
  9 21  1  6
 22  5  2  0
 23  7  1  0
 24  8  1  0
 25  8  1  0
 26  8  1  0
 27  7  1  0
 28  7  1  0
 29 21  1  0
 30 21  2  0
 31  2  1  0
 32 34  2  0
 33 31  1  0
 34 30  1  0
 35 29  2  0
 36 32  1  0
 20 37  1  6
 10  6  1  0
  4 19  1  0
 35 32  1  0
 11 16  1  0
M  END","InChI=1S/C23H21F7N4O3/c1-12(14-8-15(22(25,26)27)10-16(9-14)23(28,29)30)37-20-19(13-2-4-17(24)5-3-13)34(6-7-36-20)11-18-31-21(35)33-32-18/h2-5,8-10,12,19-20H,6-7,11H2,1H3,(H2,31,32,33,35)/t12-,19+,20-/m1/s1",ATALOFNDEOCMKK-OITMNORJSA-N,C[C@@H](O[C@H]1OCCN(Cc2n[nH]c(=O)[nH]2)[C@H]1c1ccc(F)cc1)c1cc(C(F)(F)F)cc(C(F)(F)F)c1
418401,CHEMBL1489,AZACITIDINE,INHIBITOR,,CHEMBL1992,DNA (cytosine-5)-methyltransferase 3A,Paraganglioma,Paraganglioma,2.0,418401.0,244.21,-3.17,9.0,4.0,143.72,2.0,N,0.0,244.21,1.0,17.0,0.43,C8H12N4O5,1.32,,,,418401.0,"
     RDKit          2D

 17 18  0  0  1  0  0  0  0  0999 V2000
    4.5750   -3.9500    0.0000 N   0  0  0  0  0  0  0  0  0  0  0  0
    4.5792   -4.9500    0.0000 C   0  0  0  0  0  0  0  0  0  0  0  0
    3.9625   -3.5917    0.0000 C   0  0  0  0  0  0  0  0  0  0  0  0
    3.9625   -2.8875    0.0000 N   0  0  0  0  0  0  0  0  0  0  0  0
    5.1833   -2.8875    0.0000 N   0  0  0  0  0  0  0  0  0  0  0  0
    4.3625   -5.6250    0.0000 C   0  0  0  0  0  0  0  0  0  0  0  0
    4.0042   -4.5292    0.0000 O   0  0  0  0  0  0  0  0  0  0  0  0
    5.1833   -3.5917    0.0000 C   0  0  0  0  0  0  0  0  0  0  0  0
    4.5750   -2.5292    0.0000 C   0  0  0  0  0  0  0  0  0  0  0  0
    3.6500   -5.6250    0.0000 C   0  0  0  0  0  0  0  0  0  0  0  0
    3.4333   -4.9500    0.0000 C   0  0  0  0  0  0  0  0  0  0  0  0
    3.3458   -3.9458    0.0000 O   0  0  0  0  0  0  0  0  0  0  0  0
    4.7750   -6.1958    0.0000 O   0  0  0  0  0  0  0  0  0  0  0  0
    4.5750   -1.8250    0.0000 N   0  0  0  0  0  0  0  0  0  0  0  0
    3.2375   -6.1958    0.0000 O   0  0  0  0  0  0  0  0  0  0  0  0
    2.8167   -4.5917    0.0000 C   0  0  0  0  0  0  0  0  0  0  0  0
    2.2000   -4.9458    0.0000 O   0  0  0  0  0  0  0  0  0  0  0  0
  2  1  1  1
  3  1  1  0
  4  3  1  0
  5  8  2  0
  6  2  1  0
  7  2  1  0
  8  1  1  0
  9  4  2  0
 10  6  1  0
 11  7  1  0
 12  3  2  0
  6 13  1  6
 14  9  1  0
 10 15  1  6
 11 16  1  1
 17 16  1  0
  9  5  1  0
 10 11  1  0
M  END","InChI=1S/C8H12N4O5/c9-7-10-2-12(8(16)11-7)6-5(15)4(14)3(1-13)17-6/h2-6,13-15H,1H2,(H2,9,11,16)/t3-,4-,5-,6-/m1/s1",NMUSYJAQQFHJEW-KVTDHHQDSA-N,Nc1ncn([C@@H]2O[C@H](CO)[C@@H](O)[C@H]2O)c(=O)n1
421089,CHEMBL1515,METHIMAZOLE,INHIBITOR,,CHEMBL1839,Thyroid peroxidase,Glioblastoma,glioblastoma multiforme,2.0,421089.0,114.17,0.71,3.0,1.0,17.82,0.0,Y,0.0,114.17,1.0,7.0,0.49,C4H6N2S,-1.71,83738654.0,421089.0,36.0,421089.0,"
     RDKit          2D

  7  7  0  0  0  0  0  0  0  0999 V2000
    4.6500   -4.8292    0.0000 C   0  0  0  0  0  0  0  0  0  0  0  0
    5.2167   -4.4167    0.0000 N   0  0  0  0  0  0  0  0  0  0  0  0
    4.8750   -5.5042    0.0000 N   0  0  0  0  0  0  0  0  0  0  0  0
    5.5792   -5.5042    0.0000 C   0  0  0  0  0  0  0  0  0  0  0  0
    5.7917   -4.8250    0.0000 C   0  0  0  0  0  0  0  0  0  0  0  0
    3.9667   -4.6167    0.0000 S   0  0  0  0  0  0  0  0  0  0  0  0
    5.2125   -3.7042    0.0000 C   0  0  0  0  0  0  0  0  0  0  0  0
  2  1  1  0
  3  1  2  0
  4  3  1  0
  5  2  1  0
  6  1  1  0
  7  2  1  0
  4  5  2  0
M  END
","InChI=1S/C4H6N2S/c1-6-3-2-5-4(6)7/h2-3H,1H3,(H,5,7)",PMRYVIKBURPHAH-UHFFFAOYSA-N,Cn1ccnc1S
442943,CHEMBL1554,DACTINOMYCIN,INHIBITOR,,CHEMBL2311221,DNA,Brain Neoplasms,brain cancer,3.0,442943.0,1255.44,,,,,,,,1255.44,,,,C62H86N12O16,,,,,442943.0,"
     RDKit          2D

 92 98  0  0  1  0  0  0  0  0999 V2000
    2.9875   -5.4000    0.0000 C   0  0  0  0  0  0  0  0  0  0  0  0
    2.3875   -5.0375    0.0000 C   0  0  0  0  0  0  0  0  0  0  0  0
    1.7667   -5.3875    0.0000 C   0  0  0  0  0  0  0  0  0  0  0  0
    2.3917   -4.3250    0.0000 N   0  0  0  0  0  0  0  0  0  0  0  0
    2.9875   -6.1042    0.0000 C   0  0  0  0  0  0  0  0  0  0  0  0
    1.7792   -3.9625    0.0000 C   0  0  0  0  0  0  0  0  0  0  0  0
    1.7625   -6.0958    0.0000 C   0  0  0  0  0  0  0  0  0  0  0  0
    5.2917   -2.0083    0.0000 N   0  0  0  0  0  0  0  0  0  0  0  0
   -1.5583   -2.7250    0.0000 N   0  0  0  0  0  0  0  0  0  0  0  0
    3.6083   -5.0458    0.0000 C   0  0  0  0  0  0  0  0  0  0  0  0
    5.2833   -2.7167    0.0000 C   0  0  0  0  0  0  0  0  0  0  0  0
   -0.9458   -2.3708    0.0000 C   0  0  0  0  0  0  0  0  0  0  0  0
    2.3667   -6.4542    0.0000 C   0  0  0  0  0  0  0  0  0  0  0  0
    1.7833   -3.2583    0.0000 C   0  0  0  0  0  0  0  0  0  0  0  0
    1.1500   -5.0292    0.0000 O   0  0  0  0  0  0  0  0  0  0  0  0
    4.6500   -3.7667    0.0000 N   0  0  0  0  0  0  0  0  0  0  0  0
    0.2833   -2.3750    0.0000 N   0  0  0  0  0  0  0  0  0  0  0  0
    7.0833   -5.2000    0.0000 C   0  0  0  0  0  0  0  0  0  0  0  0
    0.2667    0.4500    0.0000 C   0  0  0  0  0  0  0  0  0  0  0  0
    5.2458   -4.8375    0.0000 C   0  0  0  0  0  0  0  0  0  0  0  0
    0.8958   -1.3125    0.0000 C   0  0  0  0  0  0  0  0  0  0  0  0
    5.2500   -4.1250    0.0000 C   0  0  0  0  0  0  0  0  0  0  0  0
    0.2792   -1.6750    0.0000 C   0  0  0  0  0  0  0  0  0  0  0  0
    6.4792   -1.9583    0.0000 C   0  0  0  0  0  0  0  0  0  0  0  0
   -2.1458   -1.6042    0.0000 C   0  0  0  0  0  0  0  0  0  0  0  0
   -0.9583    0.4417    0.0000 N   0  0  0  0  0  0  0  0  0  0  0  0
    7.7042   -4.1417    0.0000 N   0  0  0  0  0  0  0  0  0  0  0  0
    7.0917   -1.6083    0.0000 N   0  0  0  0  0  0  0  0  0  0  0  0
   -2.7625   -1.2542    0.0000 N   0  0  0  0  0  0  0  0  0  0  0  0
    2.4000   -2.9083    0.0000 C   0  0  0  0  0  0  0  0  0  0  0  0
    1.1583   -4.3167    0.0000 C   0  0  0  0  0  0  0  0  0  0  0  0
    8.3208   -3.7917    0.0000 C   0  0  0  0  0  0  0  0  0  0  0  0
   -1.5750    0.7917    0.0000 C   0  0  0  0  0  0  0  0  0  0  0  0
    4.2167   -5.4083    0.0000 N   0  0  0  0  0  0  0  0  0  0  0  0
    2.4083   -2.2000    0.0000 N   0  0  0  0  0  0  0  0  0  0  0  0
    4.6625   -3.0583    0.0000 C   0  0  0  0  0  0  0  0  0  0  0  0
   -0.3333   -2.7250    0.0000 C   0  0  0  0  0  0  0  0  0  0  0  0
   -2.1375   -2.3125    0.0000 C   0  0  0  0  0  0  0  0  0  0  0  0
    5.8750   -1.5958    0.0000 C   0  0  0  0  0  0  0  0  0  0  0  0
    0.2708   -0.2583    0.0000 O   0  0  0  0  0  0  0  0  0  0  0  0
    6.4708   -4.8458    0.0000 O   0  0  0  0  0  0  0  0  0  0  0  0
    7.7000   -4.8500    0.0000 C   0  0  0  0  0  0  0  0  0  0  0  0
   -0.3500    0.8000    0.0000 C   0  0  0  0  0  0  0  0  0  0  0  0
    0.8875   -0.6042    0.0000 C   0  0  0  0  0  0  0  0  0  0  0  0
    5.8583   -5.1958    0.0000 C   0  0  0  0  0  0  0  0  0  0  0  0
    8.3333   -2.4417    0.0000 C   0  0  0  0  0  0  0  0  0  0  0  0
   -2.7458    0.1000    0.0000 C   0  0  0  0  0  0  0  0  0  0  0  0
    1.1708   -2.8917    0.0000 C   0  0  0  0  0  0  0  0  0  0  0  0
    5.8875   -3.0792    0.0000 O   0  0  0  0  0  0  0  0  0  0  0  0
   -0.9417   -1.6625    0.0000 O   0  0  0  0  0  0  0  0  0  0  0  0
    0.8750    0.8125    0.0000 O   0  0  0  0  0  0  0  0  0  0  0  0
    7.0792   -5.9083    0.0000 O   0  0  0  0  0  0  0  0  0  0  0  0
    3.6125   -4.3417    0.0000 O   0  0  0  0  0  0  0  0  0  0  0  0
    0.5458   -3.9583    0.0000 C   0  0  0  0  0  0  0  0  0  0  0  0
    6.4667   -2.6667    0.0000 O   0  0  0  0  0  0  0  0  0  0  0  0
   -1.5375   -1.2458    0.0000 O   0  0  0  0  0  0  0  0  0  0  0  0
    2.3625   -7.1625    0.0000 O   0  0  0  0  0  0  0  0  0  0  0  0
   -0.3333   -1.3208    0.0000 O   0  0  0  0  0  0  0  0  0  0  0  0
    5.8708   -3.7792    0.0000 O   0  0  0  0  0  0  0  0  0  0  0  0
   -1.5833    1.5000    0.0000 O   0  0  0  0  0  0  0  0  0  0  0  0
    8.9292   -4.1500    0.0000 O   0  0  0  0  0  0  0  0  0  0  0  0
    3.0083   -3.2708    0.0000 O   0  0  0  0  0  0  0  0  0  0  0  0
    3.6000   -6.4625    0.0000 N   0  0  0  0  0  0  0  0  0  0  0  0
    0.5500   -3.2458    0.0000 C   0  0  0  0  0  0  0  0  0  0  0  0
    4.0542   -2.6958    0.0000 C   0  0  0  0  0  0  0  0  0  0  0  0
   -0.3333   -3.4333    0.0000 C   0  0  0  0  0  0  0  0  0  0  0  0
    4.7250   -1.5792    0.0000 C   0  0  0  0  0  0  0  0  0  0  0  0
   -1.7792   -3.4000    0.0000 C   0  0  0  0  0  0  0  0  0  0  0  0
   -0.3542    1.5083    0.0000 C   0  0  0  0  0  0  0  0  0  0  0  0
    8.3125   -5.2083    0.0000 C   0  0  0  0  0  0  0  0  0  0  0  0
    1.1458   -6.4417    0.0000 C   0  0  0  0  0  0  0  0  0  0  0  0
    7.0917   -3.7833    0.0000 C   0  0  0  0  0  0  0  0  0  0  0  0
   -0.9542   -0.2667    0.0000 C   0  0  0  0  0  0  0  0  0  0  0  0
   -3.3708   -1.6167    0.0000 C   0  0  0  0  0  0  0  0  0  0  0  0
    7.0958   -0.9000    0.0000 C   0  0  0  0  0  0  0  0  0  0  0  0
   -2.7083   -2.7333    0.0000 C   0  0  0  0  0  0  0  0  0  0  0  0
    5.6667   -0.9208    0.0000 C   0  0  0  0  0  0  0  0  0  0  0  0
    4.9583   -0.9083    0.0000 C   0  0  0  0  0  0  0  0  0  0  0  0
   -2.4833   -3.4042    0.0000 C   0  0  0  0  0  0  0  0  0  0  0  0
    5.8542   -5.9042    0.0000 C   0  0  0  0  0  0  0  0  0  0  0  0
    1.5000   -0.2458    0.0000 C   0  0  0  0  0  0  0  0  0  0  0  0
   -0.0708   -4.3083    0.0000 C   0  0  0  0  0  0  0  0  0  0  0  0
    4.0667   -1.9875    0.0000 C   0  0  0  0  0  0  0  0  0  0  0  0
   -0.9500   -3.7875    0.0000 C   0  0  0  0  0  0  0  0  0  0  0  0
    0.2750   -3.7917    0.0000 C   0  0  0  0  0  0  0  0  0  0  0  0
    3.4375   -3.0375    0.0000 C   0  0  0  0  0  0  0  0  0  0  0  0
    8.9250   -4.8583    0.0000 C   0  0  0  0  0  0  0  0  0  0  0  0
    8.3083   -5.9167    0.0000 C   0  0  0  0  0  0  0  0  0  0  0  0
   -0.9708    1.8583    0.0000 C   0  0  0  0  0  0  0  0  0  0  0  0
    0.2542    1.8667    0.0000 C   0  0  0  0  0  0  0  0  0  0  0  0
    6.6620   -0.9789    0.0000 H   0  0  0  0  0  0  0  0  0  0  0  0
   -3.0327   -1.8668    0.0000 H   0  0  0  0  0  0  0  0  0  0  0  0
  2  1  1  0
  3  2  1  0
  4  2  2  0
  5  1  2  0
  6  4  1  0
  7 13  1  0
  8 11  1  0
  9 12  1  0
 10  1  1  0
 11 36  1  0
 12 37  1  0
 13  5  1  0
 14  6  1  0
 15  3  1  0
 16 22  1  0
 17 23  1  0
 18 41  1  0
 19 40  1  0
 20 34  1  6
 21 35  1  6
 22 20  1  0
 23 21  1  0
 24 39  1  0
 25 38  1  0
 26 43  1  0
 27 42  1  0
 28 46  1  0
 29 47  1  0
 30 14  1  0
 31  6  2  0
 32 27  1  0
 33 26  1  0
 34 10  1  0
 35 30  1  0
 36 16  1  0
 37 17  1  0
 38  9  1  0
 39  8  1  0
 40 44  1  0
 41 45  1  0
 42 18  1  0
 43 19  1  0
 44 21  1  0
 45 20  1  0
 46 32  1  0
 47 33  1  0
 48 14  2  0
 49 11  2  0
 50 12  2  0
 51 19  2  0
 52 18  2  0
 53 10  2  0
 54 31  1  0
 55 24  2  0
 56 25  2  0
 57 13  2  0
 58 23  2  0
 59 22  2  0
 60 33  2  0
 61 32  2  0
 62 30  2  0
 63  5  1  0
 64 48  1  0
 36 65  1  6
 37 66  1  6
 67  8  1  0
 68  9  1  0
 43 69  1  1
 42 70  1  1
 71  7  1  0
 72 27  1  0
 73 26  1  0
 74 29  1  0
 75 28  1  0
 76 38  1  0
 77 39  1  0
 78 67  1  0
 79 68  1  0
 45 80  1  6
 44 81  1  6
 82 54  1  0
 83 65  1  0
 84 66  1  0
 85 66  1  0
 86 65  1  0
 87 70  1  0
 88 70  1  0
 89 69  1  0
 90 69  1  0
  3  7  2  0
 15 31  1  0
 54 64  2  0
 77 78  1  0
 24 28  1  0
 76 79  1  0
 29 25  1  0
 39 91  1  6
 38 92  1  6
M  END
","InChI=1S/C62H86N12O16/c1-27(2)42-59(84)73-23-17-19-36(73)57(82)69(13)25-38(75)71(15)48(29(5)6)61(86)88-33(11)44(55(80)65-42)67-53(78)35-22-21-31(9)51-46(35)64-47-40(41(63)50(77)32(10)52(47)90-51)54(79)68-45-34(12)89-62(87)49(30(7)8)72(16)39(76)26-70(14)58(83)37-20-18-24-74(37)60(85)43(28(3)4)66-56(45)81/h21-22,27-30,33-34,36-37,42-45,48-49H,17-20,23-26,63H2,1-16H3,(H,65,80)(H,66,81)(H,67,78)(H,68,79)/t33-,34-,36+,37+,42-,43-,44+,45+,48+,49+/m1/s1",RJURFGZVJUQBHK-IIXSONLDSA-N,Cc1c2oc3c(C)ccc(C(=O)N[C@@H]4C(=O)N[C@H](C(C)C)C(=O)N5CCC[C@H]5C(=O)N(C)CC(=O)N(C)[C@@H](C(C)C)C(=O)O[C@@H]4C)c3nc-2c(C(=O)N[C@@H]2C(=O)N[C@H](C(C)C)C(=O)N3CCC[C@H]3C(=O)N(C)CC(=O)N(C)[C@@H](C(C)C)C(=O)O[C@@H]2C)c(N)c1=O
444750,CHEMBL1560,CAPTOPRIL,INHIBITOR,,CHEMBL1808,Angiotensin-converting enzyme,Glioblastoma,glioblastoma multiforme,1.0,444750.0,217.29,0.63,3.0,2.0,57.61,3.0,Y,0.0,217.29,0.0,14.0,0.68,C9H15NO3S,0.11,83738724.0,444750.0,36.0,444750.0,"
     RDKit          2D

 14 14  0  0  1  0  0  0  0  0999 V2000
    5.3167   -5.4375    0.0000 N   0  0  0  0  0  0  0  0  0  0  0  0
    5.3167   -4.7292    0.0000 C   0  0  0  0  0  0  0  0  0  0  0  0
    5.8917   -5.8542    0.0000 C   0  0  0  0  0  0  0  0  0  0  0  0
    6.5042   -5.4917    0.0000 C   0  0  0  0  0  0  0  0  0  0  0  0
    4.7042   -4.3750    0.0000 C   0  0  0  0  0  0  0  0  0  0  0  0
    5.9292   -4.3750    0.0000 O   0  0  0  0  0  0  0  0  0  0  0  0
    6.4917   -4.7875    0.0000 O   0  0  0  0  0  0  0  0  0  0  0  0
    4.7417   -5.8542    0.0000 C   0  0  0  0  0  0  0  0  0  0  0  0
    7.1167   -5.8417    0.0000 O   0  0  0  0  0  0  0  0  0  0  0  0
    3.4792   -4.3750    0.0000 S   0  0  0  0  0  0  0  0  0  0  0  0
    4.0917   -4.7292    0.0000 C   0  0  0  0  0  0  0  0  0  0  0  0
    5.6750   -6.5292    0.0000 C   0  0  0  0  0  0  0  0  0  0  0  0
    4.9625   -6.5292    0.0000 C   0  0  0  0  0  0  0  0  0  0  0  0
    4.7042   -3.6667    0.0000 C   0  0  0  0  0  0  0  0  0  0  0  0
  2  1  1  0
  3  1  1  0
  3  4  1  6
  5  2  1  0
  6  2  2  0
  7  4  2  0
  8  1  1  0
  9  4  1  0
 10 11  1  0
 11  5  1  0
 12  3  1  0
 13  8  1  0
  5 14  1  1
 12 13  1  0
M  END
","InChI=1S/C9H15NO3S/c1-6(5-14)8(11)10-4-2-3-7(10)9(12)13/h6-7,14H,2-5H2,1H3,(H,12,13)/t6-,7+/m1/s1",FAKRSMQSSFJEIM-RQJHMYQMSA-N,C[C@H](CS)C(=O)N1CCC[C@H]1C(=O)O
450864,CHEMBL1567,SUNITINIB MALATE,INHIBITOR,,CHEMBL1844,Macrophage colony-stimulating factor 1 receptor,Astrocytoma,anaplastic astrocytoma,2.0,450864.0,398.48,3.33,3.0,3.0,77.23,7.0,N,0.0,532.57,2.0,29.0,0.63,C26H33FN4O7,-1.21,84820412.0,450864.0,113.0,450864.0,"
     RDKit          2D

 38 39  0  0  0  0  0  0  0  0999 V2000
    7.6167   -0.8917    0.0000 C   0  0  0  0  0  0  0  0  0  0  0  0
    8.3311   -0.4792    0.0000 C   0  0  0  0  0  0  0  0  0  0  0  0
    9.0456   -0.8917    0.0000 C   0  0  0  0  0  0  0  0  0  0  0  0
    8.3311    0.3458    0.0000 O   0  0  0  0  0  0  0  0  0  0  0  0
    9.0456   -1.7167    0.0000 C   0  0  0  0  0  0  0  0  0  0  0  0
    8.3316   -2.1332    0.0000 O   0  0  0  0  0  0  0  0  0  0  0  0
    9.7605   -2.1332    0.0000 O   0  0  0  0  0  0  0  0  0  0  0  0
    6.9022   -0.4817    0.0000 O   0  0  0  0  0  0  0  0  0  0  0  0
    7.6167   -1.7192    0.0000 O   0  0  0  0  0  0  0  0  0  0  0  0
   -0.1306   -0.2541    0.0000 C   0  0  0  0  0  0  0  0  0  0  0  0
   -0.1318   -1.0815    0.0000 C   0  0  0  0  0  0  0  0  0  0  0  0
    0.5831   -1.4944    0.0000 C   0  0  0  0  0  0  0  0  0  0  0  0
    0.5813    0.1586    0.0000 C   0  0  0  0  0  0  0  0  0  0  0  0
    1.2966   -0.2505    0.0000 C   0  0  0  0  0  0  0  0  0  0  0  0
    1.2969   -1.0769    0.0000 C   0  0  0  0  0  0  0  0  0  0  0  0
    2.0830   -1.3321    0.0000 N   0  0  0  0  0  0  0  0  0  0  0  0
    2.5686   -0.6633    0.0000 C   0  0  0  0  0  0  0  0  0  0  0  0
    2.0826    0.0051    0.0000 C   0  0  0  0  0  0  0  0  0  0  0  0
    3.3936   -0.6630    0.0000 O   0  0  0  0  0  0  0  0  0  0  0  0
   -0.8452    0.1582    0.0000 F   0  0  0  0  0  0  0  0  0  0  0  0
    2.4875    0.7250    0.0000 C   0  0  0  0  0  0  0  0  0  0  0  0
    3.3124    0.7343    0.0000 C   0  0  0  0  0  0  0  0  0  0  0  0
    3.8013    0.0754    0.0000 N   0  0  0  0  0  0  0  0  0  0  0  0
    4.5830    0.3391    0.0000 C   0  0  0  0  0  0  0  0  0  0  0  0
    4.5737    1.1641    0.0000 C   0  0  0  0  0  0  0  0  0  0  0  0
    3.7863    1.4101    0.0000 C   0  0  0  0  0  0  0  0  0  0  0  0
    3.5203    2.1910    0.0000 C   0  0  0  0  0  0  0  0  0  0  0  0
    5.2558   -0.1383    0.0000 C   0  0  0  0  0  0  0  0  0  0  0  0
    5.2356    1.6566    0.0000 C   0  0  0  0  0  0  0  0  0  0  0  0
    5.9931    1.3296    0.0000 N   0  0  0  0  0  0  0  0  0  0  0  0
    5.1401    2.4760    0.0000 O   0  0  0  0  0  0  0  0  0  0  0  0
    6.6550    1.8220    0.0000 C   0  0  0  0  0  0  0  0  0  0  0  0
    7.4124    1.4950    0.0000 C   0  0  0  0  0  0  0  0  0  0  0  0
    8.0743    1.9874    0.0000 N   0  0  0  0  0  0  0  0  0  0  0  0
    8.8317    1.6604    0.0000 C   0  0  0  0  0  0  0  0  0  0  0  0
    7.9788    2.8069    0.0000 C   0  0  0  0  0  0  0  0  0  0  0  0
    8.6407    3.2993    0.0000 C   0  0  0  0  0  0  0  0  0  0  0  0
    9.4936    2.1529    0.0000 C   0  0  0  0  0  0  0  0  0  0  0  0
  1  2  1  0
  2  3  1  0
  2  4  1  1
  3  5  1  0
  5  6  1  0
  5  7  2  0
  1  8  1  0
  1  9  2  0
 15 16  1  0
 26 27  1  0
 16 17  1  0
 24 28  1  0
 17 18  1  0
 25 29  1  0
 18 14  1  0
 29 30  1  0
 14 13  2  0
 29 31  2  0
 17 19  2  0
 30 32  1  0
 13 10  1  0
 32 33  1  0
 10 20  1  0
 33 34  1  0
 14 15  1  0
 34 35  1  0
 18 21  2  0
 34 36  1  0
 10 11  2  0
 36 37  1  0
 21 22  1  0
 35 38  1  0
 22 23  1  0
 11 12  1  0
 12 15  2  0
 23 24  1  0
 24 25  2  0
 25 26  1  0
 26 22  2  0
M  END
","InChI=1S/C22H27FN4O2.C4H6O5/c1-5-27(6-2)10-9-24-22(29)20-13(3)19(25-14(20)4)12-17-16-11-15(23)7-8-18(16)26-21(17)28;5-2(4(8)9)1-3(6)7/h7-8,11-12,25H,5-6,9-10H2,1-4H3,(H,24,29)(H,26,28);2,5H,1H2,(H,6,7)(H,8,9)/b17-12-;/t;2-/m.0/s1",LBWFXVZLPYTWQI-IPOVEDGCSA-N,CCN(CC)CCNC(=O)c1c(C)[nH]c(/C=C2\C(=O)Nc3ccc(F)cc32)c1C.O=C(O)C[C@H](O)C(=O)O
255904,CHEMBL157101,KETOCONAZOLE,INHIBITOR,,CHEMBL1780,Lanosterol 14-alpha demethylase,Glioblastoma,glioblastoma multiforme,0.5,255904.0,531.44,4.21,7.0,0.0,69.06,7.0,N,1.0,531.44,3.0,36.0,0.46,C26H28Cl2N4O4,-0.77,86055919.0,255904.0,350.0,255904.0,"
     RDKit          2D

 36 40  0  0  0  0  0  0  0  0999 V2000
   22.4561   -5.2970    0.0000 N   0  0  0  0  0  0  0  0  0  0  0  0
   21.7887   -5.7819    0.0000 C   0  0  0  0  0  0  0  0  0  0  0  0
   22.0436   -6.5665    0.0000 N   0  0  0  0  0  0  0  0  0  0  0  0
   22.8686   -6.5665    0.0000 C   0  0  0  0  0  0  0  0  0  0  0  0
   23.1235   -5.7819    0.0000 C   0  0  0  0  0  0  0  0  0  0  0  0
   22.4561   -4.4720    0.0000 C   0  0  0  0  0  0  0  0  0  0  0  0
   23.1706   -4.0595    0.0000 C   0  0  0  0  0  0  0  0  0  0  0  0
   23.7837   -3.5074    0.0000 O   0  0  0  0  0  0  0  0  0  0  0  0
   24.4981   -3.9199    0.0000 C   0  0  0  0  0  0  0  0  0  0  0  0
   24.3266   -4.7269    0.0000 C   0  0  0  0  0  0  0  0  0  0  0  0
   23.5061   -4.8131    0.0000 O   0  0  0  0  0  0  0  0  0  0  0  0
   22.6856   -3.3920    0.0000 C   0  0  0  0  0  0  0  0  0  0  0  0
   21.8652   -3.4783    0.0000 C   0  0  0  0  0  0  0  0  0  0  0  0
   21.3802   -2.8108    0.0000 C   0  0  0  0  0  0  0  0  0  0  0  0
   21.7158   -2.0571    0.0000 C   0  0  0  0  0  0  0  0  0  0  0  0
   22.5363   -1.9709    0.0000 C   0  0  0  0  0  0  0  0  0  0  0  0
   23.0212   -2.6383    0.0000 C   0  0  0  0  0  0  0  0  0  0  0  0
   21.2309   -1.3897    0.0000 Cl  0  0  0  0  0  0  0  0  0  0  0  0
   25.2518   -3.5844    0.0000 C   0  0  0  0  0  0  0  0  0  0  0  0
   25.3380   -2.7639    0.0000 O   0  0  0  0  0  0  0  0  0  0  0  0
   26.0917   -2.4283    0.0000 C   0  0  0  0  0  0  0  0  0  0  0  0
   26.1779   -1.6078    0.0000 C   0  0  0  0  0  0  0  0  0  0  0  0
   26.9316   -1.2723    0.0000 C   0  0  0  0  0  0  0  0  0  0  0  0
   27.5991   -1.7572    0.0000 C   0  0  0  0  0  0  0  0  0  0  0  0
   27.5128   -2.5777    0.0000 C   0  0  0  0  0  0  0  0  0  0  0  0
   26.7592   -2.9133    0.0000 C   0  0  0  0  0  0  0  0  0  0  0  0
   28.3527   -1.4217    0.0000 N   0  0  0  0  0  0  0  0  0  0  0  0
   29.0202   -1.9066    0.0000 C   0  0  0  0  0  0  0  0  0  0  0  0
   29.7739   -1.5710    0.0000 C   0  0  0  0  0  0  0  0  0  0  0  0
   29.8601   -0.7505    0.0000 N   0  0  0  0  0  0  0  0  0  0  0  0
   29.1926   -0.2656    0.0000 C   0  0  0  0  0  0  0  0  0  0  0  0
   28.4390   -0.6012    0.0000 C   0  0  0  0  0  0  0  0  0  0  0  0
   30.6138   -0.4150    0.0000 C   0  0  0  0  0  0  0  0  0  0  0  0
   30.7000    0.4055    0.0000 O   0  0  0  0  0  0  0  0  0  0  0  0
   31.2812   -0.8999    0.0000 C   0  0  0  0  0  0  0  0  0  0  0  0
   21.5296   -4.2319    0.0000 Cl  0  0  0  0  0  0  0  0  0  0  0  0
  2  1  1  0
  2  3  2  0
  4  3  1  0
  5  1  1  0
  4  5  2  0
  6  1  1  0
  7  6  1  0
  7  8  1  0
  9  8  1  0
  9 10  1  0
  7 11  1  0
 10 11  1  0
  7 12  1  0
 12 13  1  0
 14 13  2  0
 14 15  1  0
 15 16  2  0
 17 12  2  0
 16 17  1  0
 15 18  1  0
  9 19  1  0
 19 20  1  0
 21 20  1  0
 21 22  2  0
 22 23  1  0
 23 24  2  0
 24 25  1  0
 25 26  2  0
 21 26  1  0
 24 27  1  0
 28 27  1  0
 28 29  1  0
 29 30  1  0
 31 30  1  0
 32 27  1  0
 31 32  1  0
 33 30  1  0
 33 34  2  0
 33 35  1  0
 13 36  1  0
M  END
","InChI=1S/C26H28Cl2N4O4/c1-19(33)31-10-12-32(13-11-31)21-3-5-22(6-4-21)34-15-23-16-35-26(36-23,17-30-9-8-29-18-30)24-7-2-20(27)14-25(24)28/h2-9,14,18,23H,10-13,15-17H2,1H3",XMAYWYJOQHXEEK-UHFFFAOYSA-N,CC(=O)N1CCN(c2ccc(OCC3COC(Cn4ccnc4)(c4ccc(Cl)cc4Cl)O3)cc2)CC1
72873,CHEMBL160,CYCLOSPORINE,MODULATOR,,CHEMBL1949,Peptidyl-prolyl cis-trans isomerase A,Brain Neoplasms,brain neoplasm,1.0,72873.0,1202.63,,,,,,,,1202.63,,,,C62H111N11O12,,,,,72873.0,"
     RDKit          2D

 86 86  0  0  0  0  0  0  0  0999 V2000
    0.4526    4.8180    0.0000 N   0  0  0  0  0  0  0  0  0  0  0  0
    0.3836    5.6401    0.0000 C   0  0  0  0  0  0  0  0  0  0  0  0
    1.1583    4.3906    0.0000 C   0  0  0  0  0  0  0  0  0  0  0  0
    0.9700    3.5874    0.0000 C   0  0  0  0  0  0  0  0  0  0  0  0
    0.1504    3.4932    0.0000 O   0  0  0  0  0  0  0  0  0  0  0  0
    1.9189    4.7104    0.0000 C   0  0  0  0  0  0  0  0  0  0  0  0
    2.5760    4.2116    0.0000 O   0  0  0  0  0  0  0  0  0  0  0  0
    2.0222    5.5289    0.0000 C   0  0  0  0  0  0  0  0  0  0  0  0
    1.3651    6.0276    0.0000 C   0  0  0  0  0  0  0  0  0  0  0  0
    2.7828    5.8486    0.0000 C   0  0  0  0  0  0  0  0  0  0  0  0
    2.8861    6.6671    0.0000 C   0  0  0  0  0  0  0  0  0  0  0  0
    3.6467    6.9868    0.0000 C   0  0  0  0  0  0  0  0  0  0  0  0
    3.7501    7.8053    0.0000 C   0  0  0  0  0  0  0  0  0  0  0  0
    1.3702    2.7782    0.0000 N   0  0  0  0  0  0  0  0  0  0  0  0
    0.9428    2.0725    0.0000 C   0  0  0  0  0  0  0  0  0  0  0  0
    1.3403    1.3496    0.0000 C   0  0  0  0  0  0  0  0  0  0  0  0
    2.1651    1.3323    0.0000 O   0  0  0  0  0  0  0  0  0  0  0  0
    1.7676    2.0552    0.0000 C   0  0  0  0  0  0  0  0  0  0  0  0
    2.1950    2.7609    0.0000 C   0  0  0  0  0  0  0  0  0  0  0  0
    0.9129    0.6439    0.0000 N   0  0  0  0  0  0  0  0  0  0  0  0
    1.3104   -0.0791    0.0000 C   0  0  0  0  0  0  0  0  0  0  0  0
    0.8831   -0.7848    0.0000 C   0  0  0  0  0  0  0  0  0  0  0  0
    0.0582   -0.7675    0.0000 O   0  0  0  0  0  0  0  0  0  0  0  0
    0.0881    0.6611    0.0000 C   0  0  0  0  0  0  0  0  0  0  0  0
    1.2805   -1.5077    0.0000 N   0  0  0  0  0  0  0  0  0  0  0  0
    1.9580   -1.0368    0.0000 C   0  0  0  0  0  0  0  0  0  0  0  0
    0.8532   -2.2134    0.0000 C   0  0  0  0  0  0  0  0  0  0  0  0
    1.6780   -2.2306    0.0000 C   0  0  0  0  0  0  0  0  0  0  0  0
    2.1054   -1.5250    0.0000 C   0  0  0  0  0  0  0  0  0  0  0  0
    2.2087   -0.7065    0.0000 C   0  0  0  0  0  0  0  0  0  0  0  0
    2.9302   -1.5422    0.0000 C   0  0  0  0  0  0  0  0  0  0  0  0
    1.2507   -2.9363    0.0000 C   0  0  0  0  0  0  0  0  0  0  0  0
    2.0755   -2.9536    0.0000 O   0  0  0  0  0  0  0  0  0  0  0  0
    0.8233   -3.6420    0.0000 N   0  0  0  0  0  0  0  0  0  0  0  0
    1.2208   -4.3650    0.0000 C   0  0  0  0  0  0  0  0  0  0  0  0
    0.7934   -5.0707    0.0000 C   0  0  0  0  0  0  0  0  0  0  0  0
    1.1909   -5.7936    0.0000 O   0  0  0  0  0  0  0  0  0  0  0  0
    2.0456   -4.3822    0.0000 C   0  0  0  0  0  0  0  0  0  0  0  0
    2.4431   -5.1051    0.0000 C   0  0  0  0  0  0  0  0  0  0  0  0
    2.4730   -3.6765    0.0000 C   0  0  0  0  0  0  0  0  0  0  0  0
   -0.0314   -5.0534    0.0000 N   0  0  0  0  0  0  0  0  0  0  0  0
   -0.4288   -4.3305    0.0000 C   0  0  0  0  0  0  0  0  0  0  0  0
   -0.4587   -5.7591    0.0000 C   0  0  0  0  0  0  0  0  0  0  0  0
   -0.0613   -6.4820    0.0000 C   0  0  0  0  0  0  0  0  0  0  0  0
   -0.4886   -7.1877    0.0000 C   0  0  0  0  0  0  0  0  0  0  0  0
   -0.0911   -7.9107    0.0000 C   0  0  0  0  0  0  0  0  0  0  0  0
   -1.3134   -7.1705    0.0000 C   0  0  0  0  0  0  0  0  0  0  0  0
   -1.2835   -5.7418    0.0000 C   0  0  0  0  0  0  0  0  0  0  0  0
   -1.7109   -6.4475    0.0000 O   0  0  0  0  0  0  0  0  0  0  0  0
   -1.6810   -5.0189    0.0000 N   0  0  0  0  0  0  0  0  0  0  0  0
   -1.2537   -4.3132    0.0000 C   0  0  0  0  0  0  0  0  0  0  0  0
   -1.6511   -3.5903    0.0000 C   0  0  0  0  0  0  0  0  0  0  0  0
   -2.4760   -3.5730    0.0000 O   0  0  0  0  0  0  0  0  0  0  0  0
   -0.5762   -3.8424    0.0000 C   0  0  0  0  0  0  0  0  0  0  0  0
   -1.2238   -2.8846    0.0000 N   0  0  0  0  0  0  0  0  0  0  0  0
   -1.6213   -2.1616    0.0000 C   0  0  0  0  0  0  0  0  0  0  0  0
   -2.4461   -2.1444    0.0000 C   0  0  0  0  0  0  0  0  0  0  0  0
   -1.1939   -1.4560    0.0000 C   0  0  0  0  0  0  0  0  0  0  0  0
   -0.3691   -1.4732    0.0000 O   0  0  0  0  0  0  0  0  0  0  0  0
   -1.5914   -0.7330    0.0000 N   0  0  0  0  0  0  0  0  0  0  0  0
   -2.2688   -1.2039    0.0000 C   0  0  0  0  0  0  0  0  0  0  0  0
   -1.1640   -0.0273    0.0000 C   0  0  0  0  0  0  0  0  0  0  0  0
   -1.9889   -0.0101    0.0000 C   0  0  0  0  0  0  0  0  0  0  0  0
   -2.4162   -0.7158    0.0000 C   0  0  0  0  0  0  0  0  0  0  0  0
   -2.5196   -1.5343    0.0000 C   0  0  0  0  0  0  0  0  0  0  0  0
   -3.2410   -0.6985    0.0000 C   0  0  0  0  0  0  0  0  0  0  0  0
   -1.5615    0.6956    0.0000 C   0  0  0  0  0  0  0  0  0  0  0  0
   -2.3863    0.7129    0.0000 O   0  0  0  0  0  0  0  0  0  0  0  0
   -1.1342    1.4013    0.0000 N   0  0  0  0  0  0  0  0  0  0  0  0
   -0.3094    1.3841    0.0000 C   0  0  0  0  0  0  0  0  0  0  0  0
   -1.5316    2.1242    0.0000 C   0  0  0  0  0  0  0  0  0  0  0  0
   -2.3565    2.1415    0.0000 C   0  0  0  0  0  0  0  0  0  0  0  0
   -2.7539    2.8644    0.0000 C   0  0  0  0  0  0  0  0  0  0  0  0
   -3.5788    2.8817    0.0000 C   0  0  0  0  0  0  0  0  0  0  0  0
   -2.3266    3.5701    0.0000 C   0  0  0  0  0  0  0  0  0  0  0  0
   -1.1043    2.8299    0.0000 C   0  0  0  0  0  0  0  0  0  0  0  0
   -0.2795    2.8127    0.0000 O   0  0  0  0  0  0  0  0  0  0  0  0
   -1.5018    3.5529    0.0000 N   0  0  0  0  0  0  0  0  0  0  0  0
   -2.1589    4.0516    0.0000 C   0  0  0  0  0  0  0  0  0  0  0  0
   -1.0744    4.2586    0.0000 C   0  0  0  0  0  0  0  0  0  0  0  0
   -1.4875    4.9727    0.0000 C   0  0  0  0  0  0  0  0  0  0  0  0
   -1.0756    5.6875    0.0000 C   0  0  0  0  0  0  0  0  0  0  0  0
   -2.3125    4.9720    0.0000 C   0  0  0  0  0  0  0  0  0  0  0  0
   -0.1718    4.2789    0.0000 C   0  0  0  0  0  0  0  0  0  0  0  0
   -0.1280    3.4551    0.0000 O   0  0  0  0  0  0  0  0  0  0  0  0
    1.2315    5.3879    0.0000 H   0  0  0  0  0  0  0  0  0  0  0  0
  2  1  1  0
  3  1  1  0
  4  3  1  0
  3  6  1  0
  4  5  2  0
  6  7  1  1
  6  8  1  0
  8  9  1  6
 10  8  1  0
 10 11  1  0
 11 12  2  0
 13 12  1  0
 15 14  1  0
 16 15  1  0
 15 18  1  6
 16 17  2  0
 18 19  1  0
 21 20  1  0
 24 20  1  0
 22 21  1  0
 22 23  2  0
 26 25  1  0
 27 25  1  0
 27 28  1  6
 32 27  1  0
 28 29  1  0
 30 29  1  0
 31 29  1  0
 32 33  2  0
 35 34  1  0
 36 35  1  0
 35 38  1  1
 36 37  2  0
 38 39  1  0
 38 40  1  0
 42 41  1  0
 43 41  1  0
 43 44  1  1
 48 43  1  0
 44 45  1  0
 46 45  1  0
 47 45  1  0
 48 49  2  0
 51 50  1  0
 52 51  1  0
 51 54  1  6
 52 53  2  0
 56 55  1  0
 56 57  1  6
 58 56  1  0
 58 59  2  0
 61 60  1  0
 62 60  1  0
 62 63  1  6
 67 62  1  0
 63 64  1  0
 65 64  1  0
 66 64  1  0
 67 68  2  0
 70 69  1  0
 71 69  1  0
 71 72  1  1
 76 71  1  0
 72 73  1  0
 74 73  1  0
 75 73  1  0
 76 77  2  0
 79 78  1  0
 80 78  1  0
 80 81  1  1
 80 84  1  0
 81 82  1  0
 81 83  1  0
 84 85  2  0
 84  1  1  0
  4 14  1  0
 16 20  1  0
 22 25  1  0
 32 34  1  0
 36 41  1  0
 48 50  1  0
 52 55  1  0
 58 60  1  0
 67 69  1  0
 76 78  1  0
  3 86  1  6
M  END
","InChI=1S/C62H111N11O12/c1-25-27-28-40(15)52(75)51-56(79)65-43(26-2)58(81)67(18)33-48(74)68(19)44(29-34(3)4)55(78)66-49(38(11)12)61(84)69(20)45(30-35(5)6)54(77)63-41(16)53(76)64-42(17)57(80)70(21)46(31-36(7)8)59(82)71(22)47(32-37(9)10)60(83)72(23)50(39(13)14)62(85)73(51)24/h25,27,34-47,49-52,75H,26,28-33H2,1-24H3,(H,63,77)(H,64,76)(H,65,79)(H,66,78)/b27-25+/t40-,41+,42-,43+,44+,45+,46+,47+,49+,50+,51+,52-/m1/s1",PMATZTZNYRCHOR-CGLBZJNRSA-N,C/C=C/C[C@@H](C)[C@@H](O)[C@H]1C(=O)N[C@@H](CC)C(=O)N(C)CC(=O)N(C)[C@@H](CC(C)C)C(=O)N[C@@H](C(C)C)C(=O)N(C)[C@@H](CC(C)C)C(=O)N[C@@H](C)C(=O)N[C@H](C)C(=O)N(C)[C@@H](CC(C)C)C(=O)N(C)[C@@H](CC(C)C)C(=O)N(C)[C@@H](C(C)C)C(=O)N1C
456266,CHEMBL1607,TOPOTECAN HYDROCHLORIDE,INHIBITOR,,CHEMBL1781,DNA topoisomerase 1,Brain Neoplasms,brain neoplasm,1.0,456266.0,421.45,1.85,8.0,2.0,104.89,3.0,N,0.0,457.91,3.0,31.0,0.49,C23H24ClN3O5,0.9,86546542.0,456266.0,1030.0,456266.0,"
     RDKit          2D

 32 35  0  0  0  0  0  0  0  0999 V2000
    2.8375   -6.1542    0.0000 Cl  0  0  0  0  0  0  0  0  0  0  0  0
    5.2167   -4.4667    0.0000 N   0  0  0  0  0  0  0  0  0  0  0  0
    6.2542   -5.1542    0.0000 C   0  0  0  0  0  0  0  0  0  0  0  0
    4.8417   -5.0417    0.0000 C   0  0  0  0  0  0  0  0  0  0  0  0
    5.8500   -5.7542    0.0000 C   0  0  0  0  0  0  0  0  0  0  0  0
    5.9417   -4.5083    0.0000 C   0  0  0  0  0  0  0  0  0  0  0  0
    4.1417   -4.8250    0.0000 C   0  0  0  0  0  0  0  0  0  0  0  0
    5.1417   -5.7000    0.0000 C   0  0  0  0  0  0  0  0  0  0  0  0
    4.1417   -4.1167    0.0000 C   0  0  0  0  0  0  0  0  0  0  0  0
    3.5625   -5.1917    0.0000 N   0  0  0  0  0  0  0  0  0  0  0  0
    6.1667   -6.3917    0.0000 C   0  0  0  0  0  0  0  0  0  0  0  0
    2.3167   -3.7667    0.0000 C   0  0  0  0  0  0  0  0  0  0  0  0
    4.8417   -3.9042    0.0000 C   0  0  0  0  0  0  0  0  0  0  0  0
    2.9250   -4.1292    0.0000 C   0  0  0  0  0  0  0  0  0  0  0  0
    6.8750   -6.4417    0.0000 C   0  0  0  0  0  0  0  0  0  0  0  0
    3.5625   -3.7417    0.0000 C   0  0  0  0  0  0  0  0  0  0  0  0
    2.9250   -4.8250    0.0000 C   0  0  0  0  0  0  0  0  0  0  0  0
    6.9542   -5.2042    0.0000 C   0  0  0  0  0  0  0  0  0  0  0  0
    7.2667   -5.8500    0.0000 O   0  0  0  0  0  0  0  0  0  0  0  0
    1.7000   -4.1292    0.0000 C   0  0  0  0  0  0  0  0  0  0  0  0
    6.3125   -3.9167    0.0000 O   0  0  0  0  0  0  0  0  0  0  0  0
    2.3167   -3.0667    0.0000 C   0  0  0  0  0  0  0  0  0  0  0  0
    7.2500   -6.9917    0.0000 O   0  0  0  0  0  0  0  0  0  0  0  0
    2.3167   -5.1917    0.0000 C   0  0  0  0  0  0  0  0  0  0  0  0
    1.7000   -4.8250    0.0000 C   0  0  0  0  0  0  0  0  0  0  0  0
    5.4167   -6.3250    0.0000 O   0  0  0  0  0  0  0  0  0  0  0  0
    2.9167   -2.7292    0.0000 N   0  0  0  0  0  0  0  0  0  0  0  0
    6.4375   -7.0667    0.0000 C   0  0  0  0  0  0  0  0  0  0  0  0
    1.0792   -3.7667    0.0000 O   0  0  0  0  0  0  0  0  0  0  0  0
    3.5167   -3.0875    0.0000 C   0  0  0  0  0  0  0  0  0  0  0  0
    2.9167   -2.0167    0.0000 C   0  0  0  0  0  0  0  0  0  0  0  0
    6.0417   -7.6667    0.0000 C   0  0  0  0  0  0  0  0  0  0  0  0
  3  6  1  0
  4  2  1  0
  5  3  2  0
  6  2  1  0
  7  4  1  0
  8  4  2  0
  9 13  1  0
 10  7  2  0
 11  5  1  0
 12 14  1  0
 13  2  1  0
 14 16  1  0
 15 19  1  0
 16  9  2  0
 17 10  1  0
 18  3  1  0
 19 18  1  0
 20 12  2  0
 21  6  2  0
 22 12  1  0
 23 15  2  0
 24 17  1  0
 25 24  2  0
 26 11  1  0
 27 22  1  0
 11 28  1  6
 29 20  1  0
 30 27  1  0
 31 27  1  0
 32 28  1  0
  9  7  1  0
  5  8  1  0
 14 17  2  0
 11 15  1  0
 20 25  1  0
M  END
","InChI=1S/C23H23N3O5.ClH/c1-4-23(30)16-8-18-20-12(9-26(18)21(28)15(16)11-31-22(23)29)7-13-14(10-25(2)3)19(27)6-5-17(13)24-20;/h5-8,27,30H,4,9-11H2,1-3H3;1H/t23-;/m0./s1",DGHHQBMTXTWTJV-BQAIUKQQSA-N,CC[C@@]1(O)C(=O)OCc2c1cc1n(c2=O)Cc2cc3c(CN(C)C)c(O)ccc3nc2-1.Cl
1037712,CHEMBL1614701,SELUMETINIB,INHIBITOR,,CHEMBL2964,Dual specificity mitogen-activated protein kinase kinase 2,Astrocytoma,astrocytoma,1.0,1037712.0,457.69,3.53,6.0,3.0,88.41,6.0,N,0.0,457.69,3.0,27.0,0.39,C17H15BrClFN4O3,-1.23,83995738.0,1037712.0,63.0,1037712.0,"
     RDKit          2D

 27 29  0  0  0  0  0  0  0  0999 V2000
   -4.3902    1.9741    0.0000 C   0  0  0  0  0  0  0  0  0  0  0  0
   -5.1047    1.5616    0.0000 C   0  0  0  0  0  0  0  0  0  0  0  0
   -5.1047    0.7366    0.0000 C   0  0  0  0  0  0  0  0  0  0  0  0
   -4.3902    0.3241    0.0000 C   0  0  0  0  0  0  0  0  0  0  0  0
   -3.6757    0.7366    0.0000 C   0  0  0  0  0  0  0  0  0  0  0  0
   -3.6757    1.5616    0.0000 C   0  0  0  0  0  0  0  0  0  0  0  0
   -5.8893    0.4817    0.0000 N   0  0  0  0  0  0  0  0  0  0  0  0
   -6.3742    1.1491    0.0000 C   0  0  0  0  0  0  0  0  0  0  0  0
   -5.8893    1.8165    0.0000 N   0  0  0  0  0  0  0  0  0  0  0  0
   -2.9612    1.9741    0.0000 N   0  0  0  0  0  0  0  0  0  0  0  0
   -2.9612    2.7991    0.0000 C   0  0  0  0  0  0  0  0  0  0  0  0
   -2.2467    3.2116    0.0000 C   0  0  0  0  0  0  0  0  0  0  0  0
   -2.2467    4.0366    0.0000 C   0  0  0  0  0  0  0  0  0  0  0  0
   -2.9612    4.4491    0.0000 C   0  0  0  0  0  0  0  0  0  0  0  0
   -3.6757    4.0366    0.0000 C   0  0  0  0  0  0  0  0  0  0  0  0
   -3.6757    3.2116    0.0000 C   0  0  0  0  0  0  0  0  0  0  0  0
   -1.5322    2.7991    0.0000 Cl  0  0  0  0  0  0  0  0  0  0  0  0
   -2.9612    5.2741    0.0000 Br  0  0  0  0  0  0  0  0  0  0  0  0
   -2.9612    0.3241    0.0000 C   0  0  0  0  0  0  0  0  0  0  0  0
   -2.2467    0.7366    0.0000 N   0  0  0  0  0  0  0  0  0  0  0  0
   -2.9612   -0.5009    0.0000 O   0  0  0  0  0  0  0  0  0  0  0  0
   -1.5323    0.3241    0.0000 O   0  0  0  0  0  0  0  0  0  0  0  0
   -0.8178    0.7366    0.0000 C   0  0  0  0  0  0  0  0  0  0  0  0
   -0.1033    0.3241    0.0000 C   0  0  0  0  0  0  0  0  0  0  0  0
    0.6111    0.7366    0.0000 O   0  0  0  0  0  0  0  0  0  0  0  0
   -4.3902    2.7991    0.0000 F   0  0  0  0  0  0  0  0  0  0  0  0
   -6.1442   -0.3030    0.0000 C   0  0  0  0  0  0  0  0  0  0  0  0
  1  2  1  0
  1  6  2  0
  3  4  1  0
  4  5  2  0
  5  6  1  0
  2  9  1  0
  2  3  2  0
  3  7  1  0
  7  8  1  0
  8  9  2  0
  6 10  1  0
 10 11  1  0
 11 12  1  0
 11 16  2  0
 12 13  2  0
 13 14  1  0
 14 15  2  0
 15 16  1  0
 12 17  1  0
 14 18  1  0
  5 19  1  0
 19 20  1  0
 19 21  2  0
 20 22  1  0
 22 23  1  0
 23 24  1  0
 24 25  1  0
  1 26  1  0
  7 27  1  0
M  END
","InChI=1S/C17H15BrClFN4O3/c1-24-8-21-16-13(24)7-10(17(26)23-27-5-4-25)15(14(16)20)22-12-3-2-9(18)6-11(12)19/h2-3,6-8,22,25H,4-5H2,1H3,(H,23,26)",CYOHGALHFOKKQC-UHFFFAOYSA-N,Cn1cnc2c(F)c(Nc3ccc(Br)cc3Cl)c(C(=O)NOCCO)cc21
1038730,CHEMBL1615779,IOBENGUANE I 131,SUBSTRATE,,CHEMBL222,Sodium-dependent noradrenaline transporter,Paraganglioma,Paraganglioma,4.0,1038730.0,275.09,1.27,1.0,3.0,61.9,2.0,N,0.0,279.1,1.0,12.0,0.43,C8H10IN3,-1.2,84516961.0,1038730.0,106.0,1038730.0,"
     RDKit          2D

 12 12  0  0  0  0  0  0  0  0999 V2000
    7.8787   -5.1912    0.0000 C   0  0  0  0  0  0  0  0  0  0  0  0
    7.8787   -4.3792    0.0000 N   0  0  0  0  0  0  0  0  0  0  0  0
    7.1633   -5.6021    0.0000 N   0  0  0  0  0  0  0  0  0  0  0  0
    3.6010   -5.2251    0.0000 I   0  0  0  0  0  0  0  0  0  0  0  0
    8.5843   -5.6021    0.0000 N   0  0  0  0  0  0  0  0  0  0  0  0
    4.2922   -5.6166    0.0000 C   0  0  0  0  0  0  0  0  0  0  0  0
    6.4576   -5.1912    0.0000 C   0  0  0  0  0  0  0  0  0  0  0  0
    5.0027   -5.2057    0.0000 C   0  0  0  0  0  0  0  0  0  0  0  0
    5.7181   -5.5972    0.0000 C   0  0  0  0  0  0  0  0  0  0  0  0
    5.0027   -6.8588    0.0000 C   0  0  0  0  0  0  0  0  0  0  0  0
    4.2922   -6.4431    0.0000 C   0  0  0  0  0  0  0  0  0  0  0  0
    5.7181   -6.4431    0.0000 C   0  0  0  0  0  0  0  0  0  0  0  0
  2  1  2  0
  3  1  1  0
  4  6  1  0
  5  1  1  0
  6  8  2  0
  7  3  1  0
  8  9  1  0
  9  7  1  0
 10 12  1  0
 11 10  2  0
 12  9  2  0
  6 11  1  0
M  ISO  1   4 131
M  END
","InChI=1S/C8H10IN3/c9-7-3-1-2-6(4-7)5-12-8(10)11/h1-4H,5H2,(H4,10,11,12)/i9+4",PDWUPXJEEYOOTR-JRGAVVOBSA-N,N=C(N)NCc1cccc([131I])c1
88100,CHEMBL163,RITONAVIR,INHIBITOR,,CHEMBL2364675,Cytochrome P450 3A,Glioblastoma,glioblastoma multiforme,1.0,88100.0,720.96,5.91,9.0,4.0,145.78,17.0,N,2.0,720.96,4.0,50.0,0.11,C37H48N6O5S2,-0.62,86922002.0,88100.0,1040.0,88100.0,"
     RDKit          2D

 50 53  0  0  1  0  0  0  0  0999 V2000
    9.6250   -6.6542    0.0000 N   0  0  0  0  0  0  0  0  0  0  0  0
    7.1042   -6.6042    0.0000 C   0  0  0  0  0  0  0  0  0  0  0  0
   10.1917   -6.2417    0.0000 C   0  0  0  0  0  0  0  0  0  0  0  0
    6.5042   -6.2625    0.0000 N   0  0  0  0  0  0  0  0  0  0  0  0
    5.2375   -6.2625    0.0000 C   0  0  0  0  0  0  0  0  0  0  0  0
    9.0167   -6.2417    0.0000 C   0  0  0  0  0  0  0  0  0  0  0  0
    9.9667   -5.5500    0.0000 S   0  0  0  0  0  0  0  0  0  0  0  0
    5.8542   -6.6042    0.0000 C   0  0  0  0  0  0  0  0  0  0  0  0
    0.8417   -6.6042    0.0000 C   0  0  0  0  0  0  0  0  0  0  0  0
    7.7542   -6.2625    0.0000 N   0  0  0  0  0  0  0  0  0  0  0  0
    4.6250   -6.6042    0.0000 N   0  0  0  0  0  0  0  0  0  0  0  0
   -1.9375   -5.5500    0.0000 N   0  0  0  0  0  0  0  0  0  0  0  0
    1.4625   -6.2625    0.0000 N   0  0  0  0  0  0  0  0  0  0  0  0
   -1.0208   -6.2417    0.0000 C   0  0  0  0  0  0  0  0  0  0  0  0
    9.2667   -5.5500    0.0000 C   0  0  0  0  0  0  0  0  0  0  0  0
    2.1125   -6.6375    0.0000 C   0  0  0  0  0  0  0  0  0  0  0  0
   -1.6000   -6.6375    0.0000 S   0  0  0  0  0  0  0  0  0  0  0  0
   -2.1750   -6.2167    0.0000 C   0  0  0  0  0  0  0  0  0  0  0  0
    8.3750   -6.6042    0.0000 C   0  0  0  0  0  0  0  0  0  0  0  0
    3.3292   -6.6042    0.0000 C   0  0  0  0  0  0  0  0  0  0  0  0
    3.9667   -6.2625    0.0000 C   0  0  0  0  0  0  0  0  0  0  0  0
   -1.2500   -5.5500    0.0000 C   0  0  0  0  0  0  0  0  0  0  0  0
    2.7167   -6.2625    0.0000 C   0  0  0  0  0  0  0  0  0  0  0  0
    7.1042   -7.3125    0.0000 O   0  0  0  0  0  0  0  0  0  0  0  0
    5.2375   -5.5500    0.0000 O   0  0  0  0  0  0  0  0  0  0  0  0
    0.8417   -7.2917    0.0000 O   0  0  0  0  0  0  0  0  0  0  0  0
    2.1125   -7.3792    0.0000 C   0  0  0  0  0  0  0  0  0  0  0  0
    0.2125   -6.2625    0.0000 O   0  0  0  0  0  0  0  0  0  0  0  0
   10.8042   -6.5917    0.0000 C   0  0  0  0  0  0  0  0  0  0  0  0
   -0.3958   -6.5917    0.0000 C   0  0  0  0  0  0  0  0  0  0  0  0
    3.9667   -5.5417    0.0000 C   0  0  0  0  0  0  0  0  0  0  0  0
    5.8542   -7.3250    0.0000 C   0  0  0  0  0  0  0  0  0  0  0  0
    2.7125   -7.7417    0.0000 C   0  0  0  0  0  0  0  0  0  0  0  0
    2.7167   -5.6000    0.0000 O   0  0  0  0  0  0  0  0  0  0  0  0
    4.2625   -4.9167    0.0000 C   0  0  0  0  0  0  0  0  0  0  0  0
    7.7542   -5.5292    0.0000 C   0  0  0  0  0  0  0  0  0  0  0  0
   10.8042   -7.3125    0.0000 C   0  0  0  0  0  0  0  0  0  0  0  0
   11.4417   -6.1917    0.0000 C   0  0  0  0  0  0  0  0  0  0  0  0
    5.2875   -7.6542    0.0000 C   0  0  0  0  0  0  0  0  0  0  0  0
    6.4500   -7.6542    0.0000 C   0  0  0  0  0  0  0  0  0  0  0  0
    2.7125   -8.4417    0.0000 C   0  0  0  0  0  0  0  0  0  0  0  0
    3.2667   -7.3792    0.0000 C   0  0  0  0  0  0  0  0  0  0  0  0
    3.8792   -4.3292    0.0000 C   0  0  0  0  0  0  0  0  0  0  0  0
    4.9667   -4.8917    0.0000 C   0  0  0  0  0  0  0  0  0  0  0  0
    4.1875   -3.6792    0.0000 C   0  0  0  0  0  0  0  0  0  0  0  0
    5.2792   -4.2583    0.0000 C   0  0  0  0  0  0  0  0  0  0  0  0
    3.2667   -8.8042    0.0000 C   0  0  0  0  0  0  0  0  0  0  0  0
    3.8667   -7.7417    0.0000 C   0  0  0  0  0  0  0  0  0  0  0  0
    3.8667   -8.4417    0.0000 C   0  0  0  0  0  0  0  0  0  0  0  0
    4.9042   -3.6792    0.0000 C   0  0  0  0  0  0  0  0  0  0  0  0
  2 10  1  0
  3  1  2  0
  4  2  1  0
  5  8  1  0
  6  1  1  0
  7  3  1  0
  8  4  1  0
  9 13  1  0
 10 19  1  0
 11  5  1  0
 12 22  1  0
 13 16  1  0
 14 30  1  0
 15  6  2  0
 16 23  1  0
 17 14  1  0
 18 17  1  0
 19  6  1  0
 20 21  1  0
 21 11  1  0
 22 14  2  0
 23 20  1  0
 24  2  2  0
 25  5  2  0
 26  9  2  0
 16 27  1  6
 28  9  1  0
 29  3  1  0
 30 28  1  0
 21 31  1  6
  8 32  1  1
 33 27  1  0
 23 34  1  1
 35 31  1  0
 36 10  1  0
 37 29  1  0
 38 29  1  0
 39 32  1  0
 40 32  1  0
 41 33  1  0
 42 33  2  0
 43 35  1  0
 44 35  2  0
 45 43  2  0
 46 44  1  0
 47 41  2  0
 48 42  1  0
 49 48  2  0
 50 46  2  0
  7 15  1  0
 50 45  1  0
 49 47  1  0
 18 12  2  0
M  END
","InChI=1S/C37H48N6O5S2/c1-24(2)33(42-36(46)43(5)20-29-22-49-35(40-29)25(3)4)34(45)39-28(16-26-12-8-6-9-13-26)18-32(44)31(17-27-14-10-7-11-15-27)41-37(47)48-21-30-19-38-23-50-30/h6-15,19,22-25,28,31-33,44H,16-18,20-21H2,1-5H3,(H,39,45)(H,41,47)(H,42,46)/t28-,31-,32-,33-/m0/s1",NCDNCNXCDXHOMX-XGKFQTDJSA-N,CC(C)c1nc(CN(C)C(=O)N[C@H](C(=O)N[C@@H](Cc2ccccc2)C[C@H](O)[C@H](Cc2ccccc2)NC(=O)OCc2cncs2)C(C)C)cs1
485100,CHEMBL1642,IMATINIB MESYLATE,INHIBITOR,,CHEMBL1862,Tyrosine-protein kinase ABL1,Astrocytoma,astrocytoma,3.0,485100.0,493.62,4.59,7.0,2.0,86.28,7.0,N,0.0,589.72,4.0,37.0,0.39,C30H35N7O4S,-1.8,85488374.0,485100.0,146.0,485100.0,"
     RDKit          2D

 42 45  0  0  0  0  0  0  0  0999 V2000
    6.9208   -3.0042    0.0000 C   0  0  0  0  0  0  0  0  0  0  0  0
    7.5250   -2.6417    0.0000 N   0  0  0  0  0  0  0  0  0  0  0  0
    3.2167   -3.0417    0.0000 C   0  0  0  0  0  0  0  0  0  0  0  0
    5.6875   -3.0167    0.0000 C   0  0  0  0  0  0  0  0  0  0  0  0
    6.3000   -2.6542    0.0000 N   0  0  0  0  0  0  0  0  0  0  0  0
    3.8292   -2.6792    0.0000 N   0  0  0  0  0  0  0  0  0  0  0  0
    8.1417   -2.9833    0.0000 C   0  0  0  0  0  0  0  0  0  0  0  0
    0.1292   -2.0000    0.0000 N   0  0  0  0  0  0  0  0  0  0  0  0
    5.0667   -2.6667    0.0000 C   0  0  0  0  0  0  0  0  0  0  0  0
   -1.1083   -2.6917    0.0000 N   0  0  0  0  0  0  0  0  0  0  0  0
    6.9250   -3.7167    0.0000 N   0  0  0  0  0  0  0  0  0  0  0  0
    2.6000   -2.6917    0.0000 C   0  0  0  0  0  0  0  0  0  0  0  0
    4.4542   -3.0292    0.0000 C   0  0  0  0  0  0  0  0  0  0  0  0
    8.7542   -2.6125    0.0000 C   0  0  0  0  0  0  0  0  0  0  0  0
    5.6917   -3.7292    0.0000 C   0  0  0  0  0  0  0  0  0  0  0  0
    3.2250   -3.7500    0.0000 O   0  0  0  0  0  0  0  0  0  0  0  0
    9.3458   -1.5375    0.0000 N   0  0  0  0  0  0  0  0  0  0  0  0
    0.7417   -1.6417    0.0000 C   0  0  0  0  0  0  0  0  0  0  0  0
    2.6000   -1.9792    0.0000 C   0  0  0  0  0  0  0  0  0  0  0  0
    1.9875   -3.0500    0.0000 C   0  0  0  0  0  0  0  0  0  0  0  0
    5.0667   -4.0917    0.0000 C   0  0  0  0  0  0  0  0  0  0  0  0
    0.1167   -2.7167    0.0000 C   0  0  0  0  0  0  0  0  0  0  0  0
   -0.4708   -1.6417    0.0000 C   0  0  0  0  0  0  0  0  0  0  0  0
   -0.5000   -3.0542    0.0000 C   0  0  0  0  0  0  0  0  0  0  0  0
   -1.1000   -1.9792    0.0000 C   0  0  0  0  0  0  0  0  0  0  0  0
    8.1583   -3.6958    0.0000 C   0  0  0  0  0  0  0  0  0  0  0  0
    7.5458   -4.0625    0.0000 C   0  0  0  0  0  0  0  0  0  0  0  0
    1.3667   -1.9917    0.0000 C   0  0  0  0  0  0  0  0  0  0  0  0
    4.4542   -3.7417    0.0000 C   0  0  0  0  0  0  0  0  0  0  0  0
    1.9667   -1.6292    0.0000 C   0  0  0  0  0  0  0  0  0  0  0  0
    1.3750   -2.7042    0.0000 C   0  0  0  0  0  0  0  0  0  0  0  0
    8.7417   -1.9083    0.0000 C   0  0  0  0  0  0  0  0  0  0  0  0
   -1.7375   -3.0292    0.0000 C   0  0  0  0  0  0  0  0  0  0  0  0
    9.3750   -2.9625    0.0000 C   0  0  0  0  0  0  0  0  0  0  0  0
    9.9750   -1.8833    0.0000 C   0  0  0  0  0  0  0  0  0  0  0  0
    6.3042   -4.0875    0.0000 C   0  0  0  0  0  0  0  0  0  0  0  0
    9.9917   -2.5958    0.0000 C   0  0  0  0  0  0  0  0  0  0  0  0
   11.4542   -2.9125    0.0000 S   0  0  0  0  0  0  0  0  0  0  0  0
   11.8042   -2.2917    0.0000 O   0  0  0  0  0  0  0  0  0  0  0  0
   11.0917   -2.2917    0.0000 O   0  0  0  0  0  0  0  0  0  0  0  0
   12.0667   -3.2667    0.0000 O   0  0  0  0  0  0  0  0  0  0  0  0
   10.8417   -3.2667    0.0000 C   0  0  0  0  0  0  0  0  0  0  0  0
  2  1  1  0
  3  6  1  0
  4  5  1  0
  5  1  1  0
  6 13  1  0
  7  2  2  0
  8 18  1  0
  9  4  1  0
 10 25  1  0
 11  1  2  0
 12  3  1  0
 13  9  2  0
 14  7  1  0
 15  4  2  0
 16  3  2  0
 17 32  2  0
 18 28  1  0
 19 12  2  0
 20 12  1  0
 21 15  1  0
 22  8  1  0
 23  8  1  0
 24 22  1  0
 25 23  1  0
 26  7  1  0
 27 11  1  0
 28 31  1  0
 29 21  2  0
 30 19  1  0
 31 20  2  0
 32 14  1  0
 33 10  1  0
 34 14  2  0
 35 37  2  0
 36 15  1  0
 37 34  1  0
 27 26  2  0
 29 13  1  0
 17 35  1  0
 28 30  2  0
 24 10  1  0
 39 38  2  0
 40 38  2  0
 41 38  1  0
 42 38  1  0
M  END
","InChI=1S/C29H31N7O.CH4O3S/c1-21-5-10-25(18-27(21)34-29-31-13-11-26(33-29)24-4-3-12-30-19-24)32-28(37)23-8-6-22(7-9-23)20-36-16-14-35(2)15-17-36;1-5(2,3)4/h3-13,18-19H,14-17,20H2,1-2H3,(H,32,37)(H,31,33,34);1H3,(H,2,3,4)",YLMAHDNUQAMNNX-UHFFFAOYSA-N,CS(=O)(=O)O.Cc1ccc(NC(=O)c2ccc(CN3CCN(C)CC3)cc2)cc1Nc1nccc(-c2cccnc2)n1
1060577,CHEMBL1645462,AC-480,INHIBITOR,,CHEMBL1824,Receptor tyrosine-protein kinase erbB-2,Paraganglioma,Paraganglioma,1.0,1060577.0,530.56,3.86,10.0,3.0,119.63,7.0,N,1.0,530.56,5.0,39.0,0.29,C27H27FN8O3,-1.49,,,,1060577.0,"
     RDKit          2D

 39 44  0  0  0  0  0  0  0  0999 V2000
    1.3289   -3.1194    0.0000 N   0  0  0  0  0  0  0  0  0  0  0  0
    2.0453   -2.7060    0.0000 C   0  0  0  0  0  0  0  0  0  0  0  0
    2.0425   -1.8755    0.0000 N   0  0  0  0  0  0  0  0  0  0  0  0
    1.3271   -1.4664    0.0000 C   0  0  0  0  0  0  0  0  0  0  0  0
    0.6141   -2.7065    0.0000 N   0  0  0  0  0  0  0  0  0  0  0  0
    0.6107   -1.8776    0.0000 C   0  0  0  0  0  0  0  0  0  0  0  0
   -0.1787   -1.6246    0.0000 C   0  0  0  0  0  0  0  0  0  0  0  0
   -0.6632   -2.2972    0.0000 C   0  0  0  0  0  0  0  0  0  0  0  0
   -0.1732   -2.9658    0.0000 C   0  0  0  0  0  0  0  0  0  0  0  0
    1.3264   -0.6414    0.0000 N   0  0  0  0  0  0  0  0  0  0  0  0
    2.0406   -0.2283    0.0000 C   0  0  0  0  0  0  0  0  0  0  0  0
    2.7526   -0.6406    0.0000 C   0  0  0  0  0  0  0  0  0  0  0  0
    2.7462    1.0095    0.0000 C   0  0  0  0  0  0  0  0  0  0  0  0
    2.0355    0.5947    0.0000 C   0  0  0  0  0  0  0  0  0  0  0  0
    3.4660    0.5977    0.0000 C   0  0  0  0  0  0  0  0  0  0  0  0
    3.4697   -0.2240    0.0000 C   0  0  0  0  0  0  0  0  0  0  0  0
    4.2523   -0.4745    0.0000 C   0  0  0  0  0  0  0  0  0  0  0  0
    4.7324    0.1925    0.0000 N   0  0  0  0  0  0  0  0  0  0  0  0
    4.2457    0.8550    0.0000 N   0  0  0  0  0  0  0  0  0  0  0  0
    4.6547    1.5714    0.0000 C   0  0  0  0  0  0  0  0  0  0  0  0
    5.4797    1.5755    0.0000 C   0  0  0  0  0  0  0  0  0  0  0  0
    5.8935    0.8614    0.0000 C   0  0  0  0  0  0  0  0  0  0  0  0
    6.7177    0.8651    0.0000 C   0  0  0  0  0  0  0  0  0  0  0  0
    7.1276    1.5821    0.0000 C   0  0  0  0  0  0  0  0  0  0  0  0
    6.7072    2.2969    0.0000 C   0  0  0  0  0  0  0  0  0  0  0  0
    5.8843    2.2897    0.0000 C   0  0  0  0  0  0  0  0  0  0  0  0
    7.1334    0.1524    0.0000 F   0  0  0  0  0  0  0  0  0  0  0  0
   -0.4368   -0.8410    0.0000 C   0  0  0  0  0  0  0  0  0  0  0  0
   -1.4917   -2.2958    0.0000 N   0  0  0  0  0  0  0  0  0  0  0  0
   -1.9029   -1.5807    0.0000 C   0  0  0  0  0  0  0  0  0  0  0  0
   -2.7279   -1.5793    0.0000 O   0  0  0  0  0  0  0  0  0  0  0  0
   -1.4892   -0.8669    0.0000 O   0  0  0  0  0  0  0  0  0  0  0  0
   -3.1392   -0.8641    0.0000 C   0  0  0  0  0  0  0  0  0  0  0  0
   -3.9642   -0.8627    0.0000 C   0  0  0  0  0  0  0  0  0  0  0  0
   -4.3758   -0.1468    0.0000 N   0  0  0  0  0  0  0  0  0  0  0  0
   -5.1972   -0.1434    0.0000 C   0  0  0  0  0  0  0  0  0  0  0  0
   -5.6148   -0.8553    0.0000 C   0  0  0  0  0  0  0  0  0  0  0  0
   -5.2047   -1.5723    0.0000 O   0  0  0  0  0  0  0  0  0  0  0  0
   -4.3771   -1.5774    0.0000 C   0  0  0  0  0  0  0  0  0  0  0  0
 17 18  2  0
 18 19  1  0
 19 15  1  0
  9  5  1  0
 19 20  1  0
  4  6  1  0
 20 21  1  0
  4 10  1  0
 21 22  2  0
  5  6  1  0
 22 23  1  0
 10 11  1  0
 23 24  2  0
  1  2  2  0
 24 25  1  0
 11 12  2  0
 25 26  2  0
 26 21  1  0
 12 16  1  0
 23 27  1  0
  5  1  1  0
  7 28  1  0
 15 13  1  0
  8 29  1  0
  2  3  1  0
 29 30  1  0
 13 14  2  0
 30 31  1  0
 14 11  1  0
 30 32  2  0
 15 16  2  0
 31 33  1  0
 34 33  1  6
 34 35  1  0
  3  4  2  0
  6  7  2  0
  7  8  1  0
  8  9  2  0
 16 17  1  0
 34 39  1  0
 35 36  1  0
 36 37  1  0
 37 38  1  0
 38 39  1  0
M  END
","InChI=1S/C27H27FN8O3/c1-17-23(34-27(37)39-15-22-14-38-8-7-29-22)13-36-25(17)26(30-16-32-36)33-21-5-6-24-19(10-21)11-31-35(24)12-18-3-2-4-20(28)9-18/h2-6,9-11,13,16,22,29H,7-8,12,14-15H2,1H3,(H,34,37)(H,30,32,33)/t22-/m0/s1",LUJZZYWHBDHDQX-QFIPXVFZSA-N,Cc1c(NC(=O)OC[C@@H]2COCCN2)cn2ncnc(Nc3ccc4c(cnn4Cc4cccc(F)c4)c3)c12
1073669,CHEMBL1683544,ERIBULIN MESYLATE,INHIBITOR,Beta tubulin vinca binding domain,CHEMBL2095182,Tubulin,Brain Neoplasms,primary brain neoplasm,0.5,1073669.0,729.91,3.44,12.0,2.0,146.39,4.0,N,2.0,826.01,0.0,52.0,0.41,C41H63NO14S,1.84,83819442.0,1073669.0,53.0,1073669.0,"
     RDKit          2D

 71 78  0  0  0  0  0  0  0  0999 V2000
    6.2578    1.2462    0.0000 C   0  0  0  0  0  0  0  0  0  0  0  0
    6.9712    1.6581    0.0000 S   0  0  0  0  0  0  0  0  0  0  0  0
    7.6846    1.2462    0.0000 O   0  0  0  0  0  0  0  0  0  0  0  0
    6.5532    2.3778    0.0000 O   0  0  0  0  0  0  0  0  0  0  0  0
    7.3769    2.3778    0.0000 O   0  0  0  0  0  0  0  0  0  0  0  0
    3.2167   -0.4708    0.0000 C   0  0  0  0  0  0  0  0  0  0  0  0
    3.9287   -0.8792    0.0000 C   0  0  0  0  0  0  0  0  0  0  0  0
    4.6407   -0.4708    0.0000 C   0  0  0  0  0  0  0  0  0  0  0  0
    4.6407    0.3542    0.0000 O   0  0  0  0  0  0  0  0  0  0  0  0
    3.2167    0.3542    0.0000 C   0  0  0  0  0  0  0  0  0  0  0  0
    3.9287    0.7708    0.0000 C   0  0  0  0  0  0  0  0  0  0  0  0
    3.9239    1.5912    0.0000 C   0  0  0  0  0  0  0  0  0  0  0  0
    3.2087    2.0012    0.0000 C   0  0  0  0  0  0  0  0  0  0  0  0
    2.4967    1.5845    0.0000 C   0  0  0  0  0  0  0  0  0  0  0  0
    2.4998    0.7579    0.0000 O   0  0  0  0  0  0  0  0  0  0  0  0
    1.7802    1.9936    0.0000 C   0  0  0  0  0  0  0  0  0  0  0  0
    1.0677    1.5776    0.0000 C   0  0  0  0  0  0  0  0  0  0  0  0
    0.3513    1.9866    0.0000 C   0  0  0  0  0  0  0  0  0  0  0  0
    1.0717    0.7526    0.0000 O   0  0  0  0  0  0  0  0  0  0  0  0
   -0.3612    1.5707    0.0000 C   0  0  0  0  0  0  0  0  0  0  0  0
   -1.1175    1.9079    0.0000 C   0  0  0  0  0  0  0  0  0  0  0  0
   -1.6666    1.2921    0.0000 C   0  0  0  0  0  0  0  0  0  0  0  0
   -1.2506    0.5796    0.0000 O   0  0  0  0  0  0  0  0  0  0  0  0
   -0.4445    0.7551    0.0000 C   0  0  0  0  0  0  0  0  0  0  0  0
   -1.2908    2.7145    0.0000 O   0  0  0  0  0  0  0  0  0  0  0  0
   -0.6789    3.2678    0.0000 C   0  0  0  0  0  0  0  0  0  0  0  0
   -2.4875    1.3743    0.0000 C   0  0  0  0  0  0  0  0  0  0  0  0
   -2.8267    2.1264    0.0000 C   0  0  0  0  0  0  0  0  0  0  0  0
   -3.6476    2.2086    0.0000 C   0  0  0  0  0  0  0  0  0  0  0  0
   -3.9868    2.9607    0.0000 N   0  0  0  0  0  0  0  0  0  0  0  0
   -2.3450    2.7962    0.0000 O   0  0  0  0  0  0  0  0  0  0  0  0
    0.1707    0.2055    0.0000 C   0  0  0  0  0  0  0  0  0  0  0  0
    0.0024   -0.6021    0.0000 C   0  0  0  0  0  0  0  0  0  0  0  0
   -0.7814   -0.8553    0.0000 O   0  0  0  0  0  0  0  0  0  0  0  0
   -0.9509   -1.6591    0.0000 C   0  0  0  0  0  0  0  0  0  0  0  0
   -0.3382   -2.2121    0.0000 C   0  0  0  0  0  0  0  0  0  0  0  0
    0.4469   -1.9556    0.0000 C   0  0  0  0  0  0  0  0  0  0  0  0
    0.6194   -1.1462    0.0000 C   0  0  0  0  0  0  0  0  0  0  0  0
    0.7125   -0.1833    0.0000 H   0  0  0  0  0  0  0  0  0  0  0  0
   -1.7355   -1.9141    0.0000 C   0  0  0  0  0  0  0  0  0  0  0  0
    1.4027   -0.8873    0.0000 C   0  0  0  0  0  0  0  0  0  0  0  0
    1.0603   -2.5073    0.0000 C   0  0  0  0  0  0  0  0  0  0  0  0
   -1.7417   -2.7375    0.0000 C   0  0  0  0  0  0  0  0  0  0  0  0
   -1.0303   -3.1554    0.0000 C   0  0  0  0  0  0  0  0  0  0  0  0
   -0.9488   -3.9776    0.0000 C   0  0  0  0  0  0  0  0  0  0  0  0
   -0.1432   -4.1552    0.0000 C   0  0  0  0  0  0  0  0  0  0  0  0
    0.2740   -3.4448    0.0000 C   0  0  0  0  0  0  0  0  0  0  0  0
   -0.2728   -2.8266    0.0000 O   0  0  0  0  0  0  0  0  0  0  0  0
   -1.5656   -4.5255    0.0000 C   0  0  0  0  0  0  0  0  0  0  0  0
    1.0851   -3.5953    0.0000 C   0  0  0  0  0  0  0  0  0  0  0  0
    1.6214   -2.9680    0.0000 C   0  0  0  0  0  0  0  0  0  0  0  0
    4.6375    1.1875    0.0000 H   0  0  0  0  0  0  0  0  0  0  0  0
    2.5000   -0.0542    0.0000 H   0  0  0  0  0  0  0  0  0  0  0  0
    2.5028   -0.8844    0.0000 O   0  0  0  0  0  0  0  0  0  0  0  0
    2.8417   -2.2417    0.0000 C   0  0  0  0  0  0  0  0  0  0  0  0
    5.3546   -0.8844    0.0000 C   0  0  0  0  0  0  0  0  0  0  0  0
    4.9500   -2.0375    0.0000 C   0  0  0  0  0  0  0  0  0  0  0  0
    4.2333   -2.4458    0.0000 C   0  0  0  0  0  0  0  0  0  0  0  0
    3.4375   -1.4583    0.0000 O   0  0  0  0  0  0  0  0  0  0  0  0
    3.9208   -1.7042    0.0000 O   0  0  0  0  0  0  0  0  0  0  0  0
    6.1117   -0.5567    0.0000 H   0  0  0  0  0  0  0  0  0  0  0  0
    5.3500   -0.0542    0.0000 H   0  0  0  0  0  0  0  0  0  0  0  0
    3.9208   -0.0542    0.0000 H   0  0  0  0  0  0  0  0  0  0  0  0
    2.3917   -0.4667    0.0000 H   0  0  0  0  0  0  0  0  0  0  0  0
   -0.3667    2.3958    0.0000 H   0  0  0  0  0  0  0  0  0  0  0  0
    2.4917    2.4125    0.0000 H   0  0  0  0  0  0  0  0  0  0  0  0
   -0.8625    0.0458    0.0000 H   0  0  0  0  0  0  0  0  0  0  0  0
   -1.6708   -1.2458    0.0000 H   0  0  0  0  0  0  0  0  0  0  0  0
   -1.7500   -3.5625    0.0000 H   0  0  0  0  0  0  0  0  0  0  0  0
    0.6792   -4.1542    0.0000 H   0  0  0  0  0  0  0  0  0  0  0  0
    5.5835   -2.5660    0.0000 H   0  0  0  0  0  0  0  0  0  0  0  0
  1  2  1  0
  2  3  1  0
  2  4  2  0
  2  5  2  0
 34 35  1  0
 35 36  1  0
 36 37  1  0
 37 38  1  0
  8  9  1  0
 33 39  1  1
 11  9  1  0
 35 40  1  0
 10 15  1  0
 38 41  2  0
 11 12  1  0
 37 42  1  6
 21 22  1  0
 40 43  1  0
 22 23  1  0
 44 43  1  0
 44 45  1  0
 23 24  1  0
 24 20  1  0
 12 13  1  0
 21 25  1  6
 45 46  1  0
 46 47  1  0
 47 48  1  0
 48 44  1  0
 13 14  1  0
 45 49  2  0
 25 26  1  0
 47 50  1  0
 14 15  1  0
 50 51  1  0
 22 27  1  6
 11 52  1  1
 10 11  1  0
 10 53  1  6
 27 28  1  0
  6 54  1  0
 14 16  1  0
 54 55  1  0
 51 55  1  0
 28 29  1  0
 56  8  1  0
 57 56  1  0
 29 30  1  0
 57 58  1  0
 55 58  1  0
 16 17  1  0
 55 59  1  1
 56 59  1  0
 28 31  1  1
  7 60  1  0
  6 10  1  0
 56 61  1  1
 24 32  1  0
  8 62  1  6
 57 60  1  0
 17 18  1  0
 32 33  1  0
  7 63  1  6
 33 34  1  0
  6 64  1  6
  7  6  1  0
 20 65  1  6
 17 19  2  0
 14 66  1  6
  8  7  1  0
 24 67  1  1
 20 18  1  0
 35 68  1  1
 20 21  1  0
 44 69  1  1
 33 38  1  0
 47 70  1  6
 57 71  1  6
M  END
","InChI=1S/C40H59NO11.CH4O3S/c1-19-11-24-5-7-28-20(2)12-26(45-28)9-10-40-17-33-36(51-40)37-38(50-33)39(52-40)35-29(49-37)8-6-25(47-35)13-22(42)14-27-31(16-30(46-24)21(19)3)48-32(34(27)44-4)15-23(43)18-41;1-5(2,3)4/h19,23-39,43H,2-3,5-18,41H2,1,4H3;1H3,(H,2,3,4)/t19-,23+,24+,25-,26+,27+,28+,29+,30-,31+,32-,33-,34-,35+,36+,37+,38-,39+,40+;/m1./s1",QAMYWGZHLCQOOJ-WRNBYXCMSA-N,C=C1C[C@@H]2CC[C@@]34C[C@H]5O[C@H]6[C@@H](O3)[C@H]3O[C@H](CC[C@@H]3O[C@H]6[C@H]5O4)CC(=O)C[C@@H]3[C@@H](OC)[C@@H](C[C@H](O)CN)O[C@H]3C[C@H]3O[C@@H](CC[C@@H]1O2)C[C@@H](C)C3=C.CS(=O)(=O)O
543658,CHEMBL1692,IMIPRAMINE HYDROCHLORIDE,INHIBITOR,,CHEMBL222,Sodium-dependent noradrenaline transporter,Glioblastoma,glioblastoma multiforme,2.0,543658.0,280.42,3.88,2.0,0.0,6.48,4.0,N,0.0,316.88,2.0,21.0,0.84,C19H25ClN2,-0.77,,,,543658.0,"
     RDKit          2D

 22 23  0  0  0  0  0  0  0  0999 V2000
    6.5167   -7.5625    0.0000 Cl  0  0  0  0  0  0  0  0  0  0  0  0
    5.6542   -5.9250    0.0000 N   0  0  0  0  0  0  0  0  0  0  0  0
    6.3000   -5.6167    0.0000 C   0  0  0  0  0  0  0  0  0  0  0  0
    5.0167   -5.6042    0.0000 C   0  0  0  0  0  0  0  0  0  0  0  0
    6.4667   -4.9292    0.0000 C   0  0  0  0  0  0  0  0  0  0  0  0
    4.8750   -4.9042    0.0000 C   0  0  0  0  0  0  0  0  0  0  0  0
    6.0417   -4.3792    0.0000 C   0  0  0  0  0  0  0  0  0  0  0  0
    5.3292   -4.3625    0.0000 C   0  0  0  0  0  0  0  0  0  0  0  0
    5.6500   -6.6167    0.0000 C   0  0  0  0  0  0  0  0  0  0  0  0
    5.0250   -6.9667    0.0000 C   0  0  0  0  0  0  0  0  0  0  0  0
    4.3875   -8.0250    0.0000 N   0  0  0  0  0  0  0  0  0  0  0  0
    4.5042   -6.0750    0.0000 C   0  0  0  0  0  0  0  0  0  0  0  0
    6.8167   -6.1125    0.0000 C   0  0  0  0  0  0  0  0  0  0  0  0
    5.0042   -7.6792    0.0000 C   0  0  0  0  0  0  0  0  0  0  0  0
    4.2000   -4.6917    0.0000 C   0  0  0  0  0  0  0  0  0  0  0  0
    7.1542   -4.7292    0.0000 C   0  0  0  0  0  0  0  0  0  0  0  0
    4.3792   -8.7375    0.0000 C   0  0  0  0  0  0  0  0  0  0  0  0
    3.7792   -7.6625    0.0000 C   0  0  0  0  0  0  0  0  0  0  0  0
    3.8250   -5.8542    0.0000 C   0  0  0  0  0  0  0  0  0  0  0  0
    7.4917   -5.9167    0.0000 C   0  0  0  0  0  0  0  0  0  0  0  0
    7.6667   -5.2292    0.0000 C   0  0  0  0  0  0  0  0  0  0  0  0
    3.6750   -5.1542    0.0000 C   0  0  0  0  0  0  0  0  0  0  0  0
  3  2  1  0
  4  2  1  0
  5  3  2  0
  6  4  1  0
  7  5  1  0
  8  6  1  0
  9  2  1  0
 10  9  1  0
 11 14  1  0
 12  4  2  0
 13  3  1  0
 14 10  1  0
 15  6  2  0
 16  5  1  0
 17 11  1  0
 18 11  1  0
 19 12  1  0
 20 13  2  0
 21 20  1  0
 22 19  2  0
  8  7  1  0
 22 15  1  0
 21 16  2  0
M  END
","InChI=1S/C19H24N2.ClH/c1-20(2)14-7-15-21-18-10-5-3-8-16(18)12-13-17-9-4-6-11-19(17)21;/h3-6,8-11H,7,12-15H2,1-2H3;1H",XZZXIYZZBJDEEP-UHFFFAOYSA-N,CN(C)CCCN1c2ccccc2CCc2ccccc21.Cl
545974,CHEMBL1699,MEMANTINE HYDROCHLORIDE,NEGATIVE ALLOSTERIC MODULATOR,,CHEMBL2094124,Glutamate [NMDA] receptor,Glioblastoma,glioblastoma multiforme,1.0,545974.0,179.31,2.69,1.0,1.0,26.02,0.0,Y,0.0,215.77,0.0,13.0,0.61,C12H22ClN,0.53,,,,545974.0,"
     RDKit          2D

 14 15  0  0  0  0  0  0  0  0999 V2000
    5.0542   -4.8417    0.0000 Cl  0  0  0  0  0  0  0  0  0  0  0  0
    3.2000   -4.6625    0.0000 C   0  0  0  0  0  0  0  0  0  0  0  0
    3.8167   -5.6417    0.0000 C   0  0  0  0  0  0  0  0  0  0  0  0
    2.5833   -5.6583    0.0000 C   0  0  0  0  0  0  0  0  0  0  0  0
    2.9250   -6.1542    0.0000 C   0  0  0  0  0  0  0  0  0  0  0  0
    2.5833   -4.9458    0.0000 C   0  0  0  0  0  0  0  0  0  0  0  0
    3.8125   -4.9458    0.0000 C   0  0  0  0  0  0  0  0  0  0  0  0
    3.1958   -5.9292    0.0000 C   0  0  0  0  0  0  0  0  0  0  0  0
    2.9250   -5.1458    0.0000 C   0  0  0  0  0  0  0  0  0  0  0  0
    3.6083   -6.3125    0.0000 C   0  0  0  0  0  0  0  0  0  0  0  0
    2.0875   -6.4042    0.0000 C   0  0  0  0  0  0  0  0  0  0  0  0
    3.2000   -4.0875    0.0000 N   0  0  0  0  0  0  0  0  0  0  0  0
    4.3292   -5.8792    0.0000 C   0  0  0  0  0  0  0  0  0  0  0  0
    1.9875   -5.9292    0.0000 C   0  0  0  0  0  0  0  0  0  0  0  0
  3  7  1  0
  4  6  1  0
  5  9  1  0
  6  2  1  0
  7  2  1  0
  8  3  1  0
  9  2  1  0
 10  3  1  0
 11  5  1  0
 12  2  1  0
 13  3  1  0
 14  4  1  0
 10  5  1  0
  8  4  1  0
 11  4  1  0
M  END
","InChI=1S/C12H21N.ClH/c1-10-3-9-4-11(2,6-10)8-12(13,5-9)7-10;/h9H,3-8,13H2,1-2H3;1H",LDDHMLJTFXJGPI-UHFFFAOYSA-N,CC12CC3CC(C)(C1)CC(N)(C3)C2.Cl
547681,CHEMBL1703,METFORMIN HYDROCHLORIDE,INHIBITOR,,CHEMBL2363065,Mitochondrial complex I (NADH dehydrogenase),Glioblastoma,glioblastoma multiforme,1.0,547681.0,129.17,-1.03,2.0,4.0,88.99,0.0,N,0.0,165.63,0.0,9.0,0.25,C4H12ClN5,0.07,84496519.0,547681.0,106.0,547681.0,"
     RDKit          2D

 10  8  0  0  0  0  0  0  0  0999 V2000
    6.1167   -6.5625    0.0000 Cl  0  0  0  0  0  0  0  0  0  0  0  0
    5.3542   -6.0167    0.0000 C   0  0  0  0  0  0  0  0  0  0  0  0
    4.7500   -5.6750    0.0000 N   0  0  0  0  0  0  0  0  0  0  0  0
    4.1250   -6.0167    0.0000 C   0  0  0  0  0  0  0  0  0  0  0  0
    5.3542   -6.7375    0.0000 N   0  0  0  0  0  0  0  0  0  0  0  0
    5.9750   -5.6625    0.0000 N   0  0  0  0  0  0  0  0  0  0  0  0
    4.0917   -6.7250    0.0000 N   0  0  0  0  0  0  0  0  0  0  0  0
    3.5167   -5.6417    0.0000 N   0  0  0  0  0  0  0  0  0  0  0  0
    6.5917   -6.0250    0.0000 C   0  0  0  0  0  0  0  0  0  0  0  0
    5.9750   -4.9625    0.0000 C   0  0  0  0  0  0  0  0  0  0  0  0
  3  2  1  0
  4  3  1  0
  5  2  2  0
  6  2  1  0
  7  4  2  0
  8  4  1  0
  9  6  1  0
 10  6  1  0
M  END
","InChI=1S/C4H11N5.ClH/c1-9(2)4(7)8-3(5)6;/h1-2H3,(H5,5,6,7,8);1H",OETHQSJEHLVLGH-UHFFFAOYSA-N,CN(C)C(=N)NC(=N)N.Cl
564291,CHEMBL1737,SILDENAFIL CITRATE,INHIBITOR,,CHEMBL1827,"cGMP-specific 3',5'-cyclic phosphodiesterase",Brain Neoplasms,brain neoplasm,2.0,564291.0,474.59,1.61,8.0,1.0,113.42,7.0,N,0.0,666.71,3.0,33.0,0.55,C28H38N6O11S,-1.51,85809903.0,564291.0,238.0,564291.0,"
     RDKit          2D

 46 48  0  0  0  0  0  0  0  0999 V2000
    6.2667   -0.4375    0.0000 C   0  0  0  0  0  0  0  0  0  0  0  0
    6.8792   -0.7917    0.0000 C   0  0  0  0  0  0  0  0  0  0  0  0
    5.6542   -0.7917    0.0000 C   0  0  0  0  0  0  0  0  0  0  0  0
    5.9042    0.1750    0.0000 C   0  0  0  0  0  0  0  0  0  0  0  0
    7.4917   -0.4375    0.0000 C   0  0  0  0  0  0  0  0  0  0  0  0
    5.6542   -1.5000    0.0000 C   0  0  0  0  0  0  0  0  0  0  0  0
    5.2000    0.1708    0.0000 O   0  0  0  0  0  0  0  0  0  0  0  0
    7.4917    0.2708    0.0000 O   0  0  0  0  0  0  0  0  0  0  0  0
    6.2667   -1.8542    0.0000 O   0  0  0  0  0  0  0  0  0  0  0  0
    6.6125    0.1750    0.0000 O   0  0  0  0  0  0  0  0  0  0  0  0
    6.2542    0.7958    0.0000 O   0  0  0  0  0  0  0  0  0  0  0  0
    5.0417   -1.8542    0.0000 O   0  0  0  0  0  0  0  0  0  0  0  0
    8.1042   -0.7917    0.0000 O   0  0  0  0  0  0  0  0  0  0  0  0
    2.1000   -0.0042    0.0000 C   0  0  0  0  0  0  0  0  0  0  0  0
    2.1000    0.7000    0.0000 C   0  0  0  0  0  0  0  0  0  0  0  0
   -1.5375   -0.0042    0.0000 S   0  0  0  0  0  0  0  0  0  0  0  0
    1.4917   -0.3667    0.0000 N   0  0  0  0  0  0  0  0  0  0  0  0
    0.8792   -0.0042    0.0000 C   0  0  0  0  0  0  0  0  0  0  0  0
    2.8042    0.9083    0.0000 N   0  0  0  0  0  0  0  0  0  0  0  0
    1.4917    1.0625    0.0000 C   0  0  0  0  0  0  0  0  0  0  0  0
    0.8792    0.6833    0.0000 N   0  0  0  0  0  0  0  0  0  0  0  0
    3.2042    0.3458    0.0000 N   0  0  0  0  0  0  0  0  0  0  0  0
    2.8042   -0.2417    0.0000 C   0  0  0  0  0  0  0  0  0  0  0  0
    0.2875   -0.3750    0.0000 C   0  0  0  0  0  0  0  0  0  0  0  0
   -2.1583   -0.3750    0.0000 N   0  0  0  0  0  0  0  0  0  0  0  0
   -0.9333   -0.3750    0.0000 C   0  0  0  0  0  0  0  0  0  0  0  0
   -0.3208   -0.0333    0.0000 C   0  0  0  0  0  0  0  0  0  0  0  0
   -1.1875    0.6083    0.0000 O   0  0  0  0  0  0  0  0  0  0  0  0
   -1.8958    0.6083    0.0000 O   0  0  0  0  0  0  0  0  0  0  0  0
   -3.3958   -1.0917    0.0000 N   0  0  0  0  0  0  0  0  0  0  0  0
   -2.7833   -0.0042    0.0000 C   0  0  0  0  0  0  0  0  0  0  0  0
   -2.1583   -1.0917    0.0000 C   0  0  0  0  0  0  0  0  0  0  0  0
    0.2875   -1.1125    0.0000 C   0  0  0  0  0  0  0  0  0  0  0  0
    1.4917    1.7708    0.0000 O   0  0  0  0  0  0  0  0  0  0  0  0
   -0.9333   -1.1125    0.0000 C   0  0  0  0  0  0  0  0  0  0  0  0
   -0.3208   -1.4542    0.0000 C   0  0  0  0  0  0  0  0  0  0  0  0
   -3.3958   -0.3750    0.0000 C   0  0  0  0  0  0  0  0  0  0  0  0
   -2.7833   -1.4417    0.0000 C   0  0  0  0  0  0  0  0  0  0  0  0
    3.0750    1.5750    0.0000 C   0  0  0  0  0  0  0  0  0  0  0  0
    2.8042   -0.9500    0.0000 C   0  0  0  0  0  0  0  0  0  0  0  0
    0.8792   -1.4542    0.0000 O   0  0  0  0  0  0  0  0  0  0  0  0
   -3.9958   -1.4292    0.0000 C   0  0  0  0  0  0  0  0  0  0  0  0
    1.4958   -1.1000    0.0000 C   0  0  0  0  0  0  0  0  0  0  0  0
    3.4167   -1.3125    0.0000 C   0  0  0  0  0  0  0  0  0  0  0  0
    2.1125   -1.4500    0.0000 C   0  0  0  0  0  0  0  0  0  0  0  0
    4.0375   -0.9542    0.0000 C   0  0  0  0  0  0  0  0  0  0  0  0
  2  1  1  0
  3  1  1  0
  4  1  1  0
  5  2  1  0
  6  3  1  0
  7  4  2  0
  8  5  2  0
  9  6  2  0
 10  1  1  0
 11  4  1  0
 12  6  1  0
 13  5  1  0
 15 14  2  0
 16 26  1  0
 17 14  1  0
 18 17  2  0
 19 15  1  0
 20 15  1  0
 21 18  1  0
 22 23  2  0
 23 14  1  0
 24 18  1  0
 25 16  1  0
 26 27  2  0
 27 24  1  0
 28 16  2  0
 29 16  2  0
 30 38  1  0
 31 25  1  0
 32 25  1  0
 33 24  2  0
 34 20  2  0
 35 36  2  0
 36 33  1  0
 37 31  1  0
 38 32  1  0
 39 19  1  0
 40 23  1  0
 41 33  1  0
 42 30  1  0
 43 41  1  0
 44 40  1  0
 45 43  1  0
 46 44  1  0
 22 19  1  0
 21 20  1  0
 35 26  1  0
 30 37  1  0
M  END
","InChI=1S/C22H30N6O4S.C6H8O7/c1-5-7-17-19-20(27(4)25-17)22(29)24-21(23-19)16-14-15(8-9-18(16)32-6-2)33(30,31)28-12-10-26(3)11-13-28;7-3(8)1-6(13,5(11)12)2-4(9)10/h8-9,14H,5-7,10-13H2,1-4H3,(H,23,24,29);13H,1-2H2,(H,7,8)(H,9,10)(H,11,12)",DEIYFTQMQPDXOT-UHFFFAOYSA-N,CCCc1nn(C)c2c(=O)[nH]c(-c3cc(S(=O)(=O)N4CCN(C)CC4)ccc3OCC)nc12.O=C(O)CC(O)(CC(=O)O)C(=O)O
1122108,CHEMBL1743260,KARENITECIN,INHIBITOR,,CHEMBL1781,DNA topoisomerase 1,Brain Neoplasms,brain neoplasm,2.0,1122108.0,448.6,,,,,,,,448.6,,,,C25H28N2O4Si,,84393488.0,1122108.0,100.0,1122108.0,"
     RDKit          2D

 32 36  0  0  0  0  0  0  0  0999 V2000
    6.0696   -2.5045    0.0000 C   0  0  0  0  0  0  0  0  0  0  0  0
    5.3551   -2.9170    0.0000 C   0  0  0  0  0  0  0  0  0  0  0  0
    5.3551   -3.7420    0.0000 C   0  0  0  0  0  0  0  0  0  0  0  0
    6.0696   -4.1545    0.0000 C   0  0  0  0  0  0  0  0  0  0  0  0
    6.7841   -3.7420    0.0000 N   0  0  0  0  0  0  0  0  0  0  0  0
    6.7841   -2.9170    0.0000 C   0  0  0  0  0  0  0  0  0  0  0  0
    6.0696   -4.9795    0.0000 O   0  0  0  0  0  0  0  0  0  0  0  0
    7.5687   -3.9969    0.0000 C   0  0  0  0  0  0  0  0  0  0  0  0
    8.0537   -3.3295    0.0000 C   0  0  0  0  0  0  0  0  0  0  0  0
    7.5688   -2.6621    0.0000 C   0  0  0  0  0  0  0  0  0  0  0  0
    7.9043   -1.9083    0.0000 N   0  0  0  0  0  0  0  0  0  0  0  0
    8.7248   -1.8222    0.0000 C   0  0  0  0  0  0  0  0  0  0  0  0
    9.2098   -2.4896    0.0000 C   0  0  0  0  0  0  0  0  0  0  0  0
    8.8742   -3.2433    0.0000 C   0  0  0  0  0  0  0  0  0  0  0  0
    9.0604   -1.0685    0.0000 C   0  0  0  0  0  0  0  0  0  0  0  0
    9.8809   -0.9823    0.0000 C   0  0  0  0  0  0  0  0  0  0  0  0
   10.3659   -1.6498    0.0000 C   0  0  0  0  0  0  0  0  0  0  0  0
   10.0303   -2.4034    0.0000 C   0  0  0  0  0  0  0  0  0  0  0  0
   10.5152   -3.0709    0.0000 C   0  0  0  0  0  0  0  0  0  0  0  0
   11.3356   -2.9847    0.0000 C   0  0  0  0  0  0  0  0  0  0  0  0
   11.8205   -3.6522    0.0000 Si  0  0  0  0  0  4  0  0  0  0  0  0
   12.6410   -3.5660    0.0000 C   0  0  0  0  0  0  0  0  0  0  0  0
   11.4849   -4.4058    0.0000 C   0  0  0  0  0  0  0  0  0  0  0  0
   12.3054   -4.3196    0.0000 C   0  0  0  0  0  0  0  0  0  0  0  0
    4.6407   -2.5044    0.0000 C   0  0  0  0  0  0  0  0  0  0  0  0
    3.9262   -2.9169    0.0000 C   0  0  0  0  0  0  0  0  0  0  0  0
    3.9262   -3.7419    0.0000 O   0  0  0  0  0  0  0  0  0  0  0  0
    4.6407   -4.1544    0.0000 C   0  0  0  0  0  0  0  0  0  0  0  0
    4.0573   -1.9211    0.0000 C   0  0  0  0  0  0  0  0  0  0  0  0
    4.0573   -1.0961    0.0000 C   0  0  0  0  0  0  0  0  0  0  0  0
    5.2240   -1.9211    0.0000 O   0  0  0  0  0  0  0  0  0  0  0  0
    3.2117   -2.5044    0.0000 O   0  0  0  0  0  0  0  0  0  0  0  0
  1  2  1  0
  1  6  2  0
  3  4  1  0
  4  5  1  0
  4  7  2  0
  6 10  1  0
  6  5  1  0
  5  8  1  0
  8  9  1  0
  9 14  2  0
  9 10  1  0
 10 11  2  0
 11 12  1  0
 13 14  1  0
 13 18  2  0
 12 13  1  0
 12 15  2  0
 15 16  1  0
 16 17  2  0
 17 18  1  0
 18 19  1  0
 19 20  1  0
 20 21  1  0
 21 22  1  0
 21 23  1  0
 21 24  1  0
  2 25  1  0
  2  3  2  0
 28  3  1  0
 25 26  1  0
 26 27  1  0
 27 28  1  0
 25 29  1  0
 29 30  1  0
 25 31  1  1
 26 32  2  0
M  END
","InChI=1S/C25H28N2O4Si/c1-5-25(30)19-12-21-22-16(13-27(21)23(28)18(19)14-31-24(25)29)11-17-15(9-10-32(2,3)4)7-6-8-20(17)26-22/h6-8,11-12,30H,5,9-10,13-14H2,1-4H3/t25-/m0/s1",SYXGVIWFCCQOEK-VWLOTQADSA-N,CC[C@@]1(O)C(=O)OCc2c1cc1n(c2=O)Cc2cc3c(CC[Si](C)(C)C)cccc3nc2-1
598447,CHEMBL1773,CAPECITABINE,INHIBITOR,,CHEMBL1952,Thymidylate synthase,Brain Neoplasms,brain cancer,2.0,598447.0,359.35,0.76,8.0,3.0,122.91,6.0,N,0.0,359.35,1.0,25.0,0.64,C15H22FN3O6,0.38,83961934.0,598447.0,63.0,598447.0,"
     RDKit          2D

 25 26  0  0  0  0  0  0  0  0999 V2000
   -2.6895  -18.4111    0.0000 N   0  0  0  0  0  0  0  0  0  0  0  0
   -1.9829  -17.1598    0.0000 N   0  0  0  0  0  0  0  0  0  0  0  0
   -3.4003  -18.8309    0.0000 C   0  0  0  0  0  0  0  0  0  0  0  0
   -2.6979  -17.5838    0.0000 C   0  0  0  0  0  0  0  0  0  0  0  0
   -1.2637  -17.5714    0.0000 C   0  0  0  0  0  0  0  0  0  0  0  0
   -1.9704  -18.8143    0.0000 C   0  0  0  0  0  0  0  0  0  0  0  0
   -1.2554  -18.3944    0.0000 C   0  0  0  0  0  0  0  0  0  0  0  0
   -3.6622  -19.6166    0.0000 C   0  0  0  0  0  0  0  0  0  0  0  0
   -4.0738  -18.3404    0.0000 O   0  0  0  0  0  0  0  0  0  0  0  0
   -0.5487  -17.1556    0.0000 N   0  0  0  0  0  0  0  0  0  0  0  0
   -4.4853  -19.6166    0.0000 C   0  0  0  0  0  0  0  0  0  0  0  0
   -4.7431  -18.8309    0.0000 C   0  0  0  0  0  0  0  0  0  0  0  0
    0.1663  -17.5672    0.0000 C   0  0  0  0  0  0  0  0  0  0  0  0
   -3.4253  -17.1723    0.0000 O   0  0  0  0  0  0  0  0  0  0  0  0
    0.1663  -18.3944    0.0000 O   0  0  0  0  0  0  0  0  0  0  0  0
   -0.5445  -18.8060    0.0000 F   0  0  0  0  0  0  0  0  0  0  0  0
   -3.2507  -20.3316    0.0000 O   0  0  0  0  0  0  0  0  0  0  0  0
   -4.9052  -20.3316    0.0000 O   0  0  0  0  0  0  0  0  0  0  0  0
    0.8812  -17.1474    0.0000 O   0  0  0  0  0  0  0  0  0  0  0  0
   -5.4539  -18.4194    0.0000 C   0  0  0  0  0  0  0  0  0  0  0  0
    1.5963  -17.5589    0.0000 C   0  0  0  0  0  0  0  0  0  0  0  0
    2.3113  -17.1474    0.0000 C   0  0  0  0  0  0  0  0  0  0  0  0
    3.7371  -17.1432    0.0000 C   0  0  0  0  0  0  0  0  0  0  0  0
    3.0221  -17.5589    0.0000 C   0  0  0  0  0  0  0  0  0  0  0  0
    4.4479  -17.5547    0.0000 C   0  0  0  0  0  0  0  0  0  0  0  0
  2  4  1  0
  3  1  1  1
  4  1  1  0
  5  7  1  0
  6  1  1  0
  7  6  2  0
  8  3  1  0
  9  3  1  0
 10  5  1  0
 11  8  1  0
 12  9  1  0
 13 10  1  0
 14  4  2  0
 15 13  2  0
 16  7  1  0
  8 17  1  6
 11 18  1  6
 19 13  1  0
 12 20  1  1
 21 19  1  0
 22 21  1  0
 23 24  1  0
 24 22  1  0
 25 23  1  0
  5  2  2  0
 12 11  1  0
M  END
","InChI=1S/C15H22FN3O6/c1-3-4-5-6-24-15(23)18-12-9(16)7-19(14(22)17-12)13-11(21)10(20)8(2)25-13/h7-8,10-11,13,20-21H,3-6H2,1-2H3,(H,17,18,22,23)/t8-,10-,11-,13-/m1/s1",GAGWJHPBXLXJQN-UORFTKCHSA-N,CCCCCOC(=O)Nc1nc(=O)n([C@@H]2O[C@H](C)[C@@H](O)[C@H]2O)cc1F
299120,CHEMBL180022,NERATINIB,INHIBITOR,,CHEMBL1824,Receptor tyrosine-protein kinase erbB-2,Glioblastoma,glioblastoma multiforme,2.0,299120.0,557.05,5.93,8.0,2.0,112.4,11.0,N,2.0,557.05,4.0,40.0,0.22,C30H29ClN6O3,-1.65,84812597.0,299120.0,113.0,299120.0,"
     RDKit          2D

 40 43  0  0  0  0  0  0  0  0999 V2000
   11.7731  -18.5490    0.0000 C   0  0  0  0  0  0  0  0  0  0  0  0
   11.7719  -19.3765    0.0000 C   0  0  0  0  0  0  0  0  0  0  0  0
   12.4848  -19.7895    0.0000 C   0  0  0  0  0  0  0  0  0  0  0  0
   12.4828  -18.1361    0.0000 C   0  0  0  0  0  0  0  0  0  0  0  0
   13.2010  -18.5449    0.0000 C   0  0  0  0  0  0  0  0  0  0  0  0
   13.2021  -19.3723    0.0000 C   0  0  0  0  0  0  0  0  0  0  0  0
   13.9180  -19.7833    0.0000 N   0  0  0  0  0  0  0  0  0  0  0  0
   14.6334  -19.3680    0.0000 C   0  0  0  0  0  0  0  0  0  0  0  0
   14.6283  -18.5375    0.0000 C   0  0  0  0  0  0  0  0  0  0  0  0
   13.9119  -18.1303    0.0000 C   0  0  0  0  0  0  0  0  0  0  0  0
   13.9071  -17.3053    0.0000 N   0  0  0  0  0  0  0  0  0  0  0  0
   14.6193  -16.8887    0.0000 C   0  0  0  0  0  0  0  0  0  0  0  0
   15.3315  -17.3008    0.0000 C   0  0  0  0  0  0  0  0  0  0  0  0
   16.0433  -16.8850    0.0000 C   0  0  0  0  0  0  0  0  0  0  0  0
   16.0391  -16.0591    0.0000 C   0  0  0  0  0  0  0  0  0  0  0  0
   15.3172  -15.6509    0.0000 C   0  0  0  0  0  0  0  0  0  0  0  0
   14.6085  -16.0690    0.0000 C   0  0  0  0  0  0  0  0  0  0  0  0
   16.7598  -17.2939    0.0000 Cl  0  0  0  0  0  0  0  0  0  0  0  0
   16.7506  -15.6416    0.0000 O   0  0  0  0  0  0  0  0  0  0  0  0
   17.4680  -16.0492    0.0000 C   0  0  0  0  0  0  0  0  0  0  0  0
   18.1796  -15.6316    0.0000 C   0  0  0  0  0  0  0  0  0  0  0  0
   18.8938  -16.0425    0.0000 C   0  0  0  0  0  0  0  0  0  0  0  0
   19.6049  -15.6257    0.0000 C   0  0  0  0  0  0  0  0  0  0  0  0
   19.5996  -14.7999    0.0000 C   0  0  0  0  0  0  0  0  0  0  0  0
   18.8772  -14.3926    0.0000 C   0  0  0  0  0  0  0  0  0  0  0  0
   18.1690  -14.8117    0.0000 N   0  0  0  0  0  0  0  0  0  0  0  0
   15.3354  -18.1205    0.0000 C   0  0  0  0  0  0  0  0  0  0  0  0
   16.0472  -17.7035    0.0000 N   0  0  0  0  0  0  0  0  0  0  0  0
   11.0583  -18.1370    0.0000 N   0  0  0  0  0  0  0  0  0  0  0  0
   11.0568  -19.7880    0.0000 O   0  0  0  0  0  0  0  0  0  0  0  0
   11.0556  -20.6130    0.0000 C   0  0  0  0  0  0  0  0  0  0  0  0
   10.3406  -21.0246    0.0000 C   0  0  0  0  0  0  0  0  0  0  0  0
   10.3442  -18.5502    0.0000 C   0  0  0  0  0  0  0  0  0  0  0  0
    9.6294  -18.1382    0.0000 C   0  0  0  0  0  0  0  0  0  0  0  0
   10.3449  -19.3752    0.0000 O   0  0  0  0  0  0  0  0  0  0  0  0
    8.9153  -18.5513    0.0000 C   0  0  0  0  0  0  0  0  0  0  0  0
    8.2004  -18.1394    0.0000 C   0  0  0  0  0  0  0  0  0  0  0  0
    7.4862  -18.5525    0.0000 N   0  0  0  0  0  0  0  0  0  0  0  0
    6.7715  -18.1406    0.0000 C   0  0  0  0  0  0  0  0  0  0  0  0
    7.4870  -19.3775    0.0000 C   0  0  0  0  0  0  0  0  0  0  0  0
 15 19  1  0
  4  1  1  0
 19 20  1  0
  9 10  2  0
 20 21  1  0
 10  5  1  0
 21 22  2  0
 22 23  1  0
 10 11  1  0
 23 24  2  0
  2  3  1  0
 24 25  1  0
 11 12  1  0
 25 26  2  0
 26 21  1  0
  5  6  1  0
 12 13  2  0
 27 28  3  0
  9 27  1  0
  3  6  2  0
  1 29  1  0
 13 14  1  0
  2 30  1  0
  6  7  1  0
 30 31  1  0
 14 15  2  0
 31 32  1  0
  1  2  2  0
 29 33  1  0
 15 16  1  0
 33 34  1  0
  7  8  2  0
 33 35  2  0
 16 17  2  0
 34 36  2  0
 17 12  1  0
 36 37  1  0
  5  4  2  0
 37 38  1  0
 14 18  1  0
 38 39  1  0
  8  9  1  0
 38 40  1  0
M  END
","InChI=1S/C30H29ClN6O3/c1-4-39-28-16-25-23(15-26(28)36-29(38)9-7-13-37(2)3)30(20(17-32)18-34-25)35-21-10-11-27(24(31)14-21)40-19-22-8-5-6-12-33-22/h5-12,14-16,18H,4,13,19H2,1-3H3,(H,34,35)(H,36,38)/b9-7+",JWNPDZNEKVCWMY-VQHVLOKHSA-N,CCOc1cc2ncc(C#N)c(Nc3ccc(OCc4ccccn4)c(Cl)c3)c2cc1NC(=O)/C=C/CN(C)C
1162276,CHEMBL1801204,AZD-8055,INHIBITOR,,CHEMBL2842,Serine/threonine-protein kinase mTOR,Astrocytoma,anaplastic astrocytoma,1.0,1162276.0,465.55,2.64,9.0,1.0,93.07,5.0,N,0.0,465.55,3.0,34.0,0.61,C25H31N5O4,-0.51,,,,1162276.0,"
     RDKit          2D

 34 38  0  0  0  0  0  0  0  0999 V2000
    2.6830  -15.1908    0.0000 N   0  0  0  0  0  0  0  0  0  0  0  0
    3.3881  -14.7624    0.0000 C   0  0  0  0  0  0  0  0  0  0  0  0
    4.1102  -15.1564    0.0000 C   0  0  0  0  0  0  0  0  0  0  0  0
    4.1294  -15.9824    0.0000 O   0  0  0  0  0  0  0  0  0  0  0  0
    3.4243  -16.4108    0.0000 C   0  0  0  0  0  0  0  0  0  0  0  0
    2.7001  -16.0132    0.0000 C   0  0  0  0  0  0  0  0  0  0  0  0
    3.3689  -13.9364    0.0000 C   0  0  0  0  0  0  0  0  0  0  0  0
    1.9598  -14.7937    0.0000 C   0  0  0  0  0  0  0  0  0  0  0  0
   -3.7546  -14.7937    0.0000 C   0  0  0  0  0  0  0  0  0  0  0  0
   -4.4705  -15.2063    0.0000 O   0  0  0  0  0  0  0  0  0  0  0  0
   -3.0429  -15.2063    0.0000 C   0  0  0  0  0  0  0  0  0  0  0  0
   -3.0429  -16.0313    0.0000 C   0  0  0  0  0  0  0  0  0  0  0  0
   -2.3270  -16.4438    0.0000 C   0  0  0  0  0  0  0  0  0  0  0  0
   -1.6112  -16.0313    0.0000 C   0  0  0  0  0  0  0  0  0  0  0  0
   -1.6112  -15.2063    0.0000 C   0  0  0  0  0  0  0  0  0  0  0  0
   -2.3270  -14.7937    0.0000 C   0  0  0  0  0  0  0  0  0  0  0  0
   -3.7546  -16.4438    0.0000 O   0  0  0  0  0  0  0  0  0  0  0  0
   -4.4705  -16.0313    0.0000 C   0  0  0  0  0  0  0  0  0  0  0  0
    1.2440  -15.2063    0.0000 N   0  0  0  0  0  0  0  0  0  0  0  0
    0.5323  -14.7937    0.0000 C   0  0  0  0  0  0  0  0  0  0  0  0
    0.5323  -13.9688    0.0000 C   0  0  0  0  0  0  0  0  0  0  0  0
    1.2440  -13.5562    0.0000 C   0  0  0  0  0  0  0  0  0  0  0  0
    1.9598  -13.9688    0.0000 N   0  0  0  0  0  0  0  0  0  0  0  0
   -0.1836  -13.5562    0.0000 C   0  0  0  0  0  0  0  0  0  0  0  0
   -0.8995  -13.9688    0.0000 C   0  0  0  0  0  0  0  0  0  0  0  0
   -0.8995  -14.7937    0.0000 C   0  0  0  0  0  0  0  0  0  0  0  0
   -0.1836  -15.2063    0.0000 N   0  0  0  0  0  0  0  0  0  0  0  0
    1.2440  -12.7312    0.0000 N   0  0  0  0  0  0  0  0  0  0  0  0
    1.9598  -12.3188    0.0000 C   0  0  0  0  0  0  0  0  0  0  0  0
    1.9598  -11.4938    0.0000 C   0  0  0  0  0  0  0  0  0  0  0  0
    1.2440  -11.0813    0.0000 O   0  0  0  0  0  0  0  0  0  0  0  0
    0.5323  -11.4938    0.0000 C   0  0  0  0  0  0  0  0  0  0  0  0
    0.5323  -12.3188    0.0000 C   0  0  0  0  0  0  0  0  0  0  0  0
    2.6757  -12.7312    0.0000 C   0  0  0  0  0  0  0  0  0  0  0  0
  1  8  1  0
  1  2  1  0
  2  3  1  0
  3  4  1  0
  4  5  1  0
  5  6  1  0
  1  6  1  0
  2  7  1  1
  9 10  1  0
 11 12  1  0
 12 13  2  0
 13 14  1  0
 14 15  2  0
 15 16  1  0
 11 16  2  0
 17 18  1  0
 12 17  1  0
  8 19  1  0
 19 20  2  0
 20 21  1  0
 21 22  2  0
 22 23  1  0
  8 23  2  0
 24 25  2  0
 25 26  1  0
 26 27  2  0
 20 27  1  0
 21 24  1  0
 28 29  1  0
 29 30  1  0
 30 31  1  0
 31 32  1  0
 32 33  1  0
 28 33  1  0
 29 34  1  6
 22 28  1  0
 15 26  1  0
  9 11  1  0
M  END
","InChI=1S/C25H31N5O4/c1-16-14-33-10-8-29(16)24-20-5-6-21(18-4-7-22(32-3)19(12-18)13-31)26-23(20)27-25(28-24)30-9-11-34-15-17(30)2/h4-7,12,16-17,31H,8-11,13-15H2,1-3H3/t16-,17-/m0/s1",KVLFRAWTRWDEDF-IRXDYDNUSA-N,COc1ccc(-c2ccc3c(N4CCOC[C@@H]4C)nc(N4CCOC[C@@H]4C)nc3n2)cc1CO
365284,CHEMBL182,GANCICLOVIR,INHIBITOR,,CHEMBL1872,DNA polymerase catalytic subunit,Glioblastoma,glioblastoma multiforme,2.0,365284.0,255.23,-1.97,8.0,4.0,139.28,5.0,N,0.0,255.23,2.0,18.0,0.49,C9H13N5O4,0.38,,,,365284.0,"
     RDKit          2D

 18 19  0  0  0  0  0  0  0  0999 V2000
    4.6583   -7.2667    0.0000 C   0  0  0  0  0  0  0  0  0  0  0  0
    4.6542   -6.5625    0.0000 C   0  0  0  0  0  0  0  0  0  0  0  0
    4.0417   -7.6250    0.0000 N   0  0  0  0  0  0  0  0  0  0  0  0
    5.3292   -7.4792    0.0000 N   0  0  0  0  0  0  0  0  0  0  0  0
    3.4292   -6.5625    0.0000 N   0  0  0  0  0  0  0  0  0  0  0  0
    5.3250   -6.3375    0.0000 N   0  0  0  0  0  0  0  0  0  0  0  0
    4.0417   -6.2042    0.0000 C   0  0  0  0  0  0  0  0  0  0  0  0
    3.4292   -7.2667    0.0000 C   0  0  0  0  0  0  0  0  0  0  0  0
    5.7417   -6.9083    0.0000 C   0  0  0  0  0  0  0  0  0  0  0  0
    5.3250   -8.1875    0.0000 C   0  0  0  0  0  0  0  0  0  0  0  0
    4.0417   -5.5000    0.0000 O   0  0  0  0  0  0  0  0  0  0  0  0
    2.8167   -7.6208    0.0000 N   0  0  0  0  0  0  0  0  0  0  0  0
    5.9333   -8.5458    0.0000 O   0  0  0  0  0  0  0  0  0  0  0  0
    5.9250   -9.2542    0.0000 C   0  0  0  0  0  0  0  0  0  0  0  0
    7.1500   -9.2708    0.0000 O   0  0  0  0  0  0  0  0  0  0  0  0
    4.6958   -9.2417    0.0000 O   0  0  0  0  0  0  0  0  0  0  0  0
    5.3083   -9.6000    0.0000 C   0  0  0  0  0  0  0  0  0  0  0  0
    6.5333   -9.6167    0.0000 C   0  0  0  0  0  0  0  0  0  0  0  0
  2  1  2  0
  3  1  1  0
  4  1  1  0
  5  8  1  0
  6  2  1  0
  7  2  1  0
  8  3  2  0
  9  4  1  0
 10  4  1  0
 11  7  2  0
 12  8  1  0
 13 10  1  0
 14 13  1  0
 15 18  1  0
 16 17  1  0
 17 14  1  0
 18 14  1  0
  6  9  2  0
  7  5  1  0
M  END","InChI=1S/C9H13N5O4/c10-9-12-7-6(8(17)13-9)11-3-14(7)4-18-5(1-15)2-16/h3,5,15-16H,1-2,4H2,(H3,10,12,13,17)",IRSCQMHQWWYFCW-UHFFFAOYSA-N,Nc1nc2c(ncn2COC(CO)CO)c(=O)[nH]1
20346,CHEMBL18442,PLERIXAFOR,PARTIAL AGONIST,,CHEMBL2107,C-X-C chemokine receptor type 4,Glioblastoma,glioblastoma multiforme,1.0,20346.0,502.8,0.42,8.0,6.0,78.66,4.0,N,2.0,502.8,1.0,36.0,0.35,C28H54N8,-0.4,85813333.0,20346.0,240.0,20346.0,"
     RDKit          2D

 36 38  0  0  0  0  0  0  0  0999 V2000
   13.0544  -10.3371    0.0000 C   0  0  0  0  0  0  0  0  0  0  0  0
   14.4838  -10.3335    0.0000 C   0  0  0  0  0  0  0  0  0  0  0  0
   13.7674   -9.9236    0.0000 N   0  0  0  0  0  0  0  0  0  0  0  0
   14.4867  -11.1652    0.0000 C   0  0  0  0  0  0  0  0  0  0  0  0
   15.2019  -12.4016    0.0000 N   0  0  0  0  0  0  0  0  0  0  0  0
   15.2000  -11.5768    0.0000 C   0  0  0  0  0  0  0  0  0  0  0  0
   13.0532  -11.1657    0.0000 C   0  0  0  0  0  0  0  0  0  0  0  0
   12.3417  -11.5792    0.0000 N   0  0  0  0  0  0  0  0  0  0  0  0
   12.3439  -12.4039    0.0000 C   0  0  0  0  0  0  0  0  0  0  0  0
   14.4828  -12.8184    0.0000 C   0  0  0  0  0  0  0  0  0  0  0  0
   13.0558  -12.7999    0.0000 C   0  0  0  0  0  0  0  0  0  0  0  0
   13.0461  -13.6247    0.0000 C   0  0  0  0  0  0  0  0  0  0  0  0
   13.7600  -14.0448    0.0000 N   0  0  0  0  0  0  0  0  0  0  0  0
   14.4749  -13.6390    0.0000 C   0  0  0  0  0  0  0  0  0  0  0  0
   11.6250  -11.1680    0.0000 C   0  0  0  0  0  0  0  0  0  0  0  0
   10.9106  -11.5831    0.0000 C   0  0  0  0  0  0  0  0  0  0  0  0
    5.9062  -10.3454    0.0000 C   0  0  0  0  0  0  0  0  0  0  0  0
    7.3355  -10.3418    0.0000 C   0  0  0  0  0  0  0  0  0  0  0  0
    6.6191   -9.9321    0.0000 N   0  0  0  0  0  0  0  0  0  0  0  0
    7.3384  -11.1735    0.0000 C   0  0  0  0  0  0  0  0  0  0  0  0
    8.0536  -12.4099    0.0000 N   0  0  0  0  0  0  0  0  0  0  0  0
    8.0517  -11.5852    0.0000 C   0  0  0  0  0  0  0  0  0  0  0  0
    5.9050  -11.1740    0.0000 C   0  0  0  0  0  0  0  0  0  0  0  0
    5.1934  -11.5876    0.0000 N   0  0  0  0  0  0  0  0  0  0  0  0
    5.1956  -12.4122    0.0000 C   0  0  0  0  0  0  0  0  0  0  0  0
    7.3345  -12.8267    0.0000 C   0  0  0  0  0  0  0  0  0  0  0  0
    5.9076  -12.8082    0.0000 C   0  0  0  0  0  0  0  0  0  0  0  0
    5.8979  -13.6331    0.0000 C   0  0  0  0  0  0  0  0  0  0  0  0
    6.6117  -14.0531    0.0000 N   0  0  0  0  0  0  0  0  0  0  0  0
    7.3266  -13.6474    0.0000 C   0  0  0  0  0  0  0  0  0  0  0  0
    8.7701  -12.8216    0.0000 C   0  0  0  0  0  0  0  0  0  0  0  0
    9.4848  -12.4070    0.0000 C   0  0  0  0  0  0  0  0  0  0  0  0
   10.2001  -12.8223    0.0000 C   0  0  0  0  0  0  0  0  0  0  0  0
   10.9144  -12.4084    0.0000 C   0  0  0  0  0  0  0  0  0  0  0  0
   10.1916  -11.1698    0.0000 C   0  0  0  0  0  0  0  0  0  0  0  0
    9.4804  -11.5861    0.0000 C   0  0  0  0  0  0  0  0  0  0  0  0
 20 18  1  0
  8  9  1  0
 18 19  1  0
 19 17  1  0
  9 11  1  0
  4  2  1  0
 26 21  1  0
 10  5  1  0
 21 22  1  0
 22 20  1  0
  1  7  1  0
 11 12  1  0
 23 24  1  0
  5  6  1  0
 24 25  1  0
 25 27  1  0
 12 13  1  0
  6  4  1  0
 13 14  1  0
 27 28  1  0
 14 10  1  0
 28 29  1  0
  2  3  1  0
 29 30  1  0
 30 26  1  0
  8 15  1  0
 21 31  1  0
  3  1  1  0
 31 32  1  0
 15 16  1  0
 32 33  2  0
  7  8  1  0
 33 34  1  0
 34 16  2  0
 17 23  1  0
 16 35  1  0
 35 36  2  0
 36 32  1  0
M  END
","InChI=1S/C28H54N8/c1-9-29-15-17-31-13-3-21-35(23-19-33-11-1)25-27-5-7-28(8-6-27)26-36-22-4-14-32-18-16-30-10-2-12-34-20-24-36/h5-8,29-34H,1-4,9-26H2",YIQPUIGJQJDJOS-UHFFFAOYSA-N,c1cc(CN2CCCNCCNCCCNCC2)ccc1CN1CCCNCCNCCCNCC1
368538,CHEMBL185,FLUOROURACIL,INHIBITOR,,CHEMBL1952,Thymidylate synthase,Glioma,central nervous system cancer,1.0,368538.0,130.08,-0.8,2.0,2.0,65.72,0.0,N,0.0,130.08,1.0,9.0,0.48,C4H3FN2O2,-0.8,,,,368538.0,"
     RDKit          2D

  9  9  0  0  0  0  0  0  0  0999 V2000
    0.8737   -0.5042    0.0000 N   0  0  0  0  0  0  0  0  0  0  0  0
    0.1592   -0.9167    0.0000 C   0  0  0  0  0  0  0  0  0  0  0  0
   -0.5553   -0.5042    0.0000 N   0  0  0  0  0  0  0  0  0  0  0  0
   -0.5553    0.3208    0.0000 C   0  0  0  0  0  0  0  0  0  0  0  0
    0.1592    0.7333    0.0000 C   0  0  0  0  0  0  0  0  0  0  0  0
    0.8737    0.3208    0.0000 C   0  0  0  0  0  0  0  0  0  0  0  0
    0.1592   -1.7417    0.0000 O   0  0  0  0  0  0  0  0  0  0  0  0
   -1.2698    0.7333    0.0000 O   0  0  0  0  0  0  0  0  0  0  0  0
    0.1592    1.5583    0.0000 F   0  0  0  0  0  0  0  0  0  0  0  0
  2  1  1  0
  6  1  1  0
  2  3  1  0
  2  7  2  0
  4  3  1  0
  4  5  1  0
  4  8  2  0
  5  6  2  0
  5  9  1  0
M  END","InChI=1S/C4H3FN2O2/c5-2-1-6-4(9)7-3(2)8/h1H,(H2,6,7,8,9)",GHASVSINZRGABV-UHFFFAOYSA-N,O=c1[nH]cc(F)c(=O)[nH]1
1193367,CHEMBL1852688,INFIGRATINIB,INHIBITOR,,CHEMBL2095217,Fibroblast growth factor receptor,Glioblastoma,glioblastoma multiforme,2.0,1193367.0,560.49,5.35,8.0,2.0,95.09,8.0,N,2.0,560.49,3.0,38.0,0.38,C26H31Cl2N7O3,-1.26,,,,1193367.0,"
     RDKit          2D

 38 41  0  0  0  0  0  0  0  0999 V2000
    2.9179    0.8478    0.0000 C   0  0  0  0  0  0  0  0  0  0  0  0
    2.2035    0.4353    0.0000 C   0  0  0  0  0  0  0  0  0  0  0  0
    2.2035   -0.3897    0.0000 C   0  0  0  0  0  0  0  0  0  0  0  0
    2.9179   -0.8022    0.0000 C   0  0  0  0  0  0  0  0  0  0  0  0
    3.6324   -0.3897    0.0000 C   0  0  0  0  0  0  0  0  0  0  0  0
    3.6324    0.4353    0.0000 C   0  0  0  0  0  0  0  0  0  0  0  0
    0.7745    0.4353    0.0000 O   0  0  0  0  0  0  0  0  0  0  0  0
    0.7745   -0.3897    0.0000 C   0  0  0  0  0  0  0  0  0  0  0  0
    1.4890   -0.8022    0.0000 N   0  0  0  0  0  0  0  0  0  0  0  0
   -0.6544    0.4353    0.0000 N   0  0  0  0  0  0  0  0  0  0  0  0
   -0.6544   -0.3897    0.0000 C   0  0  0  0  0  0  0  0  0  0  0  0
    0.0601   -0.8022    0.0000 N   0  0  0  0  0  0  0  0  0  0  0  0
   -1.3689    0.8478    0.0000 C   0  0  0  0  0  0  0  0  0  0  0  0
   -2.0833    0.4353    0.0000 N   0  0  0  0  0  0  0  0  0  0  0  0
   -2.0833   -0.3897    0.0000 C   0  0  0  0  0  0  0  0  0  0  0  0
   -1.3689   -0.8022    0.0000 C   0  0  0  0  0  0  0  0  0  0  0  0
   -3.5123    0.4353    0.0000 C   0  0  0  0  0  0  0  0  0  0  0  0
   -3.5123   -0.3897    0.0000 C   0  0  0  0  0  0  0  0  0  0  0  0
   -2.7978   -0.8022    0.0000 N   0  0  0  0  0  0  0  0  0  0  0  0
   -4.2267    0.8478    0.0000 C   0  0  0  0  0  0  0  0  0  0  0  0
   -4.9412    0.4353    0.0000 C   0  0  0  0  0  0  0  0  0  0  0  0
   -4.9412   -0.3897    0.0000 C   0  0  0  0  0  0  0  0  0  0  0  0
   -4.2267   -0.8022    0.0000 C   0  0  0  0  0  0  0  0  0  0  0  0
   -6.3467    2.1235    0.0000 C   0  0  0  0  0  0  0  0  0  0  0  0
   -7.0611    1.7110    0.0000 N   0  0  0  0  0  0  0  0  0  0  0  0
   -7.0611    0.8860    0.0000 C   0  0  0  0  0  0  0  0  0  0  0  0
   -6.3467    0.4735    0.0000 C   0  0  0  0  0  0  0  0  0  0  0  0
   -5.6322    0.8860    0.0000 N   0  0  0  0  0  0  0  0  0  0  0  0
   -5.6322    1.7110    0.0000 C   0  0  0  0  0  0  0  0  0  0  0  0
   -7.7756    2.1235    0.0000 C   0  0  0  0  0  0  0  0  0  0  0  0
   -8.5107    1.7490    0.0000 C   0  0  0  0  0  0  0  0  0  0  0  0
    0.0601   -1.6272    0.0000 C   0  0  0  0  0  0  0  0  0  0  0  0
    1.4890    0.8478    0.0000 Cl  0  0  0  0  0  0  0  0  0  0  0  0
    2.8748    1.6717    0.0000 O   0  0  0  0  0  0  0  0  0  0  0  0
    3.5667    2.1210    0.0000 C   0  0  0  0  0  0  0  0  0  0  0  0
    4.2998   -0.8746    0.0000 O   0  0  0  0  0  0  0  0  0  0  0  0
    5.0535   -0.5391    0.0000 C   0  0  0  0  0  0  0  0  0  0  0  0
    2.9179   -1.6272    0.0000 Cl  0  0  0  0  0  0  0  0  0  0  0  0
  1  2  1  0
  2  3  2  0
  3  4  1  0
  4  5  2  0
  5  6  1  0
  1  6  2  0
  7  8  2  0
  8  9  1  0
  9  3  1  0
 10 11  2  0
 11 12  1  0
 12  8  1  0
 13 14  2  0
 14 15  1  0
 15 16  2  0
 13 10  1  0
 16 11  1  0
 17 18  1  0
 18 19  1  0
 19 15  1  0
 20 21  1  0
 21 22  2  0
 22 23  1  0
 20 17  2  0
 23 18  2  0
 24 25  1  0
 25 26  1  0
 26 27  1  0
 27 28  1  0
 28 29  1  0
 24 29  1  0
 25 30  1  0
 30 31  1  0
 28 21  1  0
 12 32  1  0
  2 33  1  0
  1 34  1  0
 34 35  1  0
  5 36  1  0
 36 37  1  0
  4 38  1  0
M  END
","InChI=1S/C26H31Cl2N7O3/c1-5-34-10-12-35(13-11-34)18-8-6-17(7-9-18)31-21-15-22(30-16-29-21)33(2)26(36)32-25-23(27)19(37-3)14-20(38-4)24(25)28/h6-9,14-16H,5,10-13H2,1-4H3,(H,32,36)(H,29,30,31)",QADPYRIHXKWUSV-UHFFFAOYSA-N,CCN1CCN(c2ccc(Nc3cc(N(C)C(=O)Nc4c(Cl)c(OC)cc(OC)c4Cl)ncn3)cc2)CC1
1214046,CHEMBL1873475,IBRUTINIB,INHIBITOR,"Tyrosine-protein kinase BTK, Pkinase_Tyr domain",CHEMBL5251,Tyrosine-protein kinase BTK,Glioblastoma,glioblastoma multiforme,1.0,1214046.0,440.51,4.22,7.0,1.0,99.16,5.0,N,0.0,440.51,4.0,33.0,0.47,C25H24N6O2,-0.8,84853769.0,1214046.0,113.0,1214046.0,"
     RDKit          2D

 33 37  0  0  0  0  0  0  0  0999 V2000
    0.0779   -2.9123    0.0000 C   0  0  0  0  0  0  0  0  0  0  0  0
    0.0809   -3.7347    0.0000 C   0  0  0  0  0  0  0  0  0  0  0  0
    0.7913   -2.4967    0.0000 C   0  0  0  0  0  0  0  0  0  0  0  0
    1.5112   -2.9104    0.0000 C   0  0  0  0  0  0  0  0  0  0  0  0
    1.5165   -3.7345    0.0000 C   0  0  0  0  0  0  0  0  0  0  0  0
    2.2151   -4.1602    0.0000 O   0  0  0  0  0  0  0  0  0  0  0  0
    0.8115   -4.1363    0.0000 C   0  0  0  0  0  0  0  0  0  0  0  0
    2.9482   -3.7315    0.0000 C   0  0  0  0  0  0  0  0  0  0  0  0
    3.6593   -2.5103    0.0000 C   0  0  0  0  0  0  0  0  0  0  0  0
    4.3857   -2.8996    0.0000 C   0  0  0  0  0  0  0  0  0  0  0  0
    5.0991   -2.5019    0.0000 C   0  0  0  0  0  0  0  0  0  0  0  0
    4.4999   -1.1311    0.0000 C   0  0  0  0  0  0  0  0  0  0  0  0
    5.1051   -1.6771    0.0000 C   0  0  0  0  0  0  0  0  0  0  0  0
    3.4203   -1.3960    0.0000 N   0  0  0  0  0  0  0  0  0  0  0  0
    4.6535   -0.3350    0.0000 N   0  0  0  0  0  0  0  0  0  0  0  0
    5.8927   -1.4215    0.0000 C   0  0  0  0  0  0  0  0  0  0  0  0
    6.0588   -0.6236    0.0000 N   0  0  0  0  0  0  0  0  0  0  0  0
    6.3753   -2.1034    0.0000 N   0  0  0  0  0  0  0  0  0  0  0  0
    5.8821   -2.7642    0.0000 N   0  0  0  0  0  0  0  0  0  0  0  0
    3.6902   -4.1311    0.0000 C   0  0  0  0  0  0  0  0  0  0  0  0
    4.3732   -3.7342    0.0000 C   0  0  0  0  0  0  0  0  0  0  0  0
    2.9514   -2.9117    0.0000 C   0  0  0  0  0  0  0  0  0  0  0  0
    8.6461   -2.1034    0.0000 N   0  0  0  0  0  0  0  0  0  0  0  0
    9.2897   -2.4617    0.0000 C   0  0  0  0  0  0  0  0  0  0  0  0
   10.0977   -2.0511    0.0000 C   0  0  0  0  0  0  0  0  0  0  0  0
    9.3535   -3.3320    0.0000 O   0  0  0  0  0  0  0  0  0  0  0  0
    7.1665   -2.0999    0.0000 C   0  0  0  0  0  0  0  0  0  0  0  0
    7.2176   -1.2712    0.0000 C   0  0  0  0  0  0  0  0  0  0  0  0
    7.9252   -0.8619    0.0000 C   0  0  0  0  0  0  0  0  0  0  0  0
    8.6524   -1.2682    0.0000 C   0  0  0  0  0  0  0  0  0  0  0  0
    7.9412   -2.4891    0.0000 C   0  0  0  0  0  0  0  0  0  0  0  0
   10.8648   -2.4556    0.0000 C   0  0  0  0  0  0  0  0  0  0  0  0
    5.4389   -0.0791    0.0000 C   0  0  0  0  0  0  0  0  0  0  0  0
  1  2  2  0
  1  3  1  0
  2  7  1  0
  3  4  2  0
  5  4  1  0
  5  6  1  0
  6  8  1  0
  7  5  2  0
  8 20  2  0
  8 22  1  0
  9 10  1  0
 10 11  1  0
 11 19  2  0
 12 13  1  0
 12 15  2  0
 13 16  2  0
 13 11  1  0
 14 12  1  0
 15 33  1  0
 16 18  1  0
 17 16  1  0
 19 18  1  0
 20 21  1  0
 21 10  2  0
 22  9  2  0
 23 24  1  0
 24 25  1  0
 24 26  2  0
 25 32  2  0
 27 28  1  0
 27 31  1  0
 29 30  1  0
 29 28  1  0
 30 23  1  0
 31 23  1  0
 33 17  2  0
 27 18  1  6
M  END
","InChI=1S/C25H24N6O2/c1-2-21(32)30-14-6-7-18(15-30)31-25-22(24(26)27-16-28-25)23(29-31)17-10-12-20(13-11-17)33-19-8-4-3-5-9-19/h2-5,8-13,16,18H,1,6-7,14-15H2,(H2,26,27,28)/t18-/m1/s1",XYFPWWZEPKGCCK-GOSISDBHSA-N,C=CC(=O)N1CCC[C@@H](n2nc(-c3ccc(Oc4ccccc4)cc3)c3c(N)ncnc32)C1
319858,CHEMBL189963,PALBOCICLIB,INHIBITOR,"CDK6/cyclin D1, Pkinase domain",CHEMBL2111455,CDK6/cyclin D1,Oligodendroglioma,oligoastrocytoma,2.0,319858.0,447.54,2.97,9.0,2.0,105.04,5.0,N,0.0,447.54,3.0,33.0,0.58,C24H29N7O2,-1.06,86292500.0,319858.0,1029.0,319858.0,"
     RDKit          2D

 33 37  0  0  0  0  0  0  0  0999 V2000
    3.6219   -4.8335    0.0000 C   0  0  0  0  0  0  0  0  0  0  0  0
    3.3670   -4.0489    0.0000 C   0  0  0  0  0  0  0  0  0  0  0  0
    4.0344   -3.5640    0.0000 C   0  0  0  0  0  0  0  0  0  0  0  0
    4.0344   -2.7390    0.0000 N   0  0  0  0  0  0  0  0  0  0  0  0
    4.7019   -4.0489    0.0000 C   0  0  0  0  0  0  0  0  0  0  0  0
    4.4469   -4.8335    0.0000 C   0  0  0  0  0  0  0  0  0  0  0  0
    3.3200   -2.3265    0.0000 C   0  0  0  0  0  0  0  0  0  0  0  0
    3.3200   -1.5015    0.0000 C   0  0  0  0  0  0  0  0  0  0  0  0
    4.0344   -1.0890    0.0000 C   0  0  0  0  0  0  0  0  0  0  0  0
    4.7489   -1.5015    0.0000 C   0  0  0  0  0  0  0  0  0  0  0  0
    4.7489   -2.3265    0.0000 C   0  0  0  0  0  0  0  0  0  0  0  0
    5.4634   -2.7390    0.0000 N   0  0  0  0  0  0  0  0  0  0  0  0
    6.1778   -1.5015    0.0000 N   0  0  0  0  0  0  0  0  0  0  0  0
    5.4634   -1.0890    0.0000 C   0  0  0  0  0  0  0  0  0  0  0  0
    4.0344   -0.2640    0.0000 C   0  0  0  0  0  0  0  0  0  0  0  0
    2.6055   -1.0890    0.0000 C   0  0  0  0  0  0  0  0  0  0  0  0
    2.6055   -0.2640    0.0000 C   0  0  0  0  0  0  0  0  0  0  0  0
    1.8910   -1.5015    0.0000 O   0  0  0  0  0  0  0  0  0  0  0  0
    2.6055   -2.7390    0.0000 O   0  0  0  0  0  0  0  0  0  0  0  0
    6.8923   -6.0390    0.0000 N   0  0  0  0  0  0  0  0  0  0  0  0
    7.6068   -6.4515    0.0000 C   0  0  0  0  0  0  0  0  0  0  0  0
    7.6068   -7.2765    0.0000 C   0  0  0  0  0  0  0  0  0  0  0  0
    6.8923   -7.6890    0.0000 N   0  0  0  0  0  0  0  0  0  0  0  0
    6.1778   -7.2765    0.0000 C   0  0  0  0  0  0  0  0  0  0  0  0
    6.1778   -6.4515    0.0000 C   0  0  0  0  0  0  0  0  0  0  0  0
    6.8923   -5.2140    0.0000 C   0  0  0  0  0  0  0  0  0  0  0  0
    7.6068   -4.8015    0.0000 C   0  0  0  0  0  0  0  0  0  0  0  0
    7.6068   -3.9765    0.0000 N   0  0  0  0  0  0  0  0  0  0  0  0
    6.1778   -3.9765    0.0000 C   0  0  0  0  0  0  0  0  0  0  0  0
    6.8923   -3.5640    0.0000 C   0  0  0  0  0  0  0  0  0  0  0  0
    6.8923   -2.7390    0.0000 N   0  0  0  0  0  0  0  0  0  0  0  0
    6.1778   -4.8015    0.0000 C   0  0  0  0  0  0  0  0  0  0  0  0
    6.1778   -2.3265    0.0000 C   0  0  0  0  0  0  0  0  0  0  0  0
  1  2  1  0
  2  3  1  0
  3  4  1  0
  3  5  1  0
  4 11  1  0
  6  1  1  0
  6  5  1  0
  7  4  1  0
  7  8  1  0
  8 16  1  0
  9  8  2  0
 10  9  1  0
 11 10  2  0
 11 12  1  0
 12 33  2  0
 13 14  2  0
 14 10  1  0
 15  9  1  0
 16 18  2  0
 17 16  1  0
 19  7  2  0
 20 21  1  0
 21 22  1  0
 22 23  1  0
 23 24  1  0
 24 25  1  0
 25 20  1  0
 26 20  1  0
 26 32  1  0
 27 26  2  0
 27 28  1  0
 28 30  2  0
 29 30  1  0
 30 31  1  0
 32 29  2  0
 33 31  1  0
 33 13  1  0
M  END
","InChI=1S/C24H29N7O2/c1-15-19-14-27-24(28-20-8-7-18(13-26-20)30-11-9-25-10-12-30)29-22(19)31(17-5-3-4-6-17)23(33)21(15)16(2)32/h7-8,13-14,17,25H,3-6,9-12H2,1-2H3,(H,26,27,28,29)",AHJRHEGDXFFMBM-UHFFFAOYSA-N,CC(=O)c1c(C)c2cnc(Nc3ccc(N4CCNCC4)cn3)nc2n(C2CCCC2)c1=O
318390,CHEMBL190461,CANNABIDIOL,NEGATIVE ALLOSTERIC MODULATOR,,CHEMBL218,Cannabinoid receptor 1,Glioblastoma,glioblastoma multiforme,2.0,318390.0,314.47,5.85,2.0,2.0,40.46,6.0,N,1.0,314.47,1.0,23.0,0.51,C21H30O2,1.98,83927202.0,318390.0,63.0,318390.0,"
     RDKit          2D

 25 26  0  0  0  0  0  0  0  0999 V2000
   -9.0952    3.4491    0.0000 C   0  0  0  0  0  0  0  0  0  0  0  0
   -9.8097    3.8616    0.0000 C   0  0  0  0  0  0  0  0  0  0  0  0
   -9.8097    4.6866    0.0000 C   0  0  0  0  0  0  0  0  0  0  0  0
   -9.0952    5.0991    0.0000 C   0  0  0  0  0  0  0  0  0  0  0  0
   -8.3807    4.6866    0.0000 C   0  0  0  0  0  0  0  0  0  0  0  0
   -8.3807    3.8616    0.0000 C   0  0  0  0  0  0  0  0  0  0  0  0
   -7.6663    3.4491    0.0000 C   0  0  0  0  0  0  0  0  0  0  0  0
   -6.9518    3.8616    0.0000 C   0  0  0  0  0  0  0  0  0  0  0  0
   -6.2373    3.4491    0.0000 C   0  0  0  0  0  0  0  0  0  0  0  0
   -5.5228    3.8616    0.0000 C   0  0  0  0  0  0  0  0  0  0  0  0
   -4.8084    3.4491    0.0000 C   0  0  0  0  0  0  0  0  0  0  0  0
  -10.5241    3.4491    0.0000 O   0  0  0  0  0  0  0  0  0  0  0  0
  -10.5241    5.0991    0.0000 C   0  0  0  0  0  0  0  0  0  0  0  0
  -11.2386    4.6866    0.0000 C   0  0  0  0  0  0  0  0  0  0  0  0
  -11.9531    5.0991    0.0000 C   0  0  0  0  0  0  0  0  0  0  0  0
  -11.9531    5.9241    0.0000 C   0  0  0  0  0  0  0  0  0  0  0  0
  -11.2386    6.3366    0.0000 C   0  0  0  0  0  0  0  0  0  0  0  0
  -10.5241    5.9241    0.0000 C   0  0  0  0  0  0  0  0  0  0  0  0
   -9.0952    5.9241    0.0000 O   0  0  0  0  0  0  0  0  0  0  0  0
  -12.6676    4.6866    0.0000 C   0  0  0  0  0  0  0  0  0  0  0  0
   -9.8097    6.3366    0.0000 C   0  0  0  0  0  0  0  0  0  0  0  0
   -8.9892    6.4228    0.0000 C   0  0  0  0  0  0  0  0  0  0  0  0
   -9.8097    7.1616    0.0000 C   0  0  0  0  0  0  0  0  0  0  0  0
  -10.5241    4.2741    0.0000 H   0  0  0  0  0  0  0  0  0  0  0  0
  -10.5241    6.7491    0.0000 H   0  0  0  0  0  0  0  0  0  0  0  0
  1  2  1  0
  1  6  2  0
  2  3  2  0
  3  4  1  0
  4  5  2  0
  5  6  1  0
  6  7  1  0
  7  8  1  0
  8  9  1  0
  9 10  1  0
 10 11  1  0
  2 12  1  0
 13  3  1  0
 13 14  1  0
 18 13  1  0
 14 15  2  0
 15 16  1  0
 16 17  1  0
 17 18  1  0
  4 19  1  0
 15 20  1  0
 18 21  1  0
 21 22  2  0
 21 23  1  0
 13 24  1  1
 18 25  1  6
M  END
","InChI=1S/C21H30O2/c1-5-6-7-8-16-12-19(22)21(20(23)13-16)18-11-15(4)9-10-17(18)14(2)3/h11-13,17-18,22-23H,2,5-10H2,1,3-4H3/t17-,18+/m0/s1",QHMBSVQNZZTUGM-ZWKOTPCHSA-N,C=C(C)[C@@H]1CCC(C)=C[C@H]1c1c(O)cc(CCCCC)cc1O
1248731,CHEMBL1908360,EVEROLIMUS,INHIBITOR,,CHEMBL1902,Peptidyl-prolyl cis-trans isomerase FKBP1A,Astrocytoma,anaplastic astrocytoma,4.0,1248731.0,958.24,6.2,14.0,3.0,204.66,9.0,N,3.0,958.24,0.0,68.0,0.13,C53H83NO14,1.84,84356331.0,1248731.0,93.0,1248731.0,"
     RDKit          2D

 71 74  0  0  1  0  0  0  0  0999 V2000
   -2.9250   -2.7167    0.0000 C   0  0  0  0  0  0  0  0  0  0  0  0
   -2.9250   -3.4250    0.0000 C   0  0  0  0  0  0  0  0  0  0  0  0
   -2.3125   -2.3667    0.0000 C   0  0  0  0  0  0  0  0  0  0  0  0
   -2.3125   -1.6625    0.0000 N   0  0  0  0  0  0  0  0  0  0  0  0
   -1.0958   -1.6542    0.0000 C   0  0  0  0  0  0  0  0  0  0  0  0
    2.5625   -2.3625    0.0000 C   0  0  0  0  0  0  0  0  0  0  0  0
   -0.4875   -1.3042    0.0000 O   0  0  0  0  0  0  0  0  0  0  0  0
    3.1750   -2.7167    0.0000 C   0  0  0  0  0  0  0  0  0  0  0  0
    1.9542   -1.3042    0.0000 C   0  0  0  0  0  0  0  0  0  0  0  0
   -1.7083   -1.3042    0.0000 C   0  0  0  0  0  0  0  0  0  0  0  0
   -2.3208   -3.7750    0.0000 O   0  0  0  0  0  0  0  0  0  0  0  0
    2.5625   -1.6542    0.0000 C   0  0  0  0  0  0  0  0  0  0  0  0
    1.9542   -0.6042    0.0000 C   0  0  0  0  0  0  0  0  0  0  0  0
   -0.4875   -0.6042    0.0000 C   0  0  0  0  0  0  0  0  0  0  0  0
    0.7375   -0.6042    0.0000 C   0  0  0  0  0  0  0  0  0  0  0  0
    0.1167   -0.2500    0.0000 C   0  0  0  0  0  0  0  0  0  0  0  0
    3.1667   -3.4250    0.0000 C   0  0  0  0  0  0  0  0  0  0  0  0
    1.3417   -0.2500    0.0000 C   0  0  0  0  0  0  0  0  0  0  0  0
   -0.4875   -4.8292    0.0000 C   0  0  0  0  0  0  0  0  0  0  0  0
   -1.0958   -4.4750    0.0000 C   0  0  0  0  0  0  0  0  0  0  0  0
   -3.5333   -2.3667    0.0000 O   0  0  0  0  0  0  0  0  0  0  0  0
   -3.5333   -3.7750    0.0000 C   0  0  0  0  0  0  0  0  0  0  0  0
   -1.7083   -4.8292    0.0000 C   0  0  0  0  0  0  0  0  0  0  0  0
   -1.7083   -2.7167    0.0000 O   0  0  0  0  0  0  0  0  0  0  0  0
   -2.3208   -4.4792    0.0000 C   0  0  0  0  0  0  0  0  0  0  0  0
   -1.0958   -2.3625    0.0000 O   0  0  0  0  0  0  0  0  0  0  0  0
   -2.9250    0.8083    0.0000 C   0  0  0  0  0  0  0  0  0  0  0  0
   -1.0958   -0.2500    0.0000 C   0  0  0  0  0  0  0  0  0  0  0  0
    3.7792   -2.3625    0.0000 O   0  0  0  0  0  0  0  0  0  0  0  0
    0.1167   -4.4750    0.0000 C   0  0  0  0  0  0  0  0  0  0  0  0
   -2.9333   -4.1292    0.0000 O   0  0  0  0  0  0  0  0  0  0  0  0
    3.7750   -3.7750    0.0000 C   0  0  0  0  0  0  0  0  0  0  0  0
   -2.3208    0.4583    0.0000 C   0  0  0  0  0  0  0  0  0  0  0  0
    0.7375   -1.3042    0.0000 O   0  0  0  0  0  0  0  0  0  0  0  0
   -1.0958    0.4583    0.0000 C   0  0  0  0  0  0  0  0  0  0  0  0
   -2.9250    1.5125    0.0000 C   0  0  0  0  0  0  0  0  0  0  0  0
    0.7292   -4.8292    0.0000 C   0  0  0  0  0  0  0  0  0  0  0  0
   -1.7083    0.8083    0.0000 C   0  0  0  0  0  0  0  0  0  0  0  0
    1.3417   -4.4750    0.0000 C   0  0  0  0  0  0  0  0  0  0  0  0
    1.9542   -4.8292    0.0000 C   0  0  0  0  0  0  0  0  0  0  0  0
    2.5625   -4.4750    0.0000 C   0  0  0  0  0  0  0  0  0  0  0  0
   -3.5333   -4.4792    0.0000 C   0  0  0  0  0  0  0  0  0  0  0  0
   -2.3125    1.8708    0.0000 C   0  0  0  0  0  0  0  0  0  0  0  0
    1.9542   -2.7167    0.0000 O   0  0  0  0  0  0  0  0  0  0  0  0
   -2.9250   -1.3042    0.0000 C   0  0  0  0  0  0  0  0  0  0  0  0
    3.1750   -1.3042    0.0000 O   0  0  0  0  0  0  0  0  0  0  0  0
   -2.9250   -4.8292    0.0000 C   0  0  0  0  0  0  0  0  0  0  0  0
    3.8000   -4.5000    0.0000 C   0  0  0  0  0  0  0  0  0  0  0  0
   -1.7083    1.5125    0.0000 C   0  0  0  0  0  0  0  0  0  0  0  0
   -1.0958   -3.7667    0.0000 O   0  0  0  0  0  0  0  0  0  0  0  0
   -3.5375    0.4625    0.0000 O   0  0  0  0  0  0  0  0  0  0  0  0
    1.3417   -1.6542    0.0000 C   0  0  0  0  0  0  0  0  0  0  0  0
   -3.5333    1.8708    0.0000 O   0  0  0  0  0  0  0  0  0  0  0  0
   -1.7083   -0.6042    0.0000 C   0  0  0  0  0  0  0  0  0  0  0  0
   -5.3625    1.5208    0.0000 O   0  0  0  0  0  0  0  0  0  0  0  0
   -0.4875   -5.5292    0.0000 C   0  0  0  0  0  0  0  0  0  0  0  0
    2.5625   -3.7667    0.0000 C   0  0  0  0  0  0  0  0  0  0  0  0
    1.3417    0.4583    0.0000 C   0  0  0  0  0  0  0  0  0  0  0  0
   -1.1000   -0.9542    0.0000 C   0  0  0  0  0  0  0  0  0  0  0  0
   -4.1458   -3.4250    0.0000 C   0  0  0  0  0  0  0  0  0  0  0  0
   -4.7583    1.8750    0.0000 C   0  0  0  0  0  0  0  0  0  0  0  0
   -4.1458    1.5208    0.0000 C   0  0  0  0  0  0  0  0  0  0  0  0
    1.3417   -2.3625    0.0000 C   0  0  0  0  0  0  0  0  0  0  0  0
   -0.4875   -3.4167    0.0000 C   0  0  0  0  0  0  0  0  0  0  0  0
   -4.1458    0.8125    0.0000 C   0  0  0  0  0  0  0  0  0  0  0  0
    4.4125   -4.8542    0.0000 C   0  0  0  0  0  0  0  0  0  0  0  0
   -2.9208   -0.6042    0.0000 C   0  0  0  0  0  0  0  0  0  0  0  0
   -2.3125   -0.2500    0.0000 C   0  0  0  0  0  0  0  0  0  0  0  0
   -2.3179   -5.4792    0.0000 H   0  0  0  0  0  0  0  0  0  0  0  0
    0.3802   -1.1013    0.0000 H   0  0  0  0  0  0  0  0  0  0  0  0
   -0.8434   -0.8023    0.0000 H   0  0  0  0  0  0  0  0  0  0  0  0
  2  1  1  0
  3  1  1  0
  4  3  1  0
 10  5  1  0
  6 12  1  0
  7  5  1  0
  8  6  1  0
  9 13  2  0
 10  4  1  0
 11  2  1  0
 12  9  1  0
 13 18  1  0
 14  7  1  0
 15 16  1  0
 16 14  1  0
 17 32  1  0
 18 15  1  0
 19 20  1  0
 20 23  1  0
 21  1  2  0
 22  2  1  0
 23 25  1  0
 24  3  2  0
 25 11  1  0
 26  5  2  0
 27 33  1  0
 28 14  1  0
 29  8  2  0
 30 19  2  0
  2 31  1  1
 32 48  1  0
 33 38  1  0
 34 15  2  0
 35 28  1  0
 36 43  1  0
 37 30  1  0
 38 35  1  1
 39 37  2  0
 40 39  1  0
 41 40  2  0
 42 22  1  0
 43 49  1  0
  6 44  1  6
 45  4  1  0
 12 46  1  1
 47 42  1  0
 48 41  1  0
 49 38  1  0
 20 50  1  6
 27 51  1  1
 52  9  1  0
 36 53  1  6
 54 10  1  0
 55 61  1  0
 56 19  1  0
 17 57  1  1
 18 58  1  6
 28 59  1  6
 22 60  1  1
 61 62  1  0
 62 53  1  0
 63 44  1  0
 64 50  1  0
 65 51  1  0
 48 66  1  6
 67 45  1  0
 68 67  1  0
 25 69  1  1
 25 47  1  0
 54 68  1  0
 27 36  1  0
  8 17  1  0
 14 70  1  1
 10 71  1  6
M  END
","InChI=1S/C53H83NO14/c1-32-16-12-11-13-17-33(2)44(63-8)30-40-21-19-38(7)53(62,68-40)50(59)51(60)54-23-15-14-18-41(54)52(61)67-45(35(4)28-39-20-22-43(66-25-24-55)46(29-39)64-9)31-42(56)34(3)27-37(6)48(58)49(65-10)47(57)36(5)26-32/h11-13,16-17,27,32,34-36,38-41,43-46,48-49,55,58,62H,14-15,18-26,28-31H2,1-10H3/b13-11+,16-12+,33-17+,37-27+/t32-,34-,35-,36-,38-,39+,40+,41+,43-,44+,45+,46-,48-,49+,53-/m1/s1",HKVAMNSJSFKALM-GKUWKFKPSA-N,CO[C@H]1C[C@@H]2CC[C@@H](C)[C@@](O)(O2)C(=O)C(=O)N2CCCC[C@H]2C(=O)O[C@H]([C@H](C)C[C@@H]2CC[C@@H](OCCO)[C@H](OC)C2)CC(=O)[C@H](C)/C=C(\C)[C@@H](O)[C@@H](OC)C(=O)[C@H](C)C[C@H](C)/C=C/C=C/C=C/1C
1276066,CHEMBL1944698,ZOTIRACICLIB,INHIBITOR,,CHEMBL1974,Receptor-type tyrosine-protein kinase FLT3,Glioblastoma,glioblastoma multiforme,1.0,1276066.0,372.47,4.66,5.0,1.0,50.28,0.0,N,0.0,372.47,3.0,28.0,0.58,C23H24N4O,0.65,84742905.0,1276066.0,110.0,1276066.0,"
     RDKit          2D

 28 31  0  0  0  0  0  0  0  0999 V2000
   -4.7576    1.8247    0.0000 C   0  0  0  0  0  0  0  0  0  0  0  0
   -5.4799    1.4260    0.0000 C   0  0  0  0  0  0  0  0  0  0  0  0
   -5.4958    0.6012    0.0000 N   0  0  0  0  0  0  0  0  0  0  0  0
   -4.7895    0.1750    0.0000 C   0  0  0  0  0  0  0  0  0  0  0  0
   -4.0671    0.5736    0.0000 N   0  0  0  0  0  0  0  0  0  0  0  0
   -4.0512    1.3984    0.0000 C   0  0  0  0  0  0  0  0  0  0  0  0
   -3.3289    1.7971    0.0000 C   0  0  0  0  0  0  0  0  0  0  0  0
   -2.6225    1.3709    0.0000 C   0  0  0  0  0  0  0  0  0  0  0  0
   -2.5907    3.0205    0.0000 C   0  0  0  0  0  0  0  0  0  0  0  0
   -3.3130    2.6219    0.0000 C   0  0  0  0  0  0  0  0  0  0  0  0
   -1.9002    1.7695    0.0000 C   0  0  0  0  0  0  0  0  0  0  0  0
   -1.8843    2.5943    0.0000 C   0  0  0  0  0  0  0  0  0  0  0  0
   -1.1939    1.3433    0.0000 O   0  0  0  0  0  0  0  0  0  0  0  0
   -0.4716    1.7419    0.0000 C   0  0  0  0  0  0  0  0  0  0  0  0
   -0.5034    0.0922    0.0000 C   0  0  0  0  0  0  0  0  0  0  0  0
    0.2189    0.4908    0.0000 C   0  0  0  0  0  0  0  0  0  0  0  0
    0.2348    1.3157    0.0000 C   0  0  0  0  0  0  0  0  0  0  0  0
   -1.2417   -1.1313    0.0000 N   0  0  0  0  0  0  0  0  0  0  0  0
   -0.5194   -0.7327    0.0000 C   0  0  0  0  0  0  0  0  0  0  0  0
   -2.6703   -1.1037    0.0000 C   0  0  0  0  0  0  0  0  0  0  0  0
   -2.6863   -1.9285    0.0000 C   0  0  0  0  0  0  0  0  0  0  0  0
   -1.2576   -1.9561    0.0000 C   0  0  0  0  0  0  0  0  0  0  0  0
   -3.3767   -0.6775    0.0000 C   0  0  0  0  0  0  0  0  0  0  0  0
   -4.0990   -1.0761    0.0000 C   0  0  0  0  0  0  0  0  0  0  0  0
   -4.1149   -1.9009    0.0000 C   0  0  0  0  0  0  0  0  0  0  0  0
   -3.4086   -2.3272    0.0000 C   0  0  0  0  0  0  0  0  0  0  0  0
   -4.8054   -0.6499    0.0000 N   0  0  0  0  0  0  0  0  0  0  0  0
   -1.9480   -0.7051    0.0000 C   0  0  0  0  0  0  0  0  0  0  0  0
  1  2  2  0
  2  3  1  0
  3  4  2  0
  4  5  1  0
  5  6  2  0
  1  6  1  0
  7  8  2  0
  7  6  1  0
  9 10  2  0
 11 12  2  0
  9 12  1  0
 10  7  1  0
  8 11  1  0
 11 13  1  0
 15 16  2  0
 16 17  1  0
 14 17  1  0
 14 13  1  0
 18 19  1  0
 19 15  1  0
 20 21  1  0
 22 18  1  0
 23 24  1  0
 24 25  2  0
 25 26  1  0
 23 20  2  0
 26 21  2  0
  4 27  1  0
 27 24  1  0
 18 28  1  0
 28 20  1  0
M  END
","InChI=1S/C23H24N4O/c1-27-13-3-2-4-14-28-21-10-6-8-19(16-21)22-11-12-24-23(26-22)25-20-9-5-7-18(15-20)17-27/h2-3,5-12,15-16H,4,13-14,17H2,1H3,(H,24,25,26)/b3-2+",VXBAJLGYBMTJCY-NSCUHMNNSA-N,CN1C/C=C/CCOc2cccc(c2)-c2ccnc(n2)Nc2cccc(c2)C1
23745,CHEMBL19449,IBUDILAST,INHIBITOR,,CHEMBL1827,"cGMP-specific 3',5'-cyclic phosphodiesterase",Glioblastoma,glioblastoma multiforme,1.0,23745.0,230.31,3.3,3.0,0.0,34.37,3.0,N,0.0,230.31,2.0,17.0,0.76,C14H18N2O,-0.71,86263549.0,23745.0,1029.0,23745.0,"
     RDKit          2D

 17 18  0  0  0  0  0  0  0  0999 V2000
    0.4250   -0.1542    0.0000 C   0  0  0  0  0  0  0  0  0  0  0  0
    0.4292   -2.4542    0.0000 N   0  0  0  0  0  0  0  0  0  0  0  0
    1.2625   -1.2917    0.0000 C   0  0  0  0  0  0  0  0  0  0  0  0
   -0.9250   -2.0375    0.0000 N   0  0  0  0  0  0  0  0  0  0  0  0
   -0.9250   -0.5917    0.0000 C   0  0  0  0  0  0  0  0  0  0  0  0
    0.8542    1.2000    0.0000 C   0  0  0  0  0  0  0  0  0  0  0  0
   -2.1625   -2.7542    0.0000 C   0  0  0  0  0  0  0  0  0  0  0  0
   -2.1833    0.1125    0.0000 C   0  0  0  0  0  0  0  0  0  0  0  0
    0.0000    2.4333    0.0000 O   0  0  0  0  0  0  0  0  0  0  0  0
    2.7042   -1.2917    0.0000 C   0  0  0  0  0  0  0  0  0  0  0  0
   -3.4208   -2.0542    0.0000 C   0  0  0  0  0  0  0  0  0  0  0  0
   -3.4333   -0.6000    0.0000 C   0  0  0  0  0  0  0  0  0  0  0  0
    2.1792    1.4625    0.0000 C   0  0  0  0  0  0  0  0  0  0  0  0
    3.4250   -2.5292    0.0000 C   0  0  0  0  0  0  0  0  0  0  0  0
    3.4042   -0.0542    0.0000 C   0  0  0  0  0  0  0  0  0  0  0  0
    3.0750    0.3458    0.0000 C   0  0  0  0  0  0  0  0  0  0  0  0
    2.6417    2.8125    0.0000 C   0  0  0  0  0  0  0  0  0  0  0  0
  2  3  2  0
  3  1  1  0
  4  5  1  0
  5  1  2  0
  6  1  1  0
  7  4  1  0
  8  5  1  0
  9  6  2  0
 10  3  1  0
 11 12  1  0
 12  8  2  0
 13  6  1  0
 14 10  1  0
 15 10  1  0
 16 13  1  0
 17 13  1  0
  4  2  1  0
  7 11  2  0
M  END
","InChI=1S/C14H18N2O/c1-9(2)13-12(14(17)10(3)4)11-7-5-6-8-16(11)15-13/h5-10H,1-4H3",ZJVFLBOZORBYFE-UHFFFAOYSA-N,CC(C)C(=O)c1c(C(C)C)nn2ccccc12
1277553,CHEMBL1946170,REGORAFENIB,INHIBITOR,,CHEMBL1862,Tyrosine-protein kinase ABL1,Glioblastoma,glioblastoma multiforme,2.0,1277553.0,482.82,5.69,4.0,3.0,92.35,5.0,N,1.0,482.82,3.0,33.0,0.41,C21H15ClF4N4O3,-1.82,,,,1277553.0,"
     RDKit          2D

 33 35  0  0  0  0  0  0  0  0999 V2000
   -1.2375    2.0036    0.0000 C   0  0  0  0  0  0  0  0  0  0  0  0
   -1.9520    1.5911    0.0000 C   0  0  0  0  0  0  0  0  0  0  0  0
   -1.9520    0.7661    0.0000 C   0  0  0  0  0  0  0  0  0  0  0  0
   -1.2375    0.3536    0.0000 C   0  0  0  0  0  0  0  0  0  0  0  0
   -0.5230    0.7661    0.0000 C   0  0  0  0  0  0  0  0  0  0  0  0
   -0.5230    1.5911    0.0000 C   0  0  0  0  0  0  0  0  0  0  0  0
   -2.6664    2.0036    0.0000 Cl  0  0  0  0  0  0  0  0  0  0  0  0
   -2.6664    0.3536    0.0000 C   0  0  0  0  0  0  0  0  0  0  0  0
    0.1914    0.3536    0.0000 N   0  0  0  0  0  0  0  0  0  0  0  0
    0.9059    0.7661    0.0000 C   0  0  0  0  0  0  0  0  0  0  0  0
    1.6204    0.3536    0.0000 N   0  0  0  0  0  0  0  0  0  0  0  0
    0.9059    1.5911    0.0000 O   0  0  0  0  0  0  0  0  0  0  0  0
    2.3348    0.7661    0.0000 C   0  0  0  0  0  0  0  0  0  0  0  0
    3.0493    2.0036    0.0000 C   0  0  0  0  0  0  0  0  0  0  0  0
    2.3348    1.5911    0.0000 C   0  0  0  0  0  0  0  0  0  0  0  0
    3.0493    0.3536    0.0000 C   0  0  0  0  0  0  0  0  0  0  0  0
    3.7638    0.7661    0.0000 C   0  0  0  0  0  0  0  0  0  0  0  0
    3.7638    1.5911    0.0000 C   0  0  0  0  0  0  0  0  0  0  0  0
    4.4783    2.0036    0.0000 O   0  0  0  0  0  0  0  0  0  0  0  0
    5.1927    1.5911    0.0000 C   0  0  0  0  0  0  0  0  0  0  0  0
    5.9072    2.0036    0.0000 C   0  0  0  0  0  0  0  0  0  0  0  0
    5.1927    0.7661    0.0000 C   0  0  0  0  0  0  0  0  0  0  0  0
    5.9072    0.3536    0.0000 C   0  0  0  0  0  0  0  0  0  0  0  0
    6.6217    0.7661    0.0000 N   0  0  0  0  0  0  0  0  0  0  0  0
    6.6217    1.5911    0.0000 C   0  0  0  0  0  0  0  0  0  0  0  0
    7.3361    2.0036    0.0000 C   0  0  0  0  0  0  0  0  0  0  0  0
    7.3361    2.8286    0.0000 O   0  0  0  0  0  0  0  0  0  0  0  0
    8.0506    1.5911    0.0000 N   0  0  0  0  0  0  0  0  0  0  0  0
    8.7651    2.0036    0.0000 C   0  0  0  0  0  0  0  0  0  0  0  0
   -2.6664   -0.4714    0.0000 F   0  0  0  0  0  0  0  0  0  0  0  0
   -3.3809    0.7661    0.0000 F   0  0  0  0  0  0  0  0  0  0  0  0
   -3.3809   -0.0589    0.0000 F   0  0  0  0  0  0  0  0  0  0  0  0
    1.6204    2.0036    0.0000 F   0  0  0  0  0  0  0  0  0  0  0  0
  1  2  2  0
  2  3  1  0
  3  4  2  0
  4  5  1  0
  5  6  2  0
  1  6  1  0
  2  7  1  0
  3  8  1  0
  5  9  1  0
  9 10  1  0
 10 11  1  0
 10 12  2  0
 11 13  1  0
 15 13  2  0
 13 16  1  0
 14 15  1  0
 16 17  2  0
 17 18  1  0
 14 18  2  0
 18 19  1  0
 19 20  1  0
 21 20  2  0
 20 22  1  0
 22 23  2  0
 23 24  1  0
 24 25  2  0
 21 25  1  0
 25 26  1  0
 26 27  2  0
 26 28  1  0
 28 29  1  0
  8 30  1  0
  8 31  1  0
  8 32  1  0
 15 33  1  0
M  END
","InChI=1S/C21H15ClF4N4O3/c1-27-19(31)18-10-13(6-7-28-18)33-12-3-5-17(16(23)9-12)30-20(32)29-11-2-4-15(22)14(8-11)21(24,25)26/h2-10H,1H3,(H,27,31)(H2,29,30,32)",FNHKPVJBJVTLMP-UHFFFAOYSA-N,CNC(=O)c1cc(Oc2ccc(NC(=O)Nc3ccc(Cl)c(C(F)(F)F)c3)c(F)c2)ccn1
1297331,CHEMBL1976040,ADAVOSERTIB,INHIBITOR,,CHEMBL5491,Wee1-like protein kinase,Glioblastoma,glioblastoma multiforme,0.5,1297331.0,500.61,2.89,10.0,2.0,104.34,7.0,N,1.0,500.61,4.0,37.0,0.37,C27H32N8O2,-1.23,84743814.0,1297331.0,110.0,1297331.0,"
     RDKit          2D

 37 41  0  0  0  0  0  0  0  0999 V2000
   -7.3632    0.3234    0.0000 C   0  0  0  0  0  0  0  0  0  0  0  0
   -8.0776   -0.0890    0.0000 C   0  0  0  0  0  0  0  0  0  0  0  0
   -8.0776   -0.9140    0.0000 N   0  0  0  0  0  0  0  0  0  0  0  0
   -7.3632   -1.3265    0.0000 C   0  0  0  0  0  0  0  0  0  0  0  0
   -6.6487   -0.9140    0.0000 C   0  0  0  0  0  0  0  0  0  0  0  0
   -6.6487   -0.0890    0.0000 N   0  0  0  0  0  0  0  0  0  0  0  0
   -5.9342    0.3234    0.0000 C   0  0  0  0  0  0  0  0  0  0  0  0
   -5.2198   -0.0890    0.0000 C   0  0  0  0  0  0  0  0  0  0  0  0
   -5.2198    1.5610    0.0000 C   0  0  0  0  0  0  0  0  0  0  0  0
   -5.9342    1.1485    0.0000 C   0  0  0  0  0  0  0  0  0  0  0  0
   -4.5053    0.3234    0.0000 C   0  0  0  0  0  0  0  0  0  0  0  0
   -4.5053    1.1485    0.0000 C   0  0  0  0  0  0  0  0  0  0  0  0
   -3.7908    1.5610    0.0000 N   0  0  0  0  0  0  0  0  0  0  0  0
   -3.0764    0.3234    0.0000 N   0  0  0  0  0  0  0  0  0  0  0  0
   -3.0764    1.1485    0.0000 C   0  0  0  0  0  0  0  0  0  0  0  0
   -2.3619   -0.0890    0.0000 C   0  0  0  0  0  0  0  0  0  0  0  0
   -1.6474    0.3234    0.0000 C   0  0  0  0  0  0  0  0  0  0  0  0
   -1.6474    1.1484    0.0000 C   0  0  0  0  0  0  0  0  0  0  0  0
   -2.3619    1.5609    0.0000 N   0  0  0  0  0  0  0  0  0  0  0  0
   -8.7695   -1.3633    0.0000 C   0  0  0  0  0  0  0  0  0  0  0  0
   -0.8628    1.4033    0.0000 N   0  0  0  0  0  0  0  0  0  0  0  0
   -0.8628    0.0685    0.0000 C   0  0  0  0  0  0  0  0  0  0  0  0
   -0.3779    0.7359    0.0000 N   0  0  0  0  0  0  0  0  0  0  0  0
   -0.5671   -0.7016    0.0000 O   0  0  0  0  0  0  0  0  0  0  0  0
    0.4470    0.7359    0.0000 C   0  0  0  0  0  0  0  0  0  0  0  0
    0.8595    0.0214    0.0000 C   0  0  0  0  0  0  0  0  0  0  0  0
    1.6834   -0.0217    0.0000 C   0  0  0  0  0  0  0  0  0  0  0  0
   -0.6078    2.1879    0.0000 C   0  0  0  0  0  0  0  0  0  0  0  0
   -0.0979    3.7572    0.0000 C   0  0  0  0  0  0  0  0  0  0  0  0
   -0.9049    3.5857    0.0000 C   0  0  0  0  0  0  0  0  0  0  0  0
   -1.1598    2.8011    0.0000 C   0  0  0  0  0  0  0  0  0  0  0  0
    0.1990    2.3595    0.0000 N   0  0  0  0  0  0  0  0  0  0  0  0
    0.4540    3.1441    0.0000 C   0  0  0  0  0  0  0  0  0  0  0  0
    1.2509    3.3576    0.0000 C   0  0  0  0  0  0  0  0  0  0  0  0
    1.0374    4.1545    0.0000 O   0  0  0  0  0  0  0  0  0  0  0  0
    1.7742    3.9814    0.0000 C   0  0  0  0  0  0  0  0  0  0  0  0
    1.8519    2.9254    0.0000 C   0  0  0  0  0  0  0  0  0  0  0  0
  1  2  1  0
  2  3  1  0
  3  4  1  0
  4  5  1  0
  5  6  1  0
  1  6  1  0
  7  8  2  0
  7  6  1  0
  9 10  2  0
 11 12  2  0
  9 12  1  0
 10  7  1  0
  8 11  1  0
 14 15  2  0
 13 15  1  0
 13 12  1  0
 16 17  2  0
 17 18  1  0
 18 19  2  0
 14 16  1  0
 15 19  1  0
  3 20  1  0
 22 23  1  0
 21 23  1  0
 17 22  1  0
 21 18  1  0
 22 24  2  0
 23 25  1  0
 25 26  1  0
 26 27  2  0
 21 28  1  0
 29 30  1  0
 30 31  2  0
 32 33  1  0
 29 33  2  0
 31 28  1  0
 28 32  2  0
 33 34  1  0
 34 35  1  0
 34 36  1  0
 34 37  1  0
M  END
","InChI=1S/C27H32N8O2/c1-5-13-34-25(36)21-18-28-26(29-19-9-11-20(12-10-19)33-16-14-32(4)15-17-33)31-24(21)35(34)23-8-6-7-22(30-23)27(2,3)37/h5-12,18,37H,1,13-17H2,2-4H3,(H,28,29,31)",BKWJAKQVGHWELA-UHFFFAOYSA-N,C=CCn1c(=O)c2cnc(Nc3ccc(N4CCN(C)CC4)cc3)nc2n1-c1cccc(C(C)(C)O)n1
1298870,CHEMBL1977579,STREPTOZOCIN,INHIBITOR,,CHEMBL2311221,DNA,Astrocytoma,anaplastic astrocytoma,2.0,1298870.0,265.22,-3.05,8.0,5.0,159.76,7.0,N,0.0,265.22,0.0,18.0,0.19,C8H15N3O7,1.03,83641997.0,1298870.0,17.0,1298870.0,"
     RDKit          2D

 18 17  0  0  1  0  0  0  0  0999 V2000
   18.0388  -11.1754    0.0000 C   0  0  0  0  0  0  0  0  0  0  0  0
   17.2181  -11.1712    0.0000 C   0  0  0  0  0  0  0  0  0  0  0  0
   16.8078  -10.4552    0.0000 C   0  0  0  0  0  0  0  0  0  0  0  0
   17.2181   -9.7435    0.0000 C   0  0  0  0  0  0  0  0  0  0  0  0
   18.4491  -11.8872    0.0000 N   0  0  0  0  0  0  0  0  0  0  0  0
   19.2781  -11.8872    0.0000 C   0  0  0  0  0  0  0  0  0  0  0  0
   19.6842  -12.6031    0.0000 N   0  0  0  0  0  0  0  0  0  0  0  0
   20.5133  -12.6031    0.0000 N   0  0  0  0  0  0  0  0  0  0  0  0
   20.9278  -11.8872    0.0000 O   0  0  0  0  0  0  0  0  0  0  0  0
   19.2697  -13.3191    0.0000 C   0  0  0  0  0  0  0  0  0  0  0  0
   19.6842  -11.1712    0.0000 O   0  0  0  0  0  0  0  0  0  0  0  0
   15.9788  -10.4552    0.0000 O   0  0  0  0  0  0  0  0  0  0  0  0
   18.0429   -9.7476    0.0000 O   0  0  0  0  0  0  0  0  0  0  0  0
   18.4533  -10.4636    0.0000 C   0  0  0  0  0  0  0  0  0  0  0  0
   19.2823  -10.4636    0.0000 O   0  0  0  0  0  0  0  0  0  0  0  0
   16.7953   -9.0233    0.0000 C   0  0  0  0  0  0  0  0  0  0  0  0
   15.9662   -9.0191    0.0000 O   0  0  0  0  0  0  0  0  0  0  0  0
   16.7953  -11.8872    0.0000 O   0  0  0  0  0  0  0  0  0  0  0  0
  2  1  1  0
  3  2  1  0
  4  3  1  0
  1  5  1  6
  6  5  1  0
  7  6  1  0
  8  7  1  0
  9  8  2  0
 10  7  1  0
 11  6  2  0
  3 12  1  6
  4 13  1  0
 14  1  1  0
 14 15  2  0
  4 16  1  1
 17 16  1  0
  2 18  1  1
M  END

","InChI=1S/C8H15N3O7/c1-11(10-18)8(17)9-4(2-12)6(15)7(16)5(14)3-13/h2,4-7,13-16H,3H2,1H3,(H,9,17)/t4-,5+,6+,7+/m0/s1",AGRCPNMCOXLKFO-BDVNFPICSA-N,CN(N=O)C(=O)N[C@@H](C=O)[C@@H](O)[C@H](O)[C@H](O)CO
1304559,CHEMBL1983268,ENTRECTINIB,INHIBITOR,,CHEMBL3559684,Neurotrophic tyrosine kinase receptor,Glioma,central nervous system cancer,1.0,1304559.0,560.65,5.03,6.0,3.0,85.52,7.0,N,2.0,560.65,4.0,41.0,0.29,C31H34F2N6O2,-1.35,,,,1304559.0,"
     RDKit          2D

 41 46  0  0  0  0  0  0  0  0999 V2000
   -4.4196    2.6196    0.0000 C   0  0  0  0  0  0  0  0  0  0  0  0
   -5.1341    2.2071    0.0000 C   0  0  0  0  0  0  0  0  0  0  0  0
   -5.1341    1.3821    0.0000 C   0  0  0  0  0  0  0  0  0  0  0  0
   -4.4196    0.9696    0.0000 C   0  0  0  0  0  0  0  0  0  0  0  0
   -3.7051    1.3821    0.0000 C   0  0  0  0  0  0  0  0  0  0  0  0
   -3.7051    2.2071    0.0000 C   0  0  0  0  0  0  0  0  0  0  0  0
   -5.8486    2.6196    0.0000 N   0  0  0  0  0  0  0  0  0  0  0  0
   -5.8486    3.4446    0.0000 C   0  0  0  0  0  0  0  0  0  0  0  0
   -6.5631    3.8572    0.0000 C   0  0  0  0  0  0  0  0  0  0  0  0
   -7.2776    3.4447    0.0000 N   0  0  0  0  0  0  0  0  0  0  0  0
   -7.2776    2.6197    0.0000 C   0  0  0  0  0  0  0  0  0  0  0  0
   -6.5631    2.2072    0.0000 C   0  0  0  0  0  0  0  0  0  0  0  0
   -4.4196    0.1446    0.0000 N   0  0  0  0  0  0  0  0  0  0  0  0
   -5.1341   -0.2679    0.0000 C   0  0  0  0  0  0  0  0  0  0  0  0
   -5.8486    0.1446    0.0000 C   0  0  0  0  0  0  0  0  0  0  0  0
   -6.5631   -0.2679    0.0000 C   0  0  0  0  0  0  0  0  0  0  0  0
   -6.5631   -1.0929    0.0000 O   0  0  0  0  0  0  0  0  0  0  0  0
   -5.8486   -1.5054    0.0000 C   0  0  0  0  0  0  0  0  0  0  0  0
   -5.1341   -1.0929    0.0000 C   0  0  0  0  0  0  0  0  0  0  0  0
   -2.9907    0.9696    0.0000 C   0  0  0  0  0  0  0  0  0  0  0  0
   -2.2762    1.3821    0.0000 N   0  0  0  0  0  0  0  0  0  0  0  0
   -2.9907    0.1446    0.0000 O   0  0  0  0  0  0  0  0  0  0  0  0
   -1.5617    0.9696    0.0000 C   0  0  0  0  0  0  0  0  0  0  0  0
   -1.4755    0.1491    0.0000 N   0  0  0  0  0  0  0  0  0  0  0  0
   -0.6686   -0.0224    0.0000 N   0  0  0  0  0  0  0  0  0  0  0  0
   -0.2561    0.6921    0.0000 C   0  0  0  0  0  0  0  0  0  0  0  0
   -0.8080    1.3052    0.0000 C   0  0  0  0  0  0  0  0  0  0  0  0
   -0.5531    2.0898    0.0000 C   0  0  0  0  0  0  0  0  0  0  0  0
    0.2538    2.2614    0.0000 C   0  0  0  0  0  0  0  0  0  0  0  0
    0.8059    1.6483    0.0000 C   0  0  0  0  0  0  0  0  0  0  0  0
    0.5509    0.8636    0.0000 C   0  0  0  0  0  0  0  0  0  0  0  0
    0.5088    3.0460    0.0000 C   0  0  0  0  0  0  0  0  0  0  0  0
    1.3057    3.2595    0.0000 C   0  0  0  0  0  0  0  0  0  0  0  0
    1.8890    2.6761    0.0000 C   0  0  0  0  0  0  0  0  0  0  0  0
    2.6859    2.8897    0.0000 C   0  0  0  0  0  0  0  0  0  0  0  0
    2.8994    3.6866    0.0000 C   0  0  0  0  0  0  0  0  0  0  0  0
    2.3161    4.2700    0.0000 C   0  0  0  0  0  0  0  0  0  0  0  0
    1.5192    4.0564    0.0000 C   0  0  0  0  0  0  0  0  0  0  0  0
    2.5296    5.0668    0.0000 F   0  0  0  0  0  0  0  0  0  0  0  0
    3.2693    2.3063    0.0000 F   0  0  0  0  0  0  0  0  0  0  0  0
   -7.9920    3.8572    0.0000 C   0  0  0  0  0  0  0  0  0  0  0  0
  1  2  2  0
  1  6  1  0
  2  3  1  0
  3  4  2  0
  4  5  1  0
  5  6  2  0
  2  7  1  0
  7  8  1  0
 12  7  1  0
  8  9  1  0
  9 10  1  0
 10 11  1  0
 11 12  1  0
  4 13  1  0
 13 14  1  0
 14 15  1  0
 19 14  1  0
 15 16  1  0
 16 17  1  0
 17 18  1  0
 18 19  1  0
  5 20  1  0
 20 21  1  0
 20 22  2  0
 21 23  1  0
 23 24  2  0
 23 27  1  0
 24 25  1  0
 25 26  1  0
 31 26  1  0
 26 27  2  0
 27 28  1  0
 28 29  2  0
 29 30  1  0
 30 31  2  0
 29 32  1  0
 32 33  1  0
 33 34  1  0
 33 38  2  0
 34 35  2  0
 35 36  1  0
 36 37  2  0
 37 38  1  0
 37 39  1  0
 35 40  1  0
 10 41  1  0
M  END
","InChI=1S/C31H34F2N6O2/c1-38-8-10-39(11-9-38)25-3-4-26(29(19-25)34-24-6-12-41-13-7-24)31(40)35-30-27-17-20(2-5-28(27)36-37-30)14-21-15-22(32)18-23(33)16-21/h2-5,15-19,24,34H,6-14H2,1H3,(H2,35,36,37,40)",HAYYBYPASCDWEQ-UHFFFAOYSA-N,CN1CCN(c2ccc(C(=O)Nc3n[nH]c4ccc(Cc5cc(F)cc(F)c5)cc34)c(NC3CCOCC3)c2)CC1
1335704,CHEMBL2017974,BUPARLISIB,INHIBITOR,,CHEMBL3559703,PI3-kinase class I,Glioblastoma,glioblastoma multiforme,2.0,1335704.0,410.4,1.81,8.0,1.0,89.63,3.0,N,0.0,410.4,2.0,29.0,0.82,C18H21F3N6O2,-1.24,,,,1335704.0,"
     RDKit          2D

 29 32  0  0  0  0  0  0  0  0999 V2000
    3.0814   -5.2119    0.0000 C   0  0  0  0  0  0  0  0  0  0  0  0
    3.7958   -5.6244    0.0000 C   0  0  0  0  0  0  0  0  0  0  0  0
    3.0814   -4.3869    0.0000 C   0  0  0  0  0  0  0  0  0  0  0  0
    3.7958   -3.9744    0.0000 C   0  0  0  0  0  0  0  0  0  0  0  0
    3.7958   -3.1494    0.0000 C   0  0  0  0  0  0  0  0  0  0  0  0
    4.5103   -2.7369    0.0000 N   0  0  0  0  0  0  0  0  0  0  0  0
    3.0814   -2.7369    0.0000 N   0  0  0  0  0  0  0  0  0  0  0  0
    2.3669   -3.9744    0.0000 N   0  0  0  0  0  0  0  0  0  0  0  0
    2.3669   -5.6244    0.0000 C   0  0  0  0  0  0  0  0  0  0  0  0
    2.3669   -6.4494    0.0000 N   0  0  0  0  0  0  0  0  0  0  0  0
    3.0814   -6.8619    0.0000 C   0  0  0  0  0  0  0  0  0  0  0  0
    3.0814   -7.6869    0.0000 N   0  0  0  0  0  0  0  0  0  0  0  0
    3.7958   -6.4494    0.0000 C   0  0  0  0  0  0  0  0  0  0  0  0
    4.0978   -4.4975    0.0000 F   0  0  0  0  0  0  0  0  0  0  0  0
    4.9228   -5.9264    0.0000 F   0  0  0  0  0  0  0  0  0  0  0  0
    5.2248   -4.7994    0.0000 F   0  0  0  0  0  0  0  0  0  0  0  0
    4.5103   -5.2119    0.0000 C   0  0  0  0  0  0  0  0  0  0  0  0
    4.5103   -1.9119    0.0000 C   0  0  0  0  0  0  0  0  0  0  0  0
    5.2248   -1.4994    0.0000 C   0  0  0  0  0  0  0  0  0  0  0  0
    5.9392   -1.9119    0.0000 O   0  0  0  0  0  0  0  0  0  0  0  0
    5.9392   -2.7369    0.0000 C   0  0  0  0  0  0  0  0  0  0  0  0
    5.2248   -3.1494    0.0000 C   0  0  0  0  0  0  0  0  0  0  0  0
    2.3669   -3.1494    0.0000 C   0  0  0  0  0  0  0  0  0  0  0  0
    1.6524   -2.7369    0.0000 N   0  0  0  0  0  0  0  0  0  0  0  0
    0.9379   -3.1494    0.0000 C   0  0  0  0  0  0  0  0  0  0  0  0
    0.2235   -2.7369    0.0000 C   0  0  0  0  0  0  0  0  0  0  0  0
    0.2235   -1.9119    0.0000 O   0  0  0  0  0  0  0  0  0  0  0  0
    0.9379   -1.4994    0.0000 C   0  0  0  0  0  0  0  0  0  0  0  0
    1.6524   -1.9119    0.0000 C   0  0  0  0  0  0  0  0  0  0  0  0
  1  2  1  0
  1  9  2  0
  2 13  2  0
  3  1  1  0
  3  8  2  0
  4  3  1  0
  5  4  2  0
  5  7  1  0
  6  5  1  0
  6 18  1  0
  7 23  2  0
  9 10  1  0
 10 11  2  0
 11 12  1  0
 13 11  1  0
 17 16  1  0
 17 15  1  0
 17 14  1  0
 17  2  1  0
 18 19  1  0
 19 20  1  0
 20 21  1  0
 21 22  1  0
 22  6  1  0
 23 24  1  0
 23  8  1  0
 24 25  1  0
 25 26  1  0
 26 27  1  0
 27 28  1  0
 28 29  1  0
 29 24  1  0
M  END
","InChI=1S/C18H21F3N6O2/c19-18(20,21)13-9-15(22)23-11-12(13)14-10-16(26-1-5-28-6-2-26)25-17(24-14)27-3-7-29-8-4-27/h9-11H,1-8H2,(H2,22,23)",CWHUFRVAEUJCEF-UHFFFAOYSA-N,Nc1cc(C(F)(F)F)c(-c2cc(N3CCOCC3)nc(N3CCOCC3)n2)cn1
1349878,CHEMBL2043437,GLASDEGIB,ANTAGONIST,,CHEMBL5971,Protein smoothened,Glioblastoma,glioblastoma multiforme,1.0,1349878.0,374.45,3.39,4.0,3.0,96.84,3.0,N,0.0,374.45,3.0,28.0,0.65,C21H22N6O,-1.66,,,,1349878.0,"
     RDKit          2D

 28 31  0  0  0  0  0  0  0  0999 V2000
    7.0216   -1.7726    0.0000 N   0  0  0  0  0  0  0  0  0  0  0  0
    7.8063   -1.5177    0.0000 C   0  0  0  0  0  0  0  0  0  0  0  0
    7.0216   -0.4378    0.0000 N   0  0  0  0  0  0  0  0  0  0  0  0
    7.8063   -0.6927    0.0000 C   0  0  0  0  0  0  0  0  0  0  0  0
    8.5207   -0.2802    0.0000 C   0  0  0  0  0  0  0  0  0  0  0  0
    9.2352   -0.6927    0.0000 C   0  0  0  0  0  0  0  0  0  0  0  0
    9.2352   -1.5177    0.0000 C   0  0  0  0  0  0  0  0  0  0  0  0
    8.5207   -1.9302    0.0000 C   0  0  0  0  0  0  0  0  0  0  0  0
    5.7117   -1.1052    0.0000 C   0  0  0  0  0  0  0  0  0  0  0  0
    5.2992   -1.8197    0.0000 C   0  0  0  0  0  0  0  0  0  0  0  0
    4.4742   -1.8197    0.0000 C   0  0  0  0  0  0  0  0  0  0  0  0
    4.0617   -2.5341    0.0000 N   0  0  0  0  0  0  0  0  0  0  0  0
    4.0617   -1.1052    0.0000 C   0  0  0  0  0  0  0  0  0  0  0  0
    4.4742   -0.3907    0.0000 C   0  0  0  0  0  0  0  0  0  0  0  0
    5.2992   -0.3907    0.0000 N   0  0  0  0  0  0  0  0  0  0  0  0
    6.5367   -1.1052    0.0000 C   0  0  0  0  0  0  0  0  0  0  0  0
    5.7117   -5.3920    0.0000 C   0  0  0  0  0  0  0  0  0  0  0  0
    5.2992   -6.1065    0.0000 C   0  0  0  0  0  0  0  0  0  0  0  0
    6.1242   -7.5354    0.0000 N   0  0  0  0  0  0  0  0  0  0  0  0
    5.7117   -6.8210    0.0000 C   0  0  0  0  0  0  0  0  0  0  0  0
    4.4742   -6.1065    0.0000 C   0  0  0  0  0  0  0  0  0  0  0  0
    4.0617   -5.3920    0.0000 C   0  0  0  0  0  0  0  0  0  0  0  0
    4.4742   -4.6775    0.0000 C   0  0  0  0  0  0  0  0  0  0  0  0
    4.0617   -3.9631    0.0000 N   0  0  0  0  0  0  0  0  0  0  0  0
    5.2992   -4.6775    0.0000 C   0  0  0  0  0  0  0  0  0  0  0  0
    4.4742   -3.2486    0.0000 C   0  0  0  0  0  0  0  0  0  0  0  0
    5.2992   -3.2486    0.0000 O   0  0  0  0  0  0  0  0  0  0  0  0
    5.7117    0.3237    0.0000 C   0  0  0  0  0  0  0  0  0  0  0  0
  1  2  1  0
  1 16  1  0
  2  4  2  0
  3  4  1  0
  4  5  1  0
  5  6  2  0
  7  6  1  0
  8  7  2  0
  8  2  1  0
  9 10  1  0
  9 15  1  0
  9 16  1  1
 11 13  1  0
 11 10  1  0
 12 26  1  0
 13 14  1  0
 14 15  1  0
 15 28  1  0
 16  3  2  0
 17 18  2  0
 17 25  1  0
 18 20  1  0
 18 21  1  0
 20 19  3  0
 21 22  2  0
 23 22  1  0
 23 24  1  0
 24 26  1  0
 25 23  2  0
 26 27  2  0
 11 12  1  6
M  END
","InChI=1S/C21H22N6O/c1-27-11-10-16(24-21(28)23-15-8-6-14(13-22)7-9-15)12-19(27)20-25-17-4-2-3-5-18(17)26-20/h2-9,16,19H,10-12H2,1H3,(H,25,26)(H2,23,24,28)/t16-,19-/m1/s1",SFNSLLSYNZWZQG-VQIMIIECSA-N,CN1CC[C@@H](NC(=O)Nc2ccc(C#N)cc2)C[C@@H]1c1nc2ccccc2[nH]1
1376066,CHEMBL2103796,BERUBICIN HYDROCHLORIDE,INHIBITOR,,CHEMBL2094255,DNA topoisomerase II,Glioblastoma,glioblastoma multiforme,1.0,1376066.0,633.65,2.23,12.0,5.0,195.07,8.0,N,2.0,670.11,3.0,46.0,0.18,C34H36ClNO11,1.5,83797278.0,1376066.0,48.0,1376066.0,"
     RDKit          2D

 47 51  0  0  0  0  0  0  0  0999 V2000
   -0.4420   -9.0161    0.0000 C   0  0  0  0  0  0  0  0  0  0  0  0
    0.2725   -8.6036    0.0000 C   0  0  0  0  0  0  0  0  0  0  0  0
    0.2725   -7.7786    0.0000 C   0  0  0  0  0  0  0  0  0  0  0  0
   -0.4420   -7.3661    0.0000 C   0  0  0  0  0  0  0  0  0  0  0  0
   -1.1564   -7.7786    0.0000 C   0  0  0  0  0  0  0  0  0  0  0  0
   -1.1564   -8.6036    0.0000 C   0  0  0  0  0  0  0  0  0  0  0  0
    0.9870   -7.3661    0.0000 C   0  0  0  0  0  0  0  0  0  0  0  0
    1.7015   -7.7785    0.0000 C   0  0  0  0  0  0  0  0  0  0  0  0
    1.7015   -8.6035    0.0000 C   0  0  0  0  0  0  0  0  0  0  0  0
    0.9870   -9.0161    0.0000 C   0  0  0  0  0  0  0  0  0  0  0  0
    2.4159   -7.3660    0.0000 C   0  0  0  0  0  0  0  0  0  0  0  0
    3.1304   -7.7785    0.0000 C   0  0  0  0  0  0  0  0  0  0  0  0
    3.1304   -8.6035    0.0000 C   0  0  0  0  0  0  0  0  0  0  0  0
    2.4159   -9.0160    0.0000 C   0  0  0  0  0  0  0  0  0  0  0  0
    3.8449   -7.3660    0.0000 C   0  0  0  0  0  0  0  0  0  0  0  0
    4.5594   -7.7785    0.0000 C   0  0  0  0  0  0  0  0  0  0  0  0
    4.5594   -8.6035    0.0000 C   0  0  0  0  0  0  0  0  0  0  0  0
    3.8449   -9.0160    0.0000 C   0  0  0  0  0  0  0  0  0  0  0  0
    0.9870   -6.5411    0.0000 O   0  0  0  0  0  0  0  0  0  0  0  0
    0.9870   -9.8411    0.0000 O   0  0  0  0  0  0  0  0  0  0  0  0
   -0.4420   -9.8411    0.0000 O   0  0  0  0  0  0  0  0  0  0  0  0
   -1.1564  -10.2536    0.0000 C   0  0  0  0  0  0  0  0  0  0  0  0
    2.4160   -9.8410    0.0000 O   0  0  0  0  0  0  0  0  0  0  0  0
    4.0584   -9.8129    0.0000 O   0  0  0  0  0  0  0  0  0  0  0  0
    4.8834   -9.8129    0.0000 C   0  0  0  0  0  0  0  0  0  0  0  0
    5.2959  -10.5273    0.0000 O   0  0  0  0  0  0  0  0  0  0  0  0
    6.1210  -10.5273    0.0000 C   0  0  0  0  0  0  0  0  0  0  0  0
    6.5335   -9.8129    0.0000 C   0  0  0  0  0  0  0  0  0  0  0  0
    6.1210   -9.0984    0.0000 C   0  0  0  0  0  0  0  0  0  0  0  0
    5.2959   -9.0984    0.0000 C   0  0  0  0  0  0  0  0  0  0  0  0
    6.5335   -8.3839    0.0000 N   0  0  0  0  0  0  0  0  0  0  0  0
    7.3585   -9.8129    0.0000 O   0  0  0  0  0  0  0  0  0  0  0  0
    7.7710   -9.0984    0.0000 C   0  0  0  0  0  0  0  0  0  0  0  0
    8.5960   -9.0984    0.0000 C   0  0  0  0  0  0  0  0  0  0  0  0
    9.0085   -9.8129    0.0000 C   0  0  0  0  0  0  0  0  0  0  0  0
    9.8335   -9.8129    0.0000 C   0  0  0  0  0  0  0  0  0  0  0  0
   10.2460   -9.0984    0.0000 C   0  0  0  0  0  0  0  0  0  0  0  0
    9.8335   -8.3839    0.0000 C   0  0  0  0  0  0  0  0  0  0  0  0
    9.0085   -8.3839    0.0000 C   0  0  0  0  0  0  0  0  0  0  0  0
    6.5335  -11.2418    0.0000 C   0  0  0  0  0  0  0  0  0  0  0  0
    5.2739   -7.3660    0.0000 C   0  0  0  0  0  0  0  0  0  0  0  0
    5.2739   -6.5410    0.0000 C   0  0  0  0  0  0  0  0  0  0  0  0
    5.9883   -6.1285    0.0000 O   0  0  0  0  0  0  0  0  0  0  0  0
    5.9883   -7.7785    0.0000 O   0  0  0  0  0  0  0  0  0  0  0  0
    5.2739   -8.1910    0.0000 O   0  0  0  0  0  0  0  0  0  0  0  0
    2.4159   -6.5410    0.0000 O   0  0  0  0  0  0  0  0  0  0  0  0
   11.5010   -9.3133    0.0000 Cl  0  0  0  0  0  0  0  0  0  0  0  0
  1  2  1  0
  3  4  1  0
  4  5  2  0
  5  6  1  0
  6  1  2  0
 10  2  1  0
  2  3  2  0
  3  7  1  0
  7  8  1  0
  9 10  1  0
  8 11  1  0
  9  8  2  0
 14  9  1  0
 11 12  2  0
 13 14  2  0
 12 15  1  0
 13 12  1  0
 18 13  1  0
 15 16  1  0
 16 17  1  0
 17 18  1  0
  7 19  2  0
 10 20  2  0
  1 21  1  0
 21 22  1  0
 14 23  1  0
 18 24  1  6
 25 24  1  1
 25 26  1  0
 30 25  1  0
 26 27  1  0
 27 28  1  0
 28 29  1  0
 29 30  1  0
 29 31  1  6
 28 32  1  6
 32 33  1  0
 33 34  1  0
 34 35  1  0
 34 39  2  0
 35 36  2  0
 36 37  1  0
 37 38  2  0
 38 39  1  0
 27 40  1  6
 16 41  1  0
 41 42  1  0
 42 43  1  0
 41 44  2  0
 16 45  1  6
 11 46  1  0
M  END
","InChI=1S/C34H35NO11.ClH/c1-16-33(44-15-17-7-4-3-5-8-17)20(35)11-24(45-16)46-22-13-34(42,23(37)14-36)12-19-26(22)32(41)28-27(30(19)39)29(38)18-9-6-10-21(43-2)25(18)31(28)40;/h3-10,16,20,22,24,33,36,39,41-42H,11-15,35H2,1-2H3;1H/t16-,20-,22-,24-,33+,34-;/m0./s1",GPMIHHFZKBVWAZ-LMMKTYIZSA-N,COc1cccc2c1C(=O)c1c(O)c3c(c(O)c1C2=O)C[C@@](O)(C(=O)CO)C[C@@H]3O[C@H]1C[C@H](N)[C@H](OCc2ccccc2)[C@H](C)O1.Cl
1376138,CHEMBL2103868,CABOZANTINIB S-MALATE,INHIBITOR,,CHEMBL279,Vascular endothelial growth factor receptor 2,Astrocytoma,astrocytoma,2.0,1376138.0,501.51,5.54,6.0,2.0,98.78,8.0,N,2.0,635.6,4.0,37.0,0.31,C32H30FN3O10,-0.76,84244077.0,1376138.0,72.0,1376138.0,"
     RDKit          2D

 46 49  0  0  0  0  0  0  0  0999 V2000
   -0.4125   -6.2759    0.0000 C   0  0  0  0  0  0  0  0  0  0  0  0
    0.3020   -5.8634    0.0000 C   0  0  0  0  0  0  0  0  0  0  0  0
    1.0164   -6.2759    0.0000 C   0  0  0  0  0  0  0  0  0  0  0  0
    1.7309   -5.8634    0.0000 C   0  0  0  0  0  0  0  0  0  0  0  0
    2.4454   -6.2759    0.0000 O   0  0  0  0  0  0  0  0  0  0  0  0
    1.7309   -5.0384    0.0000 O   0  0  0  0  0  0  0  0  0  0  0  0
   -1.1270   -5.8634    0.0000 O   0  0  0  0  0  0  0  0  0  0  0  0
   -0.4125   -7.1009    0.0000 O   0  0  0  0  0  0  0  0  0  0  0  0
    1.4289   -6.9904    0.0000 O   0  0  0  0  0  0  0  0  0  0  0  0
   -6.2919   -5.5167    0.0000 C   0  0  0  0  0  0  0  0  0  0  0  0
   -7.0064   -5.9292    0.0000 C   0  0  0  0  0  0  0  0  0  0  0  0
   -7.7209   -5.5167    0.0000 C   0  0  0  0  0  0  0  0  0  0  0  0
   -7.7209   -4.6917    0.0000 C   0  0  0  0  0  0  0  0  0  0  0  0
   -7.0064   -4.2792    0.0000 C   0  0  0  0  0  0  0  0  0  0  0  0
   -6.2919   -4.6917    0.0000 C   0  0  0  0  0  0  0  0  0  0  0  0
   -5.5775   -4.2792    0.0000 C   0  0  0  0  0  0  0  0  0  0  0  0
   -4.8630   -4.6917    0.0000 C   0  0  0  0  0  0  0  0  0  0  0  0
   -4.8630   -5.5167    0.0000 C   0  0  0  0  0  0  0  0  0  0  0  0
   -5.5775   -5.9292    0.0000 N   0  0  0  0  0  0  0  0  0  0  0  0
   -8.4353   -5.9292    0.0000 O   0  0  0  0  0  0  0  0  0  0  0  0
   -8.4353   -4.2792    0.0000 O   0  0  0  0  0  0  0  0  0  0  0  0
   -5.5775   -3.4542    0.0000 O   0  0  0  0  0  0  0  0  0  0  0  0
   -4.8630   -3.0417    0.0000 C   0  0  0  0  0  0  0  0  0  0  0  0
   -4.1485   -3.4542    0.0000 C   0  0  0  0  0  0  0  0  0  0  0  0
   -4.8630   -2.2167    0.0000 C   0  0  0  0  0  0  0  0  0  0  0  0
   -4.1485   -1.8042    0.0000 C   0  0  0  0  0  0  0  0  0  0  0  0
   -3.4340   -2.2167    0.0000 C   0  0  0  0  0  0  0  0  0  0  0  0
   -3.4340   -3.0417    0.0000 C   0  0  0  0  0  0  0  0  0  0  0  0
   -2.7196   -1.8042    0.0000 N   0  0  0  0  0  0  0  0  0  0  0  0
   -2.0051   -2.2167    0.0000 C   0  0  0  0  0  0  0  0  0  0  0  0
   -2.0051   -3.0417    0.0000 O   0  0  0  0  0  0  0  0  0  0  0  0
   -1.2906   -1.8042    0.0000 C   0  0  0  0  0  0  0  0  0  0  0  0
   -0.4782   -1.6609    0.0000 C   0  0  0  0  0  0  0  0  0  0  0  0
   -0.7603   -2.4362    0.0000 C   0  0  0  0  0  0  0  0  0  0  0  0
   -1.5728   -1.0290    0.0000 C   0  0  0  0  0  0  0  0  0  0  0  0
   -1.0425   -0.3970    0.0000 N   0  0  0  0  0  0  0  0  0  0  0  0
   -2.3853   -0.8857    0.0000 O   0  0  0  0  0  0  0  0  0  0  0  0
   -1.3247    0.3783    0.0000 C   0  0  0  0  0  0  0  0  0  0  0  0
   -1.0765    1.7855    0.0000 C   0  0  0  0  0  0  0  0  0  0  0  0
   -0.7944    1.0103    0.0000 C   0  0  0  0  0  0  0  0  0  0  0  0
   -2.1371    0.5215    0.0000 C   0  0  0  0  0  0  0  0  0  0  0  0
   -2.4193    1.2968    0.0000 C   0  0  0  0  0  0  0  0  0  0  0  0
   -1.8890    1.9288    0.0000 C   0  0  0  0  0  0  0  0  0  0  0  0
   -2.1712    2.7040    0.0000 F   0  0  0  0  0  0  0  0  0  0  0  0
   -8.4353   -6.7542    0.0000 C   0  0  0  0  0  0  0  0  0  0  0  0
   -8.4353   -3.4542    0.0000 C   0  0  0  0  0  0  0  0  0  0  0  0
  1  2  1  0
  2  3  1  0
  3  4  1  0
  4  5  1  0
  4  6  2  0
  1  7  1  0
  1  8  2  0
  3  9  1  1
 10 11  1  0
 10 15  2  0
 10 19  1  0
 11 12  2  0
 12 13  1  0
 13 14  2  0
 14 15  1  0
 15 16  1  0
 16 17  2  0
 17 18  1  0
 18 19  2  0
 12 20  1  0
 13 21  1  0
 16 22  1  0
 22 23  1  0
 24 23  2  0
 23 25  1  0
 24 28  1  0
 25 26  2  0
 26 27  1  0
 27 28  2  0
 27 29  1  0
 29 30  1  0
 30 31  2  0
 30 32  1  0
 32 33  1  0
 33 34  1  0
 34 32  1  0
 32 35  1  0
 35 36  1  0
 35 37  2  0
 36 38  1  0
 40 38  2  0
 38 41  1  0
 39 40  1  0
 39 43  2  0
 41 42  2  0
 42 43  1  0
 43 44  1  0
 20 45  1  0
 21 46  1  0
M  END
","InChI=1S/C28H24FN3O5.C4H6O5/c1-35-24-15-21-22(16-25(24)36-2)30-14-11-23(21)37-20-9-7-19(8-10-20)32-27(34)28(12-13-28)26(33)31-18-5-3-17(29)4-6-18;5-2(4(8)9)1-3(6)7/h3-11,14-16H,12-13H2,1-2H3,(H,31,33)(H,32,34);2,5H,1H2,(H,6,7)(H,8,9)/t;2-/m.0/s1",HFCFMRYTXDINDK-WNQIDUERSA-N,COc1cc2nccc(Oc3ccc(NC(=O)C4(C(=O)Nc5ccc(F)cc5)CC4)cc3)c2cc1OC.O=C(O)C[C@H](O)C(=O)O
1376143,CHEMBL2103873,MACITENTAN,ANTAGONIST,,CHEMBL2096678,"Endothelin receptor, ET-A/ET-B",Glioblastoma,glioblastoma multiforme,1.0,1376143.0,588.28,3.57,8.0,2.0,128.22,11.0,N,1.0,588.28,3.0,32.0,0.33,C19H20Br2N6O4S,-1.23,84023189.0,1376143.0,63.0,1376143.0,"
     RDKit          2D

 32 34  0  0  0  0  0  0  0  0999 V2000
   -6.5213   -0.9019    0.0000 C   0  0  0  0  0  0  0  0  0  0  0  0
   -5.9492   -0.3074    0.0000 C   0  0  0  0  0  0  0  0  0  0  0  0
   -5.1484   -0.5056    0.0000 C   0  0  0  0  0  0  0  0  0  0  0  0
   -4.5764    0.0889    0.0000 N   0  0  0  0  0  0  0  0  0  0  0  0
   -3.7755   -0.1093    0.0000 S   0  0  0  0  0  0  0  0  0  0  0  0
   -3.9737   -0.9101    0.0000 O   0  0  0  0  0  0  0  0  0  0  0  0
   -3.5773    0.6916    0.0000 O   0  0  0  0  0  0  0  0  0  0  0  0
   -2.9747   -0.3074    0.0000 N   0  0  0  0  0  0  0  0  0  0  0  0
   -2.4026    0.2870    0.0000 C   0  0  0  0  0  0  0  0  0  0  0  0
   -2.6314    1.0797    0.0000 N   0  0  0  0  0  0  0  0  0  0  0  0
   -2.0594    1.6742    0.0000 C   0  0  0  0  0  0  0  0  0  0  0  0
   -1.2586    1.4760    0.0000 N   0  0  0  0  0  0  0  0  0  0  0  0
   -1.0297    0.6834    0.0000 C   0  0  0  0  0  0  0  0  0  0  0  0
   -1.6018    0.0889    0.0000 C   0  0  0  0  0  0  0  0  0  0  0  0
   -1.3730   -0.7037    0.0000 C   0  0  0  0  0  0  0  0  0  0  0  0
   -1.7162   -2.0909    0.0000 C   0  0  0  0  0  0  0  0  0  0  0  0
   -1.9450   -1.2982    0.0000 C   0  0  0  0  0  0  0  0  0  0  0  0
   -0.5721   -0.9019    0.0000 C   0  0  0  0  0  0  0  0  0  0  0  0
   -0.3433   -1.6945    0.0000 C   0  0  0  0  0  0  0  0  0  0  0  0
   -0.9153   -2.2890    0.0000 C   0  0  0  0  0  0  0  0  0  0  0  0
   -0.6865   -3.0817    0.0000 Br  0  0  0  0  0  0  0  0  0  0  0  0
   -0.2289    0.4852    0.0000 O   0  0  0  0  0  0  0  0  0  0  0  0
    0.3431    1.0797    0.0000 C   0  0  0  0  0  0  0  0  0  0  0  0
    1.1440    0.8815    0.0000 C   0  0  0  0  0  0  0  0  0  0  0  0
    1.7160    1.4760    0.0000 O   0  0  0  0  0  0  0  0  0  0  0  0
    2.5169    1.2778    0.0000 C   0  0  0  0  0  0  0  0  0  0  0  0
    2.7457    0.4852    0.0000 N   0  0  0  0  0  0  0  0  0  0  0  0
    3.0889    1.8723    0.0000 N   0  0  0  0  0  0  0  0  0  0  0  0
    3.8898    1.6742    0.0000 C   0  0  0  0  0  0  0  0  0  0  0  0
    4.1186    0.8815    0.0000 C   0  0  0  0  0  0  0  0  0  0  0  0
    3.5465    0.2870    0.0000 C   0  0  0  0  0  0  0  0  0  0  0  0
    4.9194    0.6834    0.0000 Br  0  0  0  0  0  0  0  0  0  0  0  0
  1  2  1  0
  2  3  1  0
  3  4  1  0
  4  5  1  0
  5  6  2  0
  5  7  2  0
  5  8  1  0
  8  9  1  0
  9 10  2  0
  9 14  1  0
 10 11  1  0
 11 12  2  0
 12 13  1  0
 13 14  2  0
 14 15  1  0
 17 15  2  0
 15 18  1  0
 16 17  1  0
 16 20  2  0
 18 19  2  0
 19 20  1  0
 20 21  1  0
 13 22  1  0
 22 23  1  0
 23 24  1  0
 24 25  1  0
 25 26  1  0
 27 26  1  0
 26 28  2  0
 27 31  2  0
 28 29  1  0
 29 30  2  0
 30 31  1  0
 30 32  1  0
M  END
","InChI=1S/C19H20Br2N6O4S/c1-2-7-26-32(28,29)27-17-16(13-3-5-14(20)6-4-13)18(25-12-24-17)30-8-9-31-19-22-10-15(21)11-23-19/h3-6,10-12,26H,2,7-9H2,1H3,(H,24,25,27)",JGCMEBMXRHSZKX-UHFFFAOYSA-N,CCCNS(=O)(=O)Nc1ncnc(OCCOc2ncc(Br)cn2)c1-c1ccc(Br)cc1
1376145,CHEMBL2103875,TRAMETINIB,INHIBITOR,,CHEMBL2111289,Dual specificity mitogen-activated protein kinase kinase; MEK1/2,Glioma,low grade glioma,1.0,1376145.0,615.4,3.94,8.0,2.0,107.13,5.0,N,1.0,615.4,4.0,37.0,0.33,C26H23FIN5O4,-1.57,84684721.0,1376145.0,108.0,1376145.0,"
     RDKit          2D

 37 41  0  0  0  0  0  0  0  0999 V2000
   -5.8339    3.3000    0.0000 C   0  0  0  0  0  0  0  0  0  0  0  0
   -5.1195    2.8875    0.0000 C   0  0  0  0  0  0  0  0  0  0  0  0
   -5.1195    2.0625    0.0000 O   0  0  0  0  0  0  0  0  0  0  0  0
   -4.4050    3.3000    0.0000 N   0  0  0  0  0  0  0  0  0  0  0  0
   -3.6905    2.8875    0.0000 C   0  0  0  0  0  0  0  0  0  0  0  0
   -2.9761    3.3000    0.0000 C   0  0  0  0  0  0  0  0  0  0  0  0
   -3.6905    2.0625    0.0000 C   0  0  0  0  0  0  0  0  0  0  0  0
   -2.9761    1.6500    0.0000 C   0  0  0  0  0  0  0  0  0  0  0  0
   -2.2616    2.0625    0.0000 C   0  0  0  0  0  0  0  0  0  0  0  0
   -2.2616    2.8875    0.0000 C   0  0  0  0  0  0  0  0  0  0  0  0
   -1.5471    3.3000    0.0000 N   0  0  0  0  0  0  0  0  0  0  0  0
   -0.8326    4.5375    0.0000 N   0  0  0  0  0  0  0  0  0  0  0  0
   -1.5471    4.1250    0.0000 C   0  0  0  0  0  0  0  0  0  0  0  0
   -0.8326    2.8875    0.0000 C   0  0  0  0  0  0  0  0  0  0  0  0
   -0.1182    3.3000    0.0000 C   0  0  0  0  0  0  0  0  0  0  0  0
   -0.1182    4.1250    0.0000 C   0  0  0  0  0  0  0  0  0  0  0  0
   -2.2616    4.5375    0.0000 O   0  0  0  0  0  0  0  0  0  0  0  0
   -0.8326    5.3625    0.0000 C   0  0  0  0  0  0  0  0  0  0  0  0
   -0.2493    5.9459    0.0000 C   0  0  0  0  0  0  0  0  0  0  0  0
   -1.0743    5.9459    0.0000 C   0  0  0  0  0  0  0  0  0  0  0  0
    0.5963    4.5375    0.0000 O   0  0  0  0  0  0  0  0  0  0  0  0
   -0.8326    2.0625    0.0000 C   0  0  0  0  0  0  0  0  0  0  0  0
   -0.1182    1.6500    0.0000 C   0  0  0  0  0  0  0  0  0  0  0  0
    0.5963    2.0625    0.0000 N   0  0  0  0  0  0  0  0  0  0  0  0
    0.5963    2.8875    0.0000 C   0  0  0  0  0  0  0  0  0  0  0  0
    1.3108    3.3000    0.0000 N   0  0  0  0  0  0  0  0  0  0  0  0
    2.0252    2.8875    0.0000 C   0  0  0  0  0  0  0  0  0  0  0  0
    2.7397    3.3000    0.0000 C   0  0  0  0  0  0  0  0  0  0  0  0
    2.0252    2.0625    0.0000 C   0  0  0  0  0  0  0  0  0  0  0  0
    2.7397    1.6500    0.0000 C   0  0  0  0  0  0  0  0  0  0  0  0
    3.4542    2.0625    0.0000 C   0  0  0  0  0  0  0  0  0  0  0  0
    3.4542    2.8875    0.0000 C   0  0  0  0  0  0  0  0  0  0  0  0
   -0.1182    0.8250    0.0000 O   0  0  0  0  0  0  0  0  0  0  0  0
    1.3108    1.6500    0.0000 C   0  0  0  0  0  0  0  0  0  0  0  0
    4.1686    1.6500    0.0000 I   0  0  0  0  0  0  0  0  0  0  0  0
   -1.5471    1.6500    0.0000 C   0  0  0  0  0  0  0  0  0  0  0  0
    2.7397    4.1250    0.0000 F   0  0  0  0  0  0  0  0  0  0  0  0
  1  2  1  0
  2  3  2  0
  2  4  1  0
  4  5  1  0
  6  5  2  0
  5  7  1  0
  6 10  1  0
  7  8  2  0
  8  9  1  0
  9 10  2  0
 10 11  1  0
 13 11  1  0
 11 14  1  0
 12 13  1  0
 12 16  1  0
 15 16  1  0
 13 17  2  0
 12 18  1  0
 18 19  1  0
 19 20  1  0
 20 18  1  0
 16 21  2  0
 15 25  2  0
 15 14  1  0
 14 22  2  0
 22 23  1  0
 23 24  1  0
 24 25  1  0
 25 26  1  0
 26 27  1  0
 28 27  2  0
 27 29  1  0
 28 32  1  0
 29 30  2  0
 30 31  1  0
 31 32  2  0
 23 33  2  0
 24 34  1  0
 31 35  1  0
 22 36  1  0
 28 37  1  0
M  END
","InChI=1S/C26H23FIN5O4/c1-13-22-21(23(31(3)24(13)35)30-20-10-7-15(28)11-19(20)27)25(36)33(17-8-9-17)26(37)32(22)18-6-4-5-16(12-18)29-14(2)34/h4-7,10-12,17,30H,8-9H2,1-3H3,(H,29,34)",LIRYPHYGHXZJBZ-UHFFFAOYSA-N,CC(=O)Nc1cccc(-n2c(=O)n(C3CC3)c(=O)c3c(Nc4ccc(I)cc4F)n(C)c(=O)c(C)c32)c1
1377954,CHEMBL2105684,SELUMETINIB SULFATE,INHIBITOR,,CHEMBL2111289,Dual specificity mitogen-activated protein kinase kinase; MEK1/2,Astrocytoma,astrocytoma,3.0,1377954.0,457.69,3.53,6.0,3.0,88.41,6.0,N,0.0,555.77,3.0,27.0,0.39,C17H17BrClFN4O7S,-1.23,84023388.0,1377954.0,63.0,1377954.0,"
     RDKit          2D

 32 33  0  0  0  0  0  0  0  0999 V2000
    3.2411    2.1804    0.0000 S   0  0  0  0  0  0  0  0  0  0  0  0
    3.2411    1.3554    0.0000 O   0  0  0  0  0  0  0  0  0  0  0  0
    3.2411    3.0054    0.0000 O   0  0  0  0  0  0  0  0  0  0  0  0
    2.4161    2.1804    0.0000 O   0  0  0  0  0  0  0  0  0  0  0  0
    4.0661    2.1804    0.0000 O   0  0  0  0  0  0  0  0  0  0  0  0
   -4.3902    1.9741    0.0000 C   0  0  0  0  0  0  0  0  0  0  0  0
   -5.1047    1.5616    0.0000 C   0  0  0  0  0  0  0  0  0  0  0  0
   -5.1047    0.7366    0.0000 C   0  0  0  0  0  0  0  0  0  0  0  0
   -4.3902    0.3241    0.0000 C   0  0  0  0  0  0  0  0  0  0  0  0
   -3.6757    0.7366    0.0000 C   0  0  0  0  0  0  0  0  0  0  0  0
   -3.6757    1.5616    0.0000 C   0  0  0  0  0  0  0  0  0  0  0  0
   -5.8893    0.4817    0.0000 N   0  0  0  0  0  0  0  0  0  0  0  0
   -6.3742    1.1491    0.0000 C   0  0  0  0  0  0  0  0  0  0  0  0
   -5.8893    1.8165    0.0000 N   0  0  0  0  0  0  0  0  0  0  0  0
   -2.9612    1.9741    0.0000 N   0  0  0  0  0  0  0  0  0  0  0  0
   -2.9612    2.7991    0.0000 C   0  0  0  0  0  0  0  0  0  0  0  0
   -2.2467    3.2116    0.0000 C   0  0  0  0  0  0  0  0  0  0  0  0
   -2.2467    4.0366    0.0000 C   0  0  0  0  0  0  0  0  0  0  0  0
   -2.9612    4.4491    0.0000 C   0  0  0  0  0  0  0  0  0  0  0  0
   -3.6757    4.0366    0.0000 C   0  0  0  0  0  0  0  0  0  0  0  0
   -3.6757    3.2116    0.0000 C   0  0  0  0  0  0  0  0  0  0  0  0
   -1.5322    2.7991    0.0000 Cl  0  0  0  0  0  0  0  0  0  0  0  0
   -2.9612    5.2741    0.0000 Br  0  0  0  0  0  0  0  0  0  0  0  0
   -2.9612    0.3241    0.0000 C   0  0  0  0  0  0  0  0  0  0  0  0
   -2.2467    0.7366    0.0000 N   0  0  0  0  0  0  0  0  0  0  0  0
   -2.9612   -0.5009    0.0000 O   0  0  0  0  0  0  0  0  0  0  0  0
   -1.5323    0.3241    0.0000 O   0  0  0  0  0  0  0  0  0  0  0  0
   -0.8178    0.7366    0.0000 C   0  0  0  0  0  0  0  0  0  0  0  0
   -0.1033    0.3241    0.0000 C   0  0  0  0  0  0  0  0  0  0  0  0
    0.6111    0.7366    0.0000 O   0  0  0  0  0  0  0  0  0  0  0  0
   -4.3902    2.7991    0.0000 F   0  0  0  0  0  0  0  0  0  0  0  0
   -6.1442   -0.3030    0.0000 C   0  0  0  0  0  0  0  0  0  0  0  0
  1  2  2  0
  1  3  2  0
  1  4  1  0
  1  5  1  0
  6  7  1  0
  6 11  2  0
  8  9  1  0
  9 10  2  0
 10 11  1  0
  7 14  1  0
  7  8  2  0
  8 12  1  0
 12 13  1  0
 13 14  2  0
 11 15  1  0
 15 16  1  0
 16 17  1  0
 16 21  2  0
 17 18  2  0
 18 19  1  0
 19 20  2  0
 20 21  1  0
 17 22  1  0
 19 23  1  0
 10 24  1  0
 24 25  1  0
 24 26  2  0
 25 27  1  0
 27 28  1  0
 28 29  1  0
 29 30  1  0
  6 31  1  0
 12 32  1  0
M  END
","InChI=1S/C17H15BrClFN4O3.H2O4S/c1-24-8-21-16-13(24)7-10(17(26)23-27-5-4-25)15(14(16)20)22-12-3-2-9(18)6-11(12)19;1-5(2,3)4/h2-3,6-8,22,25H,4-5H2,1H3,(H,23,26);(H2,1,2,3,4)",GRKFGZYYYYISDX-UHFFFAOYSA-N,Cn1cnc2c(F)c(Nc3ccc(Br)cc3Cl)c(C(=O)NOCCO)cc21.O=S(=O)(O)O
1377998,CHEMBL2105728,CRENOLANIB,INHIBITOR,,CHEMBL1974,Receptor-type tyrosine-protein kinase FLT3,Glioblastoma,glioblastoma multiforme,2.0,1377998.0,443.55,3.92,7.0,1.0,78.43,5.0,N,0.0,443.55,4.0,33.0,0.5,C26H29N5O2,-0.99,,,,1377998.0,"
     RDKit          2D

 33 38  0  0  0  0  0  0  0  0999 V2000
    1.9515    0.0000    0.0000 C   0  0  0  0  0  0  0  0  0  0  0  0
   13.6995   10.0346    0.0000 N   0  0  0  0  0  0  0  0  0  0  0  0
   14.9119    2.3345    0.0000 C   0  0  0  0  0  0  0  0  0  0  0  0
   14.9119    3.7345    0.0000 C   0  0  0  0  0  0  0  0  0  0  0  0
    5.7687    2.2426    0.0000 C   0  0  0  0  0  0  0  0  0  0  0  0
   10.0621    2.3345    0.0000 C   0  0  0  0  0  0  0  0  0  0  0  0
   13.6995    1.6345    0.0000 C   0  0  0  0  0  0  0  0  0  0  0  0
   11.2746    1.6345    0.0000 C   0  0  0  0  0  0  0  0  0  0  0  0
    7.1382    2.5338    0.0000 C   0  0  0  0  0  0  0  0  0  0  0  0
    5.2645    4.6146    0.0000 C   0  0  0  0  0  0  0  0  0  0  0  0
    8.7033    5.8269    0.0000 C   0  0  0  0  0  0  0  0  0  0  0  0
   14.9119    7.9346    0.0000 C   0  0  0  0  0  0  0  0  0  0  0  0
   12.4870    7.9346    0.0000 C   0  0  0  0  0  0  0  0  0  0  0  0
   14.9119    6.5346    0.0000 C   0  0  0  0  0  0  0  0  0  0  0  0
   12.4870    6.5346    0.0000 C   0  0  0  0  0  0  0  0  0  0  0  0
    0.2910    1.0783    0.0000 C   0  0  0  0  0  0  0  0  0  0  0  0
    1.3693    2.7388    0.0000 C   0  0  0  0  0  0  0  0  0  0  0  0
    3.0298    1.6605    0.0000 C   0  0  0  0  0  0  0  0  0  0  0  0
    7.3340    6.1181    0.0000 N   0  0  0  0  0  0  0  0  0  0  0  0
   11.2746    4.4345    0.0000 N   0  0  0  0  0  0  0  0  0  0  0  0
    0.0000    2.4477    0.0000 O   0  0  0  0  0  0  0  0  0  0  0  0
    3.4625    2.9919    0.0000 O   0  0  0  0  0  0  0  0  0  0  0  0
    4.8320    3.2830    0.0000 C   0  0  0  0  0  0  0  0  0  0  0  0
   10.0621    3.7345    0.0000 C   0  0  0  0  0  0  0  0  0  0  0  0
   13.6995    4.4345    0.0000 C   0  0  0  0  0  0  0  0  0  0  0  0
   12.4870    2.3345    0.0000 C   0  0  0  0  0  0  0  0  0  0  0  0
    6.6340    4.9056    0.0000 C   0  0  0  0  0  0  0  0  0  0  0  0
    7.5707    3.8652    0.0000 C   0  0  0  0  0  0  0  0  0  0  0  0
   12.4870    3.7345    0.0000 C   0  0  0  0  0  0  0  0  0  0  0  0
   13.6995    8.6346    0.0000 C   0  0  0  0  0  0  0  0  0  0  0  0
   13.6995    5.8345    0.0000 N   0  0  0  0  0  0  0  0  0  0  0  0
    8.8497    4.4345    0.0000 N   0  0  0  0  0  0  0  0  0  0  0  0
    1.6605    1.3695    0.0000 C   0  0  0  0  0  0  0  0  0  0  0  0
  1 33  1  0
  2 30  1  0
  3  4  1  0
  3  7  2  0
  4 25  2  0
  5  9  2  0
  5 23  1  0
  6  8  2  0
  6 24  1  0
  7 26  1  0
  8 26  1  0
  9 28  1  0
 10 23  2  0
 10 27  1  0
 11 19  2  0
 11 32  1  0
 12 14  1  0
 12 30  1  0
 13 15  1  0
 13 30  1  0
 14 31  1  0
 15 31  1  0
 16 21  1  0
 16 33  1  0
 17 21  1  0
 17 33  1  0
 18 22  1  0
 18 33  1  0
 19 27  1  0
 20 24  2  0
 20 29  1  0
 22 23  1  0
 24 32  1  0
 25 29  1  0
 25 31  1  0
 26 29  2  0
 27 28  2  0
 28 32  1  0
M  END
","InChI=1S/C26H29N5O2/c1-26(14-32-15-26)16-33-20-6-7-22-21(13-20)28-17-31(22)24-8-5-18-3-2-4-23(25(18)29-24)30-11-9-19(27)10-12-30/h2-8,13,17,19H,9-12,14-16,27H2,1H3",DYNHJHQFHQTFTP-UHFFFAOYSA-N,CC1(COc2ccc3c(c2)ncn3-c2ccc3cccc(N4CCC(N)CC4)c3n2)COC1
1377999,CHEMBL2105729,DABRAFENIB MESYLATE,INHIBITOR,,CHEMBL5145,Serine/threonine-protein kinase B-raf,Glioma,glioma,4.0,1377999.0,519.57,5.36,7.0,2.0,110.86,5.0,N,2.0,615.68,4.0,35.0,0.37,C24H24F3N5O5S3,-1.24,85492151.0,1377999.0,146.0,1377999.0,"
     RDKit          2D

 40 42  0  0  0  0  0  0  0  0999 V2000
    3.7420   -6.9536    0.0000 S   0  0  0  0  0  0  0  0  0  0  0  0
    2.9170   -6.9536    0.0000 C   0  0  0  0  0  0  0  0  0  0  0  0
    4.5670   -6.9536    0.0000 O   0  0  0  0  0  0  0  0  0  0  0  0
    3.7420   -6.1286    0.0000 O   0  0  0  0  0  0  0  0  0  0  0  0
    3.7420   -7.7786    0.0000 O   0  0  0  0  0  0  0  0  0  0  0  0
   -5.9812   -2.9759    0.0000 C   0  0  0  0  0  0  0  0  0  0  0  0
   -6.6957   -3.3884    0.0000 C   0  0  0  0  0  0  0  0  0  0  0  0
   -6.6957   -4.2134    0.0000 C   0  0  0  0  0  0  0  0  0  0  0  0
   -5.9812   -4.6259    0.0000 C   0  0  0  0  0  0  0  0  0  0  0  0
   -5.2668   -4.2134    0.0000 C   0  0  0  0  0  0  0  0  0  0  0  0
   -5.2668   -3.3884    0.0000 C   0  0  0  0  0  0  0  0  0  0  0  0
   -4.5523   -2.9759    0.0000 F   0  0  0  0  0  0  0  0  0  0  0  0
   -5.9812   -5.4509    0.0000 F   0  0  0  0  0  0  0  0  0  0  0  0
   -4.5523   -4.6259    0.0000 S   0  0  0  0  0  0  0  0  0  0  0  0
   -3.8378   -4.2134    0.0000 N   0  0  0  0  0  0  0  0  0  0  0  0
   -3.1234   -4.6259    0.0000 C   0  0  0  0  0  0  0  0  0  0  0  0
   -2.4089   -4.2134    0.0000 C   0  0  0  0  0  0  0  0  0  0  0  0
   -3.1234   -5.4509    0.0000 C   0  0  0  0  0  0  0  0  0  0  0  0
   -2.4089   -5.8634    0.0000 C   0  0  0  0  0  0  0  0  0  0  0  0
   -1.6944   -5.4509    0.0000 C   0  0  0  0  0  0  0  0  0  0  0  0
   -1.6944   -4.6259    0.0000 C   0  0  0  0  0  0  0  0  0  0  0  0
   -2.4089   -3.3884    0.0000 F   0  0  0  0  0  0  0  0  0  0  0  0
   -0.9800   -4.2134    0.0000 C   0  0  0  0  0  0  0  0  0  0  0  0
    0.0120   -3.3202    0.0000 S   0  0  0  0  0  0  0  0  0  0  0  0
   -0.8085   -3.4065    0.0000 C   0  0  0  0  0  0  0  0  0  0  0  0
   -0.2655   -4.6259    0.0000 N   0  0  0  0  0  0  0  0  0  0  0  0
    0.3476   -4.0739    0.0000 C   0  0  0  0  0  0  0  0  0  0  0  0
   -1.3918   -2.8231    0.0000 C   0  0  0  0  0  0  0  0  0  0  0  0
   -1.3918   -1.3941    0.0000 C   0  0  0  0  0  0  0  0  0  0  0  0
   -2.2168   -1.3942    0.0000 N   0  0  0  0  0  0  0  0  0  0  0  0
   -2.6293   -2.1086    0.0000 C   0  0  0  0  0  0  0  0  0  0  0  0
   -2.2168   -2.8231    0.0000 C   0  0  0  0  0  0  0  0  0  0  0  0
   -0.9793   -2.1086    0.0000 N   0  0  0  0  0  0  0  0  0  0  0  0
   -0.8084   -0.8108    0.0000 N   0  0  0  0  0  0  0  0  0  0  0  0
    1.0620   -4.4864    0.0000 C   0  0  0  0  0  0  0  0  0  0  0  0
    1.7765   -4.0739    0.0000 C   0  0  0  0  0  0  0  0  0  0  0  0
    1.4745   -5.2009    0.0000 C   0  0  0  0  0  0  0  0  0  0  0  0
    0.3476   -4.8989    0.0000 C   0  0  0  0  0  0  0  0  0  0  0  0
   -4.9648   -5.3404    0.0000 O   0  0  0  0  0  0  0  0  0  0  0  0
   -4.1398   -5.3404    0.0000 O   0  0  0  0  0  0  0  0  0  0  0  0
  1  2  1  0
  1  3  1  0
  1  4  2  0
  1  5  2  0
  6  7  1  0
  6 11  2  0
  7  8  2  0
  8  9  1  0
  9 10  2  0
 10 11  1  0
 11 12  1  0
  9 13  1  0
 10 14  1  0
 14 15  1  0
 15 16  1  0
 17 16  2  0
 16 18  1  0
 17 21  1  0
 18 19  2  0
 19 20  1  0
 20 21  2  0
 17 22  1  0
 21 23  1  0
 25 23  2  0
 23 26  1  0
 24 25  1  0
 24 27  1  0
 26 27  2  0
 25 28  1  0
 32 28  1  0
 28 33  2  0
 29 30  2  0
 29 33  1  0
 30 31  1  0
 31 32  2  0
 29 34  1  0
 27 35  1  0
 35 36  1  0
 35 37  1  0
 35 38  1  0
 14 39  2  0
 14 40  2  0
M  END
","InChI=1S/C23H20F3N5O2S2.CH4O3S/c1-23(2,3)21-30-18(19(34-21)16-10-11-28-22(27)29-16)12-6-4-9-15(17(12)26)31-35(32,33)20-13(24)7-5-8-14(20)25;1-5(2,3)4/h4-11,31H,1-3H3,(H2,27,28,29);1H3,(H,2,3,4)",YKGMKSIHIVVYKY-UHFFFAOYSA-N,CC(C)(C)c1nc(-c2cccc(NS(=O)(=O)c3c(F)cccc3F)c2F)c(-c2ccnc(N)n2)s1.CS(=O)(=O)O
1378011,CHEMBL2105741,TRAMETINIB DIMETHYL SULFOXIDE,INHIBITOR,,CHEMBL2964,Dual specificity mitogen-activated protein kinase kinase 2,Glioblastoma,glioblastoma multiforme,4.0,1378011.0,615.4,3.94,8.0,2.0,107.13,5.0,N,1.0,693.54,4.0,37.0,0.33,C28H29FIN5O5S,-1.57,83672953.0,1378011.0,18.0,1378011.0,"
     RDKit          2D

 41 44  0  0  0  0  0  0  0  0999 V2000
    0.1238   -0.1709    0.0000 C   0  0  0  0  0  0  0  0  0  0  0  0
    0.7071    0.4125    0.0000 S   0  0  0  0  0  0  0  0  0  0  0  0
    0.7071    1.2375    0.0000 O   0  0  0  0  0  0  0  0  0  0  0  0
    1.2905   -0.1709    0.0000 C   0  0  0  0  0  0  0  0  0  0  0  0
   -8.6920    1.3259    0.0000 C   0  0  0  0  0  0  0  0  0  0  0  0
   -9.4065    0.9134    0.0000 C   0  0  0  0  0  0  0  0  0  0  0  0
   -9.4065    0.0884    0.0000 C   0  0  0  0  0  0  0  0  0  0  0  0
   -8.6920   -0.3241    0.0000 C   0  0  0  0  0  0  0  0  0  0  0  0
   -7.9775    0.0884    0.0000 C   0  0  0  0  0  0  0  0  0  0  0  0
   -7.9775    0.9134    0.0000 C   0  0  0  0  0  0  0  0  0  0  0  0
   -7.2630    1.3259    0.0000 N   0  0  0  0  0  0  0  0  0  0  0  0
   -6.5485    0.9134    0.0000 C   0  0  0  0  0  0  0  0  0  0  0  0
   -5.8340    1.3259    0.0000 C   0  0  0  0  0  0  0  0  0  0  0  0
   -5.8340    2.1509    0.0000 C   0  0  0  0  0  0  0  0  0  0  0  0
   -6.5485    2.5634    0.0000 N   0  0  0  0  0  0  0  0  0  0  0  0
   -7.2630    2.1509    0.0000 C   0  0  0  0  0  0  0  0  0  0  0  0
   -6.5485    0.0884    0.0000 C   0  0  0  0  0  0  0  0  0  0  0  0
   -5.8341   -0.3241    0.0000 C   0  0  0  0  0  0  0  0  0  0  0  0
   -5.1196    0.0884    0.0000 N   0  0  0  0  0  0  0  0  0  0  0  0
   -5.1196    0.9134    0.0000 C   0  0  0  0  0  0  0  0  0  0  0  0
   -4.4051    1.3259    0.0000 N   0  0  0  0  0  0  0  0  0  0  0  0
   -3.6906    0.9134    0.0000 C   0  0  0  0  0  0  0  0  0  0  0  0
   -3.6907    0.0884    0.0000 C   0  0  0  0  0  0  0  0  0  0  0  0
   -2.9762   -0.3241    0.0000 C   0  0  0  0  0  0  0  0  0  0  0  0
   -2.2617    0.0884    0.0000 C   0  0  0  0  0  0  0  0  0  0  0  0
   -2.2617    0.9134    0.0000 C   0  0  0  0  0  0  0  0  0  0  0  0
   -2.9762    1.3259    0.0000 C   0  0  0  0  0  0  0  0  0  0  0  0
   -2.9762    2.1509    0.0000 F   0  0  0  0  0  0  0  0  0  0  0  0
   -1.5472   -0.3241    0.0000 I   0  0  0  0  0  0  0  0  0  0  0  0
   -4.4051   -0.3241    0.0000 C   0  0  0  0  0  0  0  0  0  0  0  0
   -5.8341   -1.1491    0.0000 O   0  0  0  0  0  0  0  0  0  0  0  0
   -7.2630   -0.3241    0.0000 C   0  0  0  0  0  0  0  0  0  0  0  0
   -5.1196    2.5634    0.0000 O   0  0  0  0  0  0  0  0  0  0  0  0
   -7.9775    2.5634    0.0000 O   0  0  0  0  0  0  0  0  0  0  0  0
   -6.5485    3.3884    0.0000 C   0  0  0  0  0  0  0  0  0  0  0  0
   -6.1361    4.1029    0.0000 C   0  0  0  0  0  0  0  0  0  0  0  0
   -6.9610    4.1029    0.0000 C   0  0  0  0  0  0  0  0  0  0  0  0
  -10.1209    1.3259    0.0000 N   0  0  0  0  0  0  0  0  0  0  0  0
  -10.8354    0.9134    0.0000 C   0  0  0  0  0  0  0  0  0  0  0  0
  -11.5499    1.3259    0.0000 C   0  0  0  0  0  0  0  0  0  0  0  0
  -10.8354    0.0884    0.0000 O   0  0  0  0  0  0  0  0  0  0  0  0
  1  2  1  0
  3  2  1  0
  2  4  1  0
  5  6  1  0
  5 10  2  0
  6  7  2  0
  7  8  1  0
  8  9  2  0
  9 10  1  0
 10 11  1  0
 11 12  1  0
 16 11  1  0
 13 14  1  0
 14 15  1  0
 15 16  1  0
 12 17  2  0
 13 12  1  0
 20 13  2  0
 17 18  1  0
 18 19  1  0
 19 20  1  0
 20 21  1  0
 21 22  1  0
 22 23  1  0
 22 27  2  0
 23 24  2  0
 24 25  1  0
 25 26  2  0
 26 27  1  0
 27 28  1  0
 25 29  1  0
 19 30  1  0
 18 31  2  0
 17 32  1  0
 14 33  2  0
 16 34  2  0
 15 35  1  0
 35 36  1  0
 37 35  1  0
 36 37  1  0
  6 38  1  0
 38 39  1  0
 39 40  1  0
 39 41  2  0
M  CHG  2   2   1   3  -1
M  END
","InChI=1S/C26H23FIN5O4.C2H6OS/c1-13-22-21(23(31(3)24(13)35)30-20-10-7-15(28)11-19(20)27)25(36)33(17-8-9-17)26(37)32(22)18-6-4-5-16(12-18)29-14(2)34;1-4(2)3/h4-7,10-12,17,30H,8-9H2,1-3H3,(H,29,34);1-2H3",OQUFJVRYDFIQBW-UHFFFAOYSA-N,CC(=O)Nc1cccc(-n2c(=O)n(C3CC3)c(=O)c3c(Nc4ccc(I)cc4F)n(C)c(=O)c(C)c32)c1.C[S+](C)[O-]
1378134,CHEMBL2105864,LABRADIMIL,AGONIST,,CHEMBL3157,B2 bradykinin receptor,Brain Neoplasms,brain neoplasm,1.0,1378134.0,1098.3,,,,,,,,1098.3,,,,C49H75N15O12S,,,,,1378134.0,"
     RDKit          2D

 77 81  0  0  1  0  0  0  0  0999 V2000
   -3.0833   -0.8292    0.0000 N   0  0  0  0  0  0  0  0  0  0  0  0
   -3.4958   -1.1875    0.0000 C   0  0  0  0  0  0  0  0  0  0  0  0
   -4.4583   -1.3167    0.0000 N   0  0  0  0  0  0  0  0  0  0  0  0
    1.7375   -0.0917    0.0000 N   0  0  0  0  0  0  0  0  0  0  0  0
    1.4667   -0.5667    0.0000 C   0  0  0  0  0  0  0  0  0  0  0  0
   -2.5583   -0.9542    0.0000 C   0  0  0  0  0  0  0  0  0  0  0  0
   -4.4708   -1.8625    0.0000 C   0  0  0  0  0  0  0  0  0  0  0  0
   -4.0083   -1.0042    0.0000 C   0  0  0  0  0  0  0  0  0  0  0  0
    2.6500   -0.4250    0.0000 C   0  0  0  0  0  0  0  0  0  0  0  0
    0.9250   -0.5792    0.0000 C   0  0  0  0  0  0  0  0  0  0  0  0
    2.2792   -0.0292    0.0000 C   0  0  0  0  0  0  0  0  0  0  0  0
    0.1167   -1.0542    0.0000 C   0  0  0  0  0  0  0  0  0  0  0  0
    0.6625   -1.0542    0.0000 N   0  0  0  0  0  0  0  0  0  0  0  0
   -2.3458   -1.4542    0.0000 C   0  0  0  0  0  0  0  0  0  0  0  0
   -0.1583   -0.5917    0.0000 C   0  0  0  0  0  0  0  0  0  0  0  0
   -6.3292   -0.1792    0.0000 C   0  0  0  0  0  0  0  0  0  0  0  0
    4.5000    2.4208    0.0000 C   0  0  0  0  0  0  0  0  0  0  0  0
    3.1792   -0.3042    0.0000 N   0  0  0  0  0  0  0  0  0  0  0  0
   -0.7000   -0.6000    0.0000 N   0  0  0  0  0  0  0  0  0  0  0  0
   -3.1333   -0.2917    0.0000 C   0  0  0  0  0  0  0  0  0  0  0  0
   -2.2708   -0.4917    0.0000 C   0  0  0  0  0  0  0  0  0  0  0  0
   -0.1708    0.3583    0.0000 C   0  0  0  0  0  0  0  0  0  0  0  0
    4.9292    0.5833    0.0000 C   0  0  0  0  0  0  0  0  0  0  0  0
    0.1125   -0.1167    0.0000 C   0  0  0  0  0  0  0  0  0  0  0  0
   -0.9833   -1.0625    0.0000 C   0  0  0  0  0  0  0  0  0  0  0  0
   -1.8000   -1.5292    0.0000 N   0  0  0  0  0  0  0  0  0  0  0  0
   -0.7083    0.4000    0.0000 S   0  0  0  0  0  0  0  0  0  0  0  0
   -3.3958   -1.7250    0.0000 O   0  0  0  0  0  0  0  0  0  0  0  0
   -6.3167    0.3625    0.0000 N   0  0  0  0  0  0  0  0  0  0  0  0
    4.1292    2.8208    0.0000 N   0  0  0  0  0  0  0  0  0  0  0  0
    4.0250    0.8625    0.0000 N   0  0  0  0  0  0  0  0  0  0  0  0
    1.7500   -1.0375    0.0000 O   0  0  0  0  0  0  0  0  0  0  0  0
   -4.0083   -2.1417    0.0000 O   0  0  0  0  0  0  0  0  0  0  0  0
    2.4917   -0.9500    0.0000 O   0  0  0  0  0  0  0  0  0  0  0  0
   -0.1458   -1.5375    0.0000 O   0  0  0  0  0  0  0  0  0  0  0  0
   -2.6250   -0.0792    0.0000 C   0  0  0  0  0  0  0  0  0  0  0  0
   -0.8333    0.9375    0.0000 C   0  0  0  0  0  0  0  0  0  0  0  0
   -2.6708   -1.8917    0.0000 O   0  0  0  0  0  0  0  0  0  0  0  0
    0.0500    0.8500    0.0000 C   0  0  0  0  0  0  0  0  0  0  0  0
   -4.9583   -2.1250    0.0000 C   0  0  0  0  0  0  0  0  0  0  0  0
    4.7667    0.0625    0.0000 O   0  0  0  0  0  0  0  0  0  0  0  0
    4.5542    0.9833    0.0000 C   0  0  0  0  0  0  0  0  0  0  0  0
   -0.3625    1.2125    0.0000 C   0  0  0  0  0  0  0  0  0  0  0  0
   -0.7083   -1.5375    0.0000 O   0  0  0  0  0  0  0  0  0  0  0  0
    3.3375    0.2208    0.0000 C   0  0  0  0  0  0  0  0  0  0  0  0
   -5.8708   -0.4625    0.0000 N   0  0  0  0  0  0  0  0  0  0  0  0
    5.0375    2.5458    0.0000 N   0  0  0  0  0  0  0  0  0  0  0  0
   -1.5208   -1.0542    0.0000 C   0  0  0  0  0  0  0  0  0  0  0  0
    4.3375    1.8958    0.0000 N   0  0  0  0  0  0  0  0  0  0  0  0
   -6.8042   -0.4375    0.0000 N   0  0  0  0  0  0  0  0  0  0  0  0
   -4.8958   -0.9875    0.0000 C   0  0  0  0  0  0  0  0  0  0  0  0
    1.5042    0.4000    0.0000 C   0  0  0  0  0  0  0  0  0  0  0  0
    3.8667    0.3458    0.0000 C   0  0  0  0  0  0  0  0  0  0  0  0
    5.4625    0.7083    0.0000 O   0  0  0  0  0  0  0  0  0  0  0  0
    2.9625    0.6208    0.0000 C   0  0  0  0  0  0  0  0  0  0  0  0
    3.1167    1.1375    0.0000 C   0  0  0  0  0  0  0  0  0  0  0  0
   -4.9708   -2.6667    0.0000 N   0  0  0  0  0  0  0  0  0  0  0  0
    0.6417   -0.1125    0.0000 C   0  0  0  0  0  0  0  0  0  0  0  0
    3.4500    2.1833    0.0000 C   0  0  0  0  0  0  0  0  0  0  0  0
   -4.1708   -0.4875    0.0000 C   0  0  0  0  0  0  0  0  0  0  0  0
   -2.5000    0.4500    0.0000 O   0  0  0  0  0  0  0  0  0  0  0  0
    3.6542    1.2583    0.0000 C   0  0  0  0  0  0  0  0  0  0  0  0
    2.7542    1.5333    0.0000 C   0  0  0  0  0  0  0  0  0  0  0  0
    2.9167    2.0583    0.0000 C   0  0  0  0  0  0  0  0  0  0  0  0
    3.8167    1.7750    0.0000 C   0  0  0  0  0  0  0  0  0  0  0  0
    2.3792    0.5083    0.0000 C   0  0  0  0  0  0  0  0  0  0  0  0
    3.6042    2.7083    0.0000 O   0  0  0  0  0  0  0  0  0  0  0  0
    0.9125    0.3625    0.0000 O   0  0  0  0  0  0  0  0  0  0  0  0
   -4.7208   -0.4750    0.0000 C   0  0  0  0  0  0  0  0  0  0  0  0
    1.9042    0.7708    0.0000 C   0  0  0  0  0  0  0  0  0  0  0  0
   -5.8708   -1.0167    0.0000 C   0  0  0  0  0  0  0  0  0  0  0  0
    5.4042    2.1458    0.0000 C   0  0  0  0  0  0  0  0  0  0  0  0
   -5.4208   -1.8417    0.0000 C   0  0  0  0  0  0  0  0  0  0  0  0
    4.7167    1.5000    0.0000 C   0  0  0  0  0  0  0  0  0  0  0  0
    3.2375    3.1083    0.0000 C   0  0  0  0  0  0  0  0  0  0  0  0
    5.2542    1.6250    0.0000 C   0  0  0  0  0  0  0  0  0  0  0  0
   -5.4083   -1.3000    0.0000 C   0  0  0  0  0  0  0  0  0  0  0  0
  2  1  1  0
  3  8  1  0
  4  5  1  0
  5 10  1  0
  6  1  1  0
  7  3  1  0
  8  2  1  0
  9 11  1  0
 10 13  1  0
 11  4  1  0
 12 15  1  0
 13 12  1  0
 14  6  1  0
 15 19  1  0
 16 46  1  0
 17 47  1  0
 18  9  1  0
 19 25  1  0
 20  1  1  0
  6 21  1  1
 22 24  1  0
 42 23  1  1
 15 24  1  1
 25 48  1  0
 26 14  1  0
 27 22  1  0
 28  2  2  0
 29 16  2  0
 30 17  2  0
 31 53  1  0
 32  5  2  0
 33  7  2  0
 34  9  2  0
 35 12  2  0
 36 20  1  0
 37 27  1  0
 38 14  2  0
 39 22  2  0
 40  7  1  0
 41 23  2  0
 42 31  1  0
 43 39  1  0
 44 25  2  0
 45 18  1  0
 46 71  1  0
 47 72  1  0
 48 26  1  0
 49 17  1  0
 50 16  1  0
 51  3  1  0
 52  4  1  0
 53 45  1  0
 54 23  1  0
 45 55  1  1
 56 55  1  0
 57 40  1  0
 10 58  1  1
 59 64  2  0
  8 60  1  1
 36 61  1  6
 62 56  1  0
 63 56  2  0
 64 63  1  0
 65 62  2  0
 11 66  1  1
 67 59  1  0
 68 58  1  0
 69 60  1  0
 70 52  1  0
 71 77  1  0
 72 76  1  0
 40 73  1  1
 74 42  1  0
 75 67  1  0
 76 74  1  0
 77 73  1  0
 21 36  1  0
 51 69  1  0
 43 37  2  0
 66 70  1  0
 65 59  1  0
M  END
","InChI=1S/C49H75N15O12S/c1-76-31-14-12-28(13-15-31)21-29(24-57-34(47(74)75)9-3-17-56-49(53)54)59-43(70)37-10-4-18-62(37)45(72)36(27-65)61-41(68)35(23-32-7-6-20-77-32)60-40(67)25-58-42(69)39-22-30(66)26-64(39)46(73)38-11-5-19-63(38)44(71)33(50)8-2-16-55-48(51)52/h6-7,12-15,20,29-30,33-39,57,65-66H,2-5,8-11,16-19,21-27,50H2,1H3,(H,58,69)(H,59,70)(H,60,67)(H,61,68)(H,74,75)(H4,51,52,55)(H4,53,54,56)/t29-,30+,33-,34-,35-,36-,37-,38-,39-/m0/s1",IDXCXSCCZNCXCL-XMADEQCMSA-N,COc1ccc(C[C@@H](CN[C@@H](CCCNC(=N)N)C(=O)O)NC(=O)[C@@H]2CCCN2C(=O)[C@H](CO)NC(=O)[C@H](Cc2cccs2)NC(=O)CNC(=O)[C@@H]2C[C@@H](O)CN2C(=O)[C@@H]2CCCN2C(=O)[C@@H](N)CCCNC(=N)N)cc1
1380102,CHEMBL2107832,PIMASERTIB,INHIBITOR,,CHEMBL2964,Dual specificity mitogen-activated protein kinase kinase 2,Astrocytoma,pilocytic astrocytoma,1.0,1380102.0,431.2,1.65,5.0,4.0,94.48,6.0,N,0.0,431.2,2.0,23.0,0.52,C15H15FIN3O3,-1.43,84684832.0,1380102.0,108.0,1380102.0,"
     RDKit          2D

 24 25  0  0  0  0  0  0  0  0999 V2000
    0.5598   -0.0589    0.0000 C   0  0  0  0  0  0  0  0  0  0  0  0
   -0.1546   -0.4714    0.0000 C   0  0  0  0  0  0  0  0  0  0  0  0
   -0.1546   -1.2964    0.0000 C   0  0  0  0  0  0  0  0  0  0  0  0
    0.5598   -1.7089    0.0000 C   0  0  0  0  0  0  0  0  0  0  0  0
    1.2743   -1.2964    0.0000 C   0  0  0  0  0  0  0  0  0  0  0  0
    1.2743   -0.4714    0.0000 C   0  0  0  0  0  0  0  0  0  0  0  0
    0.5598   -2.5339    0.0000 N   0  0  0  0  0  0  0  0  0  0  0  0
   -0.0235   -3.1173    0.0000 C   0  0  0  0  0  0  0  0  0  0  0  0
   -0.7380   -2.7048    0.0000 C   0  0  0  0  0  0  0  0  0  0  0  0
   -1.4525   -3.1173    0.0000 N   0  0  0  0  0  0  0  0  0  0  0  0
   -1.4525   -3.9423    0.0000 C   0  0  0  0  0  0  0  0  0  0  0  0
   -0.7380   -4.3548    0.0000 C   0  0  0  0  0  0  0  0  0  0  0  0
   -0.0235   -3.9423    0.0000 C   0  0  0  0  0  0  0  0  0  0  0  0
    0.5598   -4.5257    0.0000 C   0  0  0  0  0  0  0  0  0  0  0  0
    1.1432   -3.9423    0.0000 N   0  0  0  0  0  0  0  0  0  0  0  0
    1.7265   -4.5257    0.0000 C   0  0  0  0  0  0  0  0  0  0  0  0
    2.3099   -3.9423    0.0000 C   0  0  0  0  0  0  0  0  0  0  0  0
    2.8933   -4.5257    0.0000 C   0  0  0  0  0  0  0  0  0  0  0  0
    3.4766   -3.9423    0.0000 O   0  0  0  0  0  0  0  0  0  0  0  0
    0.5598   -5.3507    0.0000 O   0  0  0  0  0  0  0  0  0  0  0  0
    1.7265   -3.3590    0.0000 O   0  0  0  0  0  0  0  0  0  0  0  0
    2.7224   -3.2279    0.0000 H   0  0  0  0  0  0  0  0  0  0  0  0
    1.9888   -1.7089    0.0000 F   0  0  0  0  0  0  0  0  0  0  0  0
    0.5598    0.7661    0.0000 I   0  0  0  0  0  0  0  0  0  0  0  0
  1  2  2  0
  2  3  1  0
  3  4  2  0
  4  5  1  0
  5  6  2  0
  1  6  1  0
  4  7  1  0
  7  8  1  0
 13  8  2  0
  9  8  1  0
  9 10  2  0
 10 11  1  0
 11 12  2  0
 12 13  1  0
 13 14  1  0
 14 15  1  0
 15 16  1  0
 16 17  1  0
 17 18  1  0
 18 19  1  0
 14 20  2  0
 17 21  1  6
 17 22  1  1
  5 23  1  0
  1 24  1  0
M  END
","InChI=1S/C15H15FIN3O3/c16-12-5-9(17)1-2-13(12)20-14-7-18-4-3-11(14)15(23)19-6-10(22)8-21/h1-5,7,10,20-22H,6,8H2,(H,19,23)/t10-/m0/s1",VIUAUNHCRHHYNE-JTQLQIEISA-N,O=C(NC[C@H](O)CO)c1ccncc1Nc1ccc(I)cc1F
1383172,CHEMBL2110732,DACOMITINIB ANHYDROUS,INHIBITOR,,CHEMBL1824,Receptor tyrosine-protein kinase erbB-2,Brain Neoplasms,brain cancer,2.0,1383172.0,469.95,5.16,6.0,2.0,79.38,7.0,N,1.0,469.95,3.0,33.0,0.47,C24H25ClFN5O2,-1.61,84862832.0,1383172.0,113.0,1383172.0,"
     RDKit          2D

 33 36  0  0  0  0  0  0  0  0999 V2000
   -4.9796    0.2500    0.0000 C   0  0  0  0  0  0  0  0  0  0  0  0
   -4.9796    1.0750    0.0000 C   0  0  0  0  0  0  0  0  0  0  0  0
   -4.2652    1.4875    0.0000 C   0  0  0  0  0  0  0  0  0  0  0  0
   -3.5507    1.0750    0.0000 C   0  0  0  0  0  0  0  0  0  0  0  0
   -3.5507    0.2500    0.0000 N   0  0  0  0  0  0  0  0  0  0  0  0
   -4.2652   -0.1625    0.0000 C   0  0  0  0  0  0  0  0  0  0  0  0
   -2.8362   -0.1625    0.0000 C   0  0  0  0  0  0  0  0  0  0  0  0
   -2.1218    0.2500    0.0000 C   0  0  0  0  0  0  0  0  0  0  0  0
   -1.4073   -0.1625    0.0000 C   0  0  0  0  0  0  0  0  0  0  0  0
   -0.6928    0.2500    0.0000 C   0  0  0  0  0  0  0  0  0  0  0  0
   -0.6928    1.0750    0.0000 O   0  0  0  0  0  0  0  0  0  0  0  0
    0.0217   -0.1625    0.0000 N   0  0  0  0  0  0  0  0  0  0  0  0
    0.7361    0.2500    0.0000 C   0  0  0  0  0  0  0  0  0  0  0  0
    1.4506    1.4875    0.0000 C   0  0  0  0  0  0  0  0  0  0  0  0
    0.7361    1.0750    0.0000 C   0  0  0  0  0  0  0  0  0  0  0  0
    1.4506   -0.1625    0.0000 C   0  0  0  0  0  0  0  0  0  0  0  0
    2.1651    0.2500    0.0000 C   0  0  0  0  0  0  0  0  0  0  0  0
    2.1651    1.0750    0.0000 C   0  0  0  0  0  0  0  0  0  0  0  0
    0.0217    1.4875    0.0000 O   0  0  0  0  0  0  0  0  0  0  0  0
    2.8795    1.4875    0.0000 N   0  0  0  0  0  0  0  0  0  0  0  0
    2.8795   -0.1625    0.0000 C   0  0  0  0  0  0  0  0  0  0  0  0
    3.5940    0.2500    0.0000 N   0  0  0  0  0  0  0  0  0  0  0  0
    3.5940    1.0750    0.0000 C   0  0  0  0  0  0  0  0  0  0  0  0
    2.8795   -0.9875    0.0000 N   0  0  0  0  0  0  0  0  0  0  0  0
    2.1651   -1.4000    0.0000 C   0  0  0  0  0  0  0  0  0  0  0  0
    2.1651   -2.2250    0.0000 C   0  0  0  0  0  0  0  0  0  0  0  0
    1.4506   -2.6375    0.0000 C   0  0  0  0  0  0  0  0  0  0  0  0
    0.7361   -2.2250    0.0000 C   0  0  0  0  0  0  0  0  0  0  0  0
    0.7361   -1.4000    0.0000 C   0  0  0  0  0  0  0  0  0  0  0  0
    1.4506   -0.9875    0.0000 C   0  0  0  0  0  0  0  0  0  0  0  0
    0.0217   -0.9875    0.0000 Cl  0  0  0  0  0  0  0  0  0  0  0  0
    0.0217   -2.6375    0.0000 F   0  0  0  0  0  0  0  0  0  0  0  0
    0.0217    2.3125    0.0000 C   0  0  0  0  0  0  0  0  0  0  0  0
  1  2  1  0
  2  3  1  0
  3  4  1  0
  4  5  1  0
  5  6  1  0
  1  6  1  0
  5  7  1  0
  7  8  1  0
  8  9  2  0
  9 10  1  0
 10 11  2  0
 10 12  1  0
 12 13  1  0
 15 13  1  0
 13 16  2  0
 14 15  2  0
 16 17  1  0
 14 18  1  0
 15 19  1  0
 20 18  1  0
 17 18  2  0
 17 21  1  0
 21 22  2  0
 22 23  1  0
 20 23  2  0
 21 24  1  0
 24 25  1  0
 25 26  1  0
 25 30  2  0
 26 27  2  0
 27 28  1  0
 28 29  2  0
 29 30  1  0
 29 31  1  0
 28 32  1  0
 19 33  1  0
M  END
","InChI=1S/C24H25ClFN5O2/c1-33-22-14-20-17(24(28-15-27-20)29-16-7-8-19(26)18(25)12-16)13-21(22)30-23(32)6-5-11-31-9-3-2-4-10-31/h5-8,12-15H,2-4,9-11H2,1H3,(H,30,32)(H,27,28,29)/b6-5+",LVXJQMNHJWSHET-AATRIKPKSA-N,COc1cc2ncnc(Nc3ccc(F)c(Cl)c3)c2cc1NC(=O)/C=C/CN1CCCCC1
1216,CHEMBL22,TRIMETHOPRIM,INHIBITOR,,CHEMBL2364669,Dihydrofolate reductase,Astrocytoma,anaplastic astrocytoma,1.0,1216.0,290.32,1.26,7.0,2.0,105.51,5.0,N,0.0,290.32,2.0,21.0,0.85,C14H18N4O3,0.07,,,,1216.0,"
     RDKit          2D

 21 22  0  0  0  0  0  0  0  0999 V2000
    7.2292   -4.3292    0.0000 N   0  0  0  0  0  0  0  0  0  0  0  0
    6.6167   -3.9750    0.0000 C   0  0  0  0  0  0  0  0  0  0  0  0
    5.9917   -4.3292    0.0000 C   0  0  0  0  0  0  0  0  0  0  0  0
    7.2292   -5.0292    0.0000 C   0  0  0  0  0  0  0  0  0  0  0  0
    3.5375   -5.0250    0.0000 C   0  0  0  0  0  0  0  0  0  0  0  0
    4.1542   -5.3792    0.0000 C   0  0  0  0  0  0  0  0  0  0  0  0
    3.5375   -4.3292    0.0000 C   0  0  0  0  0  0  0  0  0  0  0  0
    6.6042   -5.3875    0.0000 N   0  0  0  0  0  0  0  0  0  0  0  0
    4.7750   -4.3292    0.0000 C   0  0  0  0  0  0  0  0  0  0  0  0
    5.3792   -3.9667    0.0000 C   0  0  0  0  0  0  0  0  0  0  0  0
    5.9917   -5.0292    0.0000 C   0  0  0  0  0  0  0  0  0  0  0  0
    4.1625   -3.9667    0.0000 C   0  0  0  0  0  0  0  0  0  0  0  0
    4.7792   -5.0250    0.0000 C   0  0  0  0  0  0  0  0  0  0  0  0
    6.6167   -3.2625    0.0000 N   0  0  0  0  0  0  0  0  0  0  0  0
    7.8417   -5.3875    0.0000 N   0  0  0  0  0  0  0  0  0  0  0  0
    2.9167   -5.3792    0.0000 O   0  0  0  0  0  0  0  0  0  0  0  0
    4.1625   -6.1000    0.0000 O   0  0  0  0  0  0  0  0  0  0  0  0
    2.9292   -3.9750    0.0000 O   0  0  0  0  0  0  0  0  0  0  0  0
    2.3042   -5.0167    0.0000 C   0  0  0  0  0  0  0  0  0  0  0  0
    2.9250   -3.2583    0.0000 C   0  0  0  0  0  0  0  0  0  0  0  0
    3.5500   -6.4542    0.0000 C   0  0  0  0  0  0  0  0  0  0  0  0
  2  1  2  0
  3  2  1  0
  4  1  1  0
  5  6  1  0
  6 13  2  0
  7 12  1  0
  8  4  2  0
  9 10  1  0
 10  3  1  0
 11  8  1  0
 12  9  2  0
 13  9  1  0
 14  2  1  0
 15  4  1  0
 16  5  1  0
 17  6  1  0
 18  7  1  0
 19 16  1  0
 20 18  1  0
 21 17  1  0
  3 11  2  0
  7  5  2  0
M  END
","InChI=1S/C14H18N4O3/c1-19-10-5-8(6-11(20-2)12(10)21-3)4-9-7-17-14(16)18-13(9)15/h5-7H,4H2,1-3H3,(H4,15,16,17,18)",IEDVJHCEMCRBQM-UHFFFAOYSA-N,COc1cc(Cc2cnc(N)nc2N)cc(OC)c1OC
374008,CHEMBL225072,PEMETREXED,INHIBITOR,,CHEMBL1952,Thymidylate synthase,Glioma,malignant glioma,0.5,374008.0,427.42,0.67,6.0,6.0,191.26,9.0,N,1.0,427.42,3.0,31.0,0.29,C20H21N5O6,0.07,86988843.0,374008.0,1040.0,374008.0,"
     RDKit          2D

 31 33  0  0  0  0  0  0  0  0999 V2000
   47.3111   -1.1439    0.0000 C   0  0  0  0  0  0  0  0  0  0  0  0
   46.4933   -1.1245    0.0000 N   0  0  0  0  0  0  0  0  0  0  0  0
   47.7274   -0.4034    0.0000 C   0  0  0  0  0  0  0  0  0  0  0  0
   47.2966    0.2983    0.0000 C   0  0  0  0  0  0  0  0  0  0  0  0
   46.4497    0.3225    0.0000 N   0  0  0  0  0  0  0  0  0  0  0  0
   46.0335   -0.4228    0.0000 C   0  0  0  0  0  0  0  0  0  0  0  0
   47.8773   -1.7537    0.0000 N   0  0  0  0  0  0  0  0  0  0  0  0
   48.5355   -0.5873    0.0000 C   0  0  0  0  0  0  0  0  0  0  0  0
   52.8571    0.9032    0.0000 C   0  0  0  0  0  0  0  0  0  0  0  0
   53.5540    0.4580    0.0000 N   0  0  0  0  0  0  0  0  0  0  0  0
   48.6177   -1.3907    0.0000 C   0  0  0  0  0  0  0  0  0  0  0  0
   54.2607    1.6727    0.0000 C   0  0  0  0  0  0  0  0  0  0  0  0
   54.2607    0.8548    0.0000 C   0  0  0  0  0  0  0  0  0  0  0  0
   56.3949    0.3370    0.0000 C   0  0  0  0  0  0  0  0  0  0  0  0
   47.7080    1.0145    0.0000 O   0  0  0  0  0  0  0  0  0  0  0  0
   52.1167    0.4918    0.0000 C   0  0  0  0  0  0  0  0  0  0  0  0
   55.0107    2.0453    0.0000 O   0  0  0  0  0  0  0  0  0  0  0  0
   52.8426    1.7259    0.0000 O   0  0  0  0  0  0  0  0  0  0  0  0
   57.1256    0.6758    0.0000 O   0  0  0  0  0  0  0  0  0  0  0  0
   53.5685    2.1179    0.0000 O   0  0  0  0  0  0  0  0  0  0  0  0
   49.2614   -0.1953    0.0000 C   0  0  0  0  0  0  0  0  0  0  0  0
   45.2012   -0.4374    0.0000 N   0  0  0  0  0  0  0  0  0  0  0  0
   56.3464   -0.4857    0.0000 O   0  0  0  0  0  0  0  0  0  0  0  0
   54.9721    0.4145    0.0000 C   0  0  0  0  0  0  0  0  0  0  0  0
   51.4198    0.9226    0.0000 C   0  0  0  0  0  0  0  0  0  0  0  0
   52.1167   -0.3212    0.0000 C   0  0  0  0  0  0  0  0  0  0  0  0
   55.6931    0.7871    0.0000 C   0  0  0  0  0  0  0  0  0  0  0  0
   50.6988   -0.2824    0.0000 C   0  0  0  0  0  0  0  0  0  0  0  0
   49.9632   -0.6648    0.0000 C   0  0  0  0  0  0  0  0  0  0  0  0
   51.4053   -0.7180    0.0000 C   0  0  0  0  0  0  0  0  0  0  0  0
   50.6988    0.5257    0.0000 C   0  0  0  0  0  0  0  0  0  0  0  0
  2  1  1  0
  3  1  2  0
  4  3  1  0
  5  6  1  0
  6  2  2  0
  7  1  1  0
  8  3  1  0
  9 16  1  0
 10  9  1  0
 11  7  1  0
 13 12  1  6
 13 10  1  0
 14 27  1  0
 15  4  2  0
 16 26  2  0
 17 12  1  0
 18  9  2  0
 19 14  1  0
 20 12  2  0
 21  8  1  0
 22  6  1  0
 23 14  2  0
 24 13  1  0
 25 31  2  0
 26 30  1  0
 27 24  1  0
 28 29  1  0
 29 21  1  0
 30 28  2  0
 31 28  1  0
 11  8  2  0
  5  4  1  0
 16 25  1  0
M  END
","InChI=1S/C20H21N5O6/c21-20-24-16-15(18(29)25-20)12(9-22-16)6-3-10-1-4-11(5-2-10)17(28)23-13(19(30)31)7-8-14(26)27/h1-2,4-5,9,13H,3,6-8H2,(H,23,28)(H,26,27)(H,30,31)(H4,21,22,24,25,29)/t13-/m0/s1",WBXPDJSOTKVWSJ-ZDUSSCGKSA-N,Nc1nc2[nH]cc(CCc3ccc(C(=O)N[C@@H](CCC(=O)O)C(=O)O)cc3)c2c(=O)[nH]1
1503492,CHEMBL2304041,SAGOPILONE,STABILISER,,CHEMBL2095182,Tubulin,Glioblastoma,glioblastoma multiforme,2.0,1503492.0,543.73,5.46,8.0,2.0,109.25,3.0,N,2.0,543.73,2.0,38.0,0.3,C30H41NO6S,1.43,83759329.0,1503492.0,37.0,1503492.0,"
     RDKit          2D

 39 42  0  0  0  0  0  0  0  0999 V2000
    0.3792    1.9125    0.0000 O   0  0  0  0  0  0  0  0  0  0  0  0
   -0.3333    1.5000    0.0000 C   0  0  0  0  0  0  0  0  0  0  0  0
    0.3792    1.0875    0.0000 C   0  0  0  0  0  0  0  0  0  0  0  0
   -2.4792   -1.3875    0.0000 C   0  0  0  0  0  0  0  0  0  0  0  0
   -1.7625   -0.9750    0.0000 C   0  0  0  0  0  0  0  0  0  0  0  0
    4.0208    0.0083    0.0000 N   0  0  0  0  0  0  0  0  0  0  0  0
   -3.1917   -0.9750    0.0000 C   0  0  0  0  0  0  0  0  0  0  0  0
    4.0208    1.3417    0.0000 S   0  0  0  0  0  0  0  0  0  0  0  0
    4.5083    0.6750    0.0000 C   0  0  0  0  0  0  0  0  0  0  0  0
    3.2375    0.2625    0.0000 C   0  0  0  0  0  0  0  0  0  0  0  0
    0.3792   -1.3875    0.0000 C   0  0  0  0  0  0  0  0  0  0  0  0
    1.0958   -0.9750    0.0000 O   0  0  0  0  0  0  0  0  0  0  0  0
   -1.0500   -1.3875    0.0000 C   0  0  0  0  0  0  0  0  0  0  0  0
    0.3792    0.2625    0.0000 C   0  0  0  0  0  0  0  0  0  0  0  0
    1.0958   -0.1500    0.0000 C   0  0  0  0  0  0  0  0  0  0  0  0
   -0.3333   -0.9750    0.0000 C   0  0  0  0  0  0  0  0  0  0  0  0
    3.2375    1.0875    0.0000 C   0  0  0  0  0  0  0  0  0  0  0  0
   -3.1917   -0.1500    0.0000 C   0  0  0  0  0  0  0  0  0  0  0  0
    1.8083    0.2625    0.0000 C   0  0  0  0  0  0  0  0  0  0  0  0
    2.5250   -0.1500    0.0000 C   0  0  0  0  0  0  0  0  0  0  0  0
   -2.4792   -2.2125    0.0000 O   0  0  0  0  0  0  0  0  0  0  0  0
    0.3792   -2.2125    0.0000 O   0  0  0  0  0  0  0  0  0  0  0  0
    2.5250    1.5000    0.0000 C   0  0  0  0  0  0  0  0  0  0  0  0
    1.8083    1.0875    0.0000 C   0  0  0  0  0  0  0  0  0  0  0  0
   -2.4792    0.2625    0.0000 C   0  0  0  0  0  0  0  0  0  0  0  0
   -4.6208   -0.9750    0.0000 C   0  0  0  0  0  0  0  0  0  0  0  0
   -5.3375   -1.3875    0.0000 C   0  0  0  0  0  0  0  0  0  0  0  0
   -3.9083   -1.3875    0.0000 C   0  0  0  0  0  0  0  0  0  0  0  0
   -1.0500    1.0875    0.0000 C   0  0  0  0  0  0  0  0  0  0  0  0
   -3.9083    0.2625    0.0000 O   0  0  0  0  0  0  0  0  0  0  0  0
   -1.0500   -2.2125    0.0000 O   0  0  0  0  0  0  0  0  0  0  0  0
   -0.7458    2.2167    0.0000 C   0  0  0  0  0  0  0  0  0  0  0  0
   -1.0500   -0.5625    0.0000 C   0  0  0  0  0  0  0  0  0  0  0  0
   -2.4792   -0.5625    0.0000 C   0  0  0  0  0  0  0  0  0  0  0  0
    5.3333    0.6750    0.0000 C   0  0  0  0  0  0  0  0  0  0  0  0
   -1.7625    1.5000    0.0000 C   0  0  0  0  0  0  0  0  0  0  0  0
   -2.4792    1.0875    0.0000 C   0  0  0  0  0  0  0  0  0  0  0  0
   -1.7625   -0.1500    0.0000 C   0  0  0  0  0  0  0  0  0  0  0  0
    1.1453    1.3232    0.0000 H   0  0  0  0  0  0  0  0  0  0  0  0
  2  1  1  0
  3  1  1  0
  4  7  1  0
  5 13  1  0
  6 10  1  0
  7 18  1  0
  8 17  1  0
  9  6  2  0
 10 20  1  0
 11 12  1  0
 12 15  1  0
 13 16  1  0
 14  3  1  0
 15 14  1  0
 16 11  1  0
 17 23  1  0
 18 25  1  0
 15 19  1  1
 20 19  2  0
 21  4  2  0
 22 11  2  0
 23 24  2  0
 24 19  1  0
 25 37  1  0
 26 28  1  0
 27 26  2  0
  7 28  1  6
 29  2  1  0
 18 30  1  1
 13 31  1  6
  2 32  1  6
 33  5  1  0
 34  5  1  0
 35  9  1  0
 36 29  1  0
 37 36  1  0
 25 38  1  6
  3  2  1  0
 17 10  2  0
  8  9  1  0
  5  4  1  0
  3 39  1  6
M  END
","InChI=1S/C30H41NO6S/c1-7-9-20-27(34)17(2)10-8-13-30(6)25(37-30)15-22(19-11-12-23-21(14-19)31-18(3)38-23)36-26(33)16-24(32)29(4,5)28(20)35/h7,11-12,14,17,20,22,24-25,27,32,34H,1,8-10,13,15-16H2,2-6H3/t17-,20+,22-,24-,25-,27-,30+/m0/s1",BFZKMNSQCNVFGM-UCEYFQQTSA-N,C=CC[C@H]1C(=O)C(C)(C)[C@@H](O)CC(=O)O[C@H](c2ccc3sc(C)nc3c2)C[C@@H]2O[C@]2(C)CCC[C@H](C)[C@@H]1O
1525993,CHEMBL2336325,VISTUSERTIB,INHIBITOR,,CHEMBL2842,Serine/threonine-protein kinase mTOR,Glioblastoma,glioblastoma multiforme,1.0,1525993.0,462.55,2.5,8.0,1.0,92.71,4.0,N,0.0,462.55,3.0,34.0,0.63,C25H30N6O3,-1.02,,,,1525993.0,"
     RDKit          2D

 34 38  0  0  0  0  0  0  0  0999 V2000
   11.1358  -19.1765    0.0000 N   0  0  0  0  0  0  0  0  0  0  0  0
   10.4194  -19.5898    0.0000 C   0  0  0  0  0  0  0  0  0  0  0  0
   10.4222  -20.4203    0.0000 N   0  0  0  0  0  0  0  0  0  0  0  0
   11.1376  -20.8295    0.0000 C   0  0  0  0  0  0  0  0  0  0  0  0
    9.7020  -19.1792    0.0000 N   0  0  0  0  0  0  0  0  0  0  0  0
    9.7027  -18.3533    0.0000 C   0  0  0  0  0  0  0  0  0  0  0  0
    8.9917  -17.9420    0.0000 C   0  0  0  0  0  0  0  0  0  0  0  0
    8.2754  -18.3521    0.0000 O   0  0  0  0  0  0  0  0  0  0  0  0
    8.2747  -19.1780    0.0000 C   0  0  0  0  0  0  0  0  0  0  0  0
    8.9903  -19.5939    0.0000 C   0  0  0  0  0  0  0  0  0  0  0  0
   11.1401  -21.6545    0.0000 N   0  0  0  0  0  0  0  0  0  0  0  0
   10.4249  -22.0684    0.0000 C   0  0  0  0  0  0  0  0  0  0  0  0
   10.4254  -22.8898    0.0000 C   0  0  0  0  0  0  0  0  0  0  0  0
   11.1393  -23.3040    0.0000 O   0  0  0  0  0  0  0  0  0  0  0  0
   11.8544  -22.8906    0.0000 C   0  0  0  0  0  0  0  0  0  0  0  0
   11.8555  -22.0630    0.0000 C   0  0  0  0  0  0  0  0  0  0  0  0
   11.8476  -19.5870    0.0000 C   0  0  0  0  0  0  0  0  0  0  0  0
   11.8510  -20.4167    0.0000 C   0  0  0  0  0  0  0  0  0  0  0  0
   12.5702  -20.8268    0.0000 C   0  0  0  0  0  0  0  0  0  0  0  0
   13.2864  -20.4083    0.0000 C   0  0  0  0  0  0  0  0  0  0  0  0
   13.2789  -19.5754    0.0000 C   0  0  0  0  0  0  0  0  0  0  0  0
   12.5592  -19.1691    0.0000 N   0  0  0  0  0  0  0  0  0  0  0  0
   13.9869  -19.1566    0.0000 C   0  0  0  0  0  0  0  0  0  0  0  0
   14.7055  -19.5641    0.0000 C   0  0  0  0  0  0  0  0  0  0  0  0
   15.4156  -19.1457    0.0000 C   0  0  0  0  0  0  0  0  0  0  0  0
   15.4083  -18.3198    0.0000 C   0  0  0  0  0  0  0  0  0  0  0  0
   14.6850  -17.9142    0.0000 C   0  0  0  0  0  0  0  0  0  0  0  0
   13.9779  -18.3350    0.0000 C   0  0  0  0  0  0  0  0  0  0  0  0
   16.1337  -19.5519    0.0000 C   0  0  0  0  0  0  0  0  0  0  0  0
    8.9903  -20.4189    0.0000 C   0  0  0  0  0  0  0  0  0  0  0  0
   12.5229  -21.5781    0.0000 C   0  0  0  0  0  0  0  0  0  0  0  0
   16.1337  -20.3769    0.0000 O   0  0  0  0  0  0  0  0  0  0  0  0
   16.7748  -19.0328    0.0000 N   0  0  0  0  0  0  0  0  0  0  0  0
   17.4893  -19.4453    0.0000 C   0  0  0  0  0  0  0  0  0  0  0  0
 14 15  1  0
 15 16  1  0
  4 18  1  0
  5 10  1  0
 17 18  1  0
  6  7  1  0
 18 19  2  0
  7  8  1  0
 19 20  1  0
  8  9  1  0
 20 21  2  0
  9 10  1  0
 21 22  1  0
 22 17  2  0
  2  5  1  0
  5  6  1  0
  4 11  1  0
 11 12  1  0
 23 24  2  0
  1  2  2  0
 24 25  1  0
 17  1  1  0
 25 26  2  0
  2  3  1  0
 26 27  1  0
 27 28  2  0
 28 23  1  0
 21 23  1  0
  3  4  2  0
 25 29  1  0
 11 16  1  0
 12 13  1  0
 13 14  1  0
 10 30  1  1
 16 31  1  1
 29 32  2  0
 29 33  1  0
 33 34  1  0
M  END
","InChI=1S/C25H30N6O3/c1-16-14-33-11-9-30(16)23-20-7-8-21(18-5-4-6-19(13-18)24(32)26-3)27-22(20)28-25(29-23)31-10-12-34-15-17(31)2/h4-8,13,16-17H,9-12,14-15H2,1-3H3,(H,26,32)/t16-,17-/m0/s1",JUSFANSTBFGBAF-IRXDYDNUSA-N,CNC(=O)c1cccc(-c2ccc3c(N4CCOC[C@@H]4C)nc(N4CCOC[C@@H]4C)nc3n2)c1
1540483,CHEMBL2364611,GALUNISERTIB,INHIBITOR,,CHEMBL4439,TGF-beta receptor type-1,Glioblastoma,glioblastoma multiforme,2.0,1540483.0,369.43,3.51,5.0,1.0,86.69,3.0,N,0.0,369.43,4.0,28.0,0.6,C22H19N5O,-1.07,,,,1540483.0,"
     RDKit          2D

 28 32  0  0  0  0  0  0  0  0999 V2000
    2.2756   -1.3540    0.0000 C   0  0  0  0  0  0  0  0  0  0  0  0
    2.7605   -2.0215    0.0000 C   0  0  0  0  0  0  0  0  0  0  0  0
    3.5451   -1.7665    0.0000 C   0  0  0  0  0  0  0  0  0  0  0  0
    4.3298   -2.0215    0.0000 C   0  0  0  0  0  0  0  0  0  0  0  0
    4.5847   -2.8061    0.0000 C   0  0  0  0  0  0  0  0  0  0  0  0
    4.0327   -3.4192    0.0000 C   0  0  0  0  0  0  0  0  0  0  0  0
    2.6737   -3.8608    0.0000 C   0  0  0  0  0  0  0  0  0  0  0  0
    3.2257   -3.2477    0.0000 C   0  0  0  0  0  0  0  0  0  0  0  0
    1.8667   -3.6892    0.0000 C   0  0  0  0  0  0  0  0  0  0  0  0
    1.3146   -4.3023    0.0000 O   0  0  0  0  0  0  0  0  0  0  0  0
    1.6117   -2.9046    0.0000 N   0  0  0  0  0  0  0  0  0  0  0  0
    2.9286   -4.6454    0.0000 C   0  0  0  0  0  0  0  0  0  0  0  0
    3.7356   -4.8169    0.0000 C   0  0  0  0  0  0  0  0  0  0  0  0
    4.2876   -4.2038    0.0000 C   0  0  0  0  0  0  0  0  0  0  0  0
    5.0946   -4.3753    0.0000 N   0  0  0  0  0  0  0  0  0  0  0  0
    5.6466   -3.7622    0.0000 C   0  0  0  0  0  0  0  0  0  0  0  0
    5.3917   -2.9776    0.0000 C   0  0  0  0  0  0  0  0  0  0  0  0
    6.0522   -2.0685    0.0000 C   0  0  0  0  0  0  0  0  0  0  0  0
    6.8772   -2.0685    0.0000 C   0  0  0  0  0  0  0  0  0  0  0  0
    7.2897   -1.3540    0.0000 C   0  0  0  0  0  0  0  0  0  0  0  0
    7.2897    0.0749    0.0000 C   0  0  0  0  0  0  0  0  0  0  0  0
    6.8772   -0.6396    0.0000 C   0  0  0  0  0  0  0  0  0  0  0  0
    6.0522   -0.6396    0.0000 N   0  0  0  0  0  0  0  0  0  0  0  0
    4.8147   -1.3540    0.0000 C   0  0  0  0  0  0  0  0  0  0  0  0
    5.6397   -1.3540    0.0000 C   0  0  0  0  0  0  0  0  0  0  0  0
    4.3298   -0.6866    0.0000 N   0  0  0  0  0  0  0  0  0  0  0  0
    3.5451   -0.9415    0.0000 N   0  0  0  0  0  0  0  0  0  0  0  0
    2.7605   -0.6866    0.0000 C   0  0  0  0  0  0  0  0  0  0  0  0
  1  2  1  0
  1 28  1  0
  2  3  1  0
  3  4  2  0
  4  5  1  0
  5  6  1  0
  5 17  2  0
  6 14  2  0
  7  8  2  0
  7  9  1  0
  7 12  1  0
  8  6  1  0
  9 10  2  0
 11  9  1  0
 12 13  2  0
 14 13  1  0
 14 15  1  0
 15 16  2  0
 17 16  1  0
 18 19  2  0
 18 25  1  0
 20 19  1  0
 21 22  1  0
 22 20  2  0
 23 22  1  0
 24 25  1  0
 24  4  1  0
 25 23  2  0
 26 24  2  0
 27  3  1  0
 27 28  1  0
 27 26  1  0
M  END
","InChI=1S/C22H19N5O/c1-13-4-2-5-18(25-13)21-20(19-6-3-11-27(19)26-21)15-9-10-24-17-8-7-14(22(23)28)12-16(15)17/h2,4-5,7-10,12H,3,6,11H2,1H3,(H2,23,28)",IVRXNBXKWIJUQB-UHFFFAOYSA-N,Cc1cccc(-c2nn3c(c2-c2ccnc4ccc(C(N)=O)cc24)CCC3)n1
1540498,CHEMBL2364626,RALIMETINIB,INHIBITOR,,CHEMBL260,Mitogen-activated protein kinase 14,Glioblastoma,adult glioblastoma,1.0,1540498.0,420.54,5.55,5.0,2.0,85.41,3.0,N,1.0,420.54,4.0,31.0,0.45,C24H29FN6,-1.14,,,,1540498.0,"
     RDKit          2D

 31 34  0  0  0  0  0  0  0  0999 V2000
    5.7651   -0.4480    0.0000 C   0  0  0  0  0  0  0  0  0  0  0  0
    6.5497   -0.1930    0.0000 C   0  0  0  0  0  0  0  0  0  0  0  0
    5.5936   -1.2549    0.0000 C   0  0  0  0  0  0  0  0  0  0  0  0
    6.2067   -1.8070    0.0000 C   0  0  0  0  0  0  0  0  0  0  0  0
    6.0351   -2.6140    0.0000 C   0  0  0  0  0  0  0  0  0  0  0  0
    6.5872   -3.2270    0.0000 N   0  0  0  0  0  0  0  0  0  0  0  0
    5.2815   -2.9495    0.0000 C   0  0  0  0  0  0  0  0  0  0  0  0
    5.3677   -3.7700    0.0000 N   0  0  0  0  0  0  0  0  0  0  0  0
    4.5670   -1.7120    0.0000 C   0  0  0  0  0  0  0  0  0  0  0  0
    4.5670   -2.5370    0.0000 C   0  0  0  0  0  0  0  0  0  0  0  0
    3.8525   -1.2995    0.0000 C   0  0  0  0  0  0  0  0  0  0  0  0
    3.1381   -1.7120    0.0000 C   0  0  0  0  0  0  0  0  0  0  0  0
    2.3534   -1.4571    0.0000 N   0  0  0  0  0  0  0  0  0  0  0  0
    2.3534   -2.7919    0.0000 N   0  0  0  0  0  0  0  0  0  0  0  0
    3.1381   -2.5370    0.0000 C   0  0  0  0  0  0  0  0  0  0  0  0
    3.8525   -2.9495    0.0000 N   0  0  0  0  0  0  0  0  0  0  0  0
    6.9913   -1.5520    0.0000 C   0  0  0  0  0  0  0  0  0  0  0  0
    7.1628   -0.7451    0.0000 C   0  0  0  0  0  0  0  0  0  0  0  0
    6.7213    0.6139    0.0000 F   0  0  0  0  0  0  0  0  0  0  0  0
    2.6505   -4.1897    0.0000 C   0  0  0  0  0  0  0  0  0  0  0  0
    2.0985   -3.5766    0.0000 C   0  0  0  0  0  0  0  0  0  0  0  0
    3.2026   -4.8028    0.0000 C   0  0  0  0  0  0  0  0  0  0  0  0
    2.0374   -4.7417    0.0000 C   0  0  0  0  0  0  0  0  0  0  0  0
    6.5102   -4.6952    0.0000 C   0  0  0  0  0  0  0  0  0  0  0  0
    6.8458   -5.4489    0.0000 C   0  0  0  0  0  0  0  0  0  0  0  0
    7.2639   -4.3596    0.0000 C   0  0  0  0  0  0  0  0  0  0  0  0
    5.7566   -5.0308    0.0000 C   0  0  0  0  0  0  0  0  0  0  0  0
    6.1747   -3.9415    0.0000 C   0  0  0  0  0  0  0  0  0  0  0  0
    1.8685   -2.1245    0.0000 C   0  0  0  0  0  0  0  0  0  0  0  0
    1.0435   -2.1245    0.0000 N   0  0  0  0  0  0  0  0  0  0  0  0
    3.2636   -3.6376    0.0000 C   0  0  0  0  0  0  0  0  0  0  0  0
  1  2  2  0
  1  3  1  0
  2 19  1  0
  3  4  2  0
  4  5  1  0
  4 17  1  0
  5  7  2  0
  6  5  1  0
  7  8  1  0
  7 10  1  0
  8 28  1  0
  9 10  1  0
  9 11  2  0
 10 16  2  0
 12 11  1  0
 12 13  1  0
 13 29  2  0
 14 15  1  0
 15 12  2  0
 16 15  1  0
 17 18  2  0
 18  2  1  0
 20 22  1  0
 21 20  1  0
 23 20  1  0
 24 25  1  0
 24 26  1  0
 24 28  1  0
 27 24  1  0
 28  6  2  0
 29 30  1  0
 14 21  1  0
 29 14  1  0
 20 31  1  0
M  END
","InChI=1S/C24H29FN6/c1-23(2,3)13-31-20-17(28-22(31)26)12-11-16(27-20)19-18(14-7-9-15(25)10-8-14)29-21(30-19)24(4,5)6/h7-12H,13H2,1-6H3,(H2,26,28)(H,29,30)",XPPBBJCBDOEXDN-UHFFFAOYSA-N,CC(C)(C)Cn1c(N)nc2ccc(-c3[nH]c(C(C)(C)C)nc3-c3ccc(F)cc3)nc21
1570331,CHEMBL2402737,IDASANUTLIN,INHIBITOR,,CHEMBL1907611,Tumour suppressor p53/oncoprotein Mdm2,Glioblastoma,glioblastoma multiforme,1.0,1570331.0,616.49,6.94,5.0,3.0,111.45,7.0,N,2.0,616.49,3.0,42.0,0.27,C31H29Cl2F2N3O4,-0.74,,,,1570331.0,"
     RDKit          2D

 42 45  0  0  0  0  0  0  0  0999 V2000
  -12.1982    3.7955    0.0000 N   0  0  0  0  0  0  0  0  0  0  0  0
  -12.8656    3.3106    0.0000 C   0  0  0  0  0  0  0  0  0  0  0  0
  -12.6107    2.5260    0.0000 C   0  0  0  0  0  0  0  0  0  0  0  0
  -11.7857    2.5260    0.0000 C   0  0  0  0  0  0  0  0  0  0  0  0
  -11.5308    3.3106    0.0000 C   0  0  0  0  0  0  0  0  0  0  0  0
  -10.7462    3.5655    0.0000 C   0  0  0  0  0  0  0  0  0  0  0  0
  -10.5746    4.3725    0.0000 N   0  0  0  0  0  0  0  0  0  0  0  0
  -10.1331    3.0135    0.0000 O   0  0  0  0  0  0  0  0  0  0  0  0
   -9.7900    4.6274    0.0000 C   0  0  0  0  0  0  0  0  0  0  0  0
   -9.1769    4.0754    0.0000 C   0  0  0  0  0  0  0  0  0  0  0  0
   -8.3923    4.3303    0.0000 C   0  0  0  0  0  0  0  0  0  0  0  0
   -8.2208    5.1373    0.0000 C   0  0  0  0  0  0  0  0  0  0  0  0
   -8.8338    5.6894    0.0000 C   0  0  0  0  0  0  0  0  0  0  0  0
   -9.6185    5.4344    0.0000 C   0  0  0  0  0  0  0  0  0  0  0  0
   -9.3484    3.2684    0.0000 O   0  0  0  0  0  0  0  0  0  0  0  0
   -8.7651    2.6850    0.0000 C   0  0  0  0  0  0  0  0  0  0  0  0
   -7.4361    5.3922    0.0000 C   0  0  0  0  0  0  0  0  0  0  0  0
   -7.2646    6.1992    0.0000 O   0  0  0  0  0  0  0  0  0  0  0  0
   -6.8230    4.8402    0.0000 O   0  0  0  0  0  0  0  0  0  0  0  0
  -13.6503    3.5655    0.0000 C   0  0  0  0  0  0  0  0  0  0  0  0
  -13.8638    4.3624    0.0000 C   0  0  0  0  0  0  0  0  0  0  0  0
  -14.6607    4.5759    0.0000 C   0  0  0  0  0  0  0  0  0  0  0  0
  -13.2804    4.9458    0.0000 C   0  0  0  0  0  0  0  0  0  0  0  0
  -14.0773    5.1593    0.0000 C   0  0  0  0  0  0  0  0  0  0  0  0
  -13.0956    1.8586    0.0000 C   0  0  0  0  0  0  0  0  0  0  0  0
  -13.4076    2.7395    0.0000 C   0  0  0  0  0  0  0  0  0  0  0  0
  -14.2045    2.9531    0.0000 N   0  0  0  0  0  0  0  0  0  0  0  0
  -13.9161    1.9448    0.0000 C   0  0  0  0  0  0  0  0  0  0  0  0
  -14.4011    1.2774    0.0000 C   0  0  0  0  0  0  0  0  0  0  0  0
  -14.0655    0.5237    0.0000 C   0  0  0  0  0  0  0  0  0  0  0  0
  -13.2450    0.4374    0.0000 C   0  0  0  0  0  0  0  0  0  0  0  0
  -12.7601    1.1049    0.0000 C   0  0  0  0  0  0  0  0  0  0  0  0
  -11.3008    1.8586    0.0000 C   0  0  0  0  0  0  0  0  0  0  0  0
  -11.6364    1.1049    0.0000 C   0  0  0  0  0  0  0  0  0  0  0  0
  -11.1514    0.4374    0.0000 C   0  0  0  0  0  0  0  0  0  0  0  0
  -10.3309    0.5237    0.0000 C   0  0  0  0  0  0  0  0  0  0  0  0
   -9.9954    1.2774    0.0000 C   0  0  0  0  0  0  0  0  0  0  0  0
  -10.4803    1.9448    0.0000 C   0  0  0  0  0  0  0  0  0  0  0  0
  -10.1447    2.6985    0.0000 F   0  0  0  0  0  0  0  0  0  0  0  0
   -9.1749    1.3636    0.0000 Cl  0  0  0  0  0  0  0  0  0  0  0  0
  -11.9396    1.0187    0.0000 F   0  0  0  0  0  0  0  0  0  0  0  0
  -14.5504   -0.1437    0.0000 Cl  0  0  0  0  0  0  0  0  0  0  0  0
  1  2  1  0
  1  5  1  0
  2  3  1  0
  3  4  1  0
  4  5  1  0
  5  6  1  1
  6  7  1  0
  6  8  2  0
  7  9  1  0
  9 10  1  0
  9 14  2  0
 10 11  2  0
 11 12  1  0
 12 13  2  0
 13 14  1  0
 10 15  1  0
 15 16  1  0
 12 17  1  0
 17 18  2  0
 17 19  1  0
  2 20  1  6
 20 21  1  0
 21 22  1  0
 21 23  1  0
 21 24  1  0
  3 25  1  0
  3 26  1  6
 26 27  3  0
 25 28  1  0
 25 32  2  0
 28 29  2  0
 29 30  1  0
 30 31  2  0
 31 32  1  0
  4 33  1  6
 33 34  1  0
 33 38  2  0
 34 35  2  0
 35 36  1  0
 36 37  2  0
 37 38  1  0
 38 39  1  0
 37 40  1  0
 32 41  1  0
 30 42  1  0
M  END
","InChI=1S/C31H29Cl2F2N3O4/c1-30(2,3)14-24-31(15-36,19-10-9-17(32)13-21(19)34)25(18-6-5-7-20(33)26(18)35)27(38-24)28(39)37-22-11-8-16(29(40)41)12-23(22)42-4/h5-13,24-25,27,38H,14H2,1-4H3,(H,37,39)(H,40,41)/t24-,25-,27+,31-/m0/s1",TVTXCJFHQKSQQM-LJQIRTBHSA-N,COc1cc(C(=O)O)ccc1NC(=O)[C@@H]1N[C@@H](CC(C)(C)C)[C@](C#N)(c2ccc(Cl)cc2F)[C@H]1c1cccc(Cl)c1F
1570706,CHEMBL2403108,CERITINIB,INHIBITOR,,CHEMBL2111387,NPM/ALK (Nucleophosmin/ALK tyrosine kinase receptor),Glioblastoma,glioblastoma multiforme,2.0,1570706.0,558.15,6.36,8.0,3.0,105.24,9.0,N,2.0,558.15,3.0,38.0,0.28,C28H36ClN5O3S,-1.18,,,,1570706.0,"
     RDKit          2D

 38 41  0  0  0  0  0  0  0  0999 V2000
    6.6108   -9.4190    0.0000 N   0  0  0  0  0  0  0  0  0  0  0  0
    5.8963   -9.0065    0.0000 C   0  0  0  0  0  0  0  0  0  0  0  0
    5.8963   -8.1815    0.0000 C   0  0  0  0  0  0  0  0  0  0  0  0
    6.6108   -7.7690    0.0000 C   0  0  0  0  0  0  0  0  0  0  0  0
    7.3253   -6.5315    0.0000 C   0  0  0  0  0  0  0  0  0  0  0  0
    6.6108   -6.9440    0.0000 C   0  0  0  0  0  0  0  0  0  0  0  0
    8.0397   -6.9440    0.0000 C   0  0  0  0  0  0  0  0  0  0  0  0
    7.3253   -5.7065    0.0000 C   0  0  0  0  0  0  0  0  0  0  0  0
    6.6108   -5.2940    0.0000 C   0  0  0  0  0  0  0  0  0  0  0  0
    6.6108   -4.4690    0.0000 N   0  0  0  0  0  0  0  0  0  0  0  0
    5.1818   -5.2940    0.0000 O   0  0  0  0  0  0  0  0  0  0  0  0
    5.8963   -5.7065    0.0000 C   0  0  0  0  0  0  0  0  0  0  0  0
    7.3253   -8.1815    0.0000 C   0  0  0  0  0  0  0  0  0  0  0  0
    7.3253   -9.0065    0.0000 C   0  0  0  0  0  0  0  0  0  0  0  0
    5.8963   -6.5315    0.0000 C   0  0  0  0  0  0  0  0  0  0  0  0
    4.4674   -5.7065    0.0000 C   0  0  0  0  0  0  0  0  0  0  0  0
    4.4674   -6.5315    0.0000 C   0  0  0  0  0  0  0  0  0  0  0  0
    3.7529   -5.2940    0.0000 C   0  0  0  0  0  0  0  0  0  0  0  0
    4.4674   -4.0565    0.0000 C   0  0  0  0  0  0  0  0  0  0  0  0
    4.4674   -3.2315    0.0000 C   0  0  0  0  0  0  0  0  0  0  0  0
    5.8963   -3.2315    0.0000 N   0  0  0  0  0  0  0  0  0  0  0  0
    5.1818   -2.8190    0.0000 C   0  0  0  0  0  0  0  0  0  0  0  0
    5.1818   -1.9940    0.0000 N   0  0  0  0  0  0  0  0  0  0  0  0
    3.7529   -2.8190    0.0000 Cl  0  0  0  0  0  0  0  0  0  0  0  0
    5.1818   -4.4690    0.0000 N   0  0  0  0  0  0  0  0  0  0  0  0
    6.6108   -1.9940    0.0000 C   0  0  0  0  0  0  0  0  0  0  0  0
    5.8963   -1.5815    0.0000 C   0  0  0  0  0  0  0  0  0  0  0  0
    5.1818   -0.3440    0.0000 S   0  0  0  0  0  0  0  0  0  0  0  0
    5.8963   -0.7565    0.0000 C   0  0  0  0  0  0  0  0  0  0  0  0
    6.6108   -0.3440    0.0000 C   0  0  0  0  0  0  0  0  0  0  0  0
    7.3253   -0.7565    0.0000 C   0  0  0  0  0  0  0  0  0  0  0  0
    7.3253   -1.5815    0.0000 C   0  0  0  0  0  0  0  0  0  0  0  0
    5.8963   -4.0565    0.0000 C   0  0  0  0  0  0  0  0  0  0  0  0
    4.4674    0.0685    0.0000 C   0  0  0  0  0  0  0  0  0  0  0  0
    3.7529   -0.3440    0.0000 C   0  0  0  0  0  0  0  0  0  0  0  0
    4.4674    0.8935    0.0000 C   0  0  0  0  0  0  0  0  0  0  0  0
    5.5943    0.3705    0.0000 O   0  0  0  0  0  0  0  0  0  0  0  0
    4.7693   -1.0584    0.0000 O   0  0  0  0  0  0  0  0  0  0  0  0
  1  2  1  0
  2  3  1  0
  3  4  1  0
  4  6  1  0
  4 13  1  0
  5  6  1  0
  5  8  2  0
  6 15  2  0
  7  5  1  0
  9  8  1  0
  9 10  1  0
 10 33  1  0
 11 12  1  0
 11 16  1  0
 12  9  2  0
 13 14  1  0
 14  1  1  0
 15 12  1  0
 16 17  1  0
 16 18  1  0
 19 20  2  0
 20 24  1  0
 21 22  2  0
 21 33  1  0
 22 23  1  0
 22 20  1  0
 23 27  1  0
 25 19  1  0
 26 27  1  0
 26 32  2  0
 27 29  2  0
 28 29  1  0
 28 34  1  0
 29 30  1  0
 30 31  2  0
 32 31  1  0
 33 25  2  0
 34 35  1  0
 34 36  1  0
 37 28  2  0
 38 28  2  0
M  END
","InChI=1S/C28H36ClN5O3S/c1-17(2)37-25-15-21(20-10-12-30-13-11-20)19(5)14-24(25)33-28-31-16-22(29)27(34-28)32-23-8-6-7-9-26(23)38(35,36)18(3)4/h6-9,14-18,20,30H,10-13H2,1-5H3,(H2,31,32,33,34)",VERWOWGGCGHDQE-UHFFFAOYSA-N,Cc1cc(Nc2ncc(Cl)c(Nc3ccccc3S(=O)(=O)C(C)C)n2)c(OC(C)C)cc1C1CCNCC1
33576,CHEMBL24828,VANDETANIB,INHIBITOR,,CHEMBL2041,Proto-oncogene tyrosine-protein kinase receptor Ret,Astrocytoma,anaplastic astrocytoma,2.0,33576.0,475.36,4.43,5.0,1.0,62.74,5.0,N,0.0,475.36,3.0,30.0,0.59,C22H24BrFN4O2,-0.87,,,,33576.0,"
     RDKit          2D

 30 33  0  0  0  0  0  0  0  0999 V2000
   -2.9151   -3.0217    0.0000 C   0  0  0  0  0  0  0  0  0  0  0  0
   -3.6296   -3.4342    0.0000 C   0  0  0  0  0  0  0  0  0  0  0  0
   -4.3441   -3.0217    0.0000 N   0  0  0  0  0  0  0  0  0  0  0  0
   -5.0585   -3.4342    0.0000 C   0  0  0  0  0  0  0  0  0  0  0  0
   -4.3441   -2.1967    0.0000 C   0  0  0  0  0  0  0  0  0  0  0  0
   -3.6296   -1.7842    0.0000 C   0  0  0  0  0  0  0  0  0  0  0  0
   -2.9151   -2.1967    0.0000 C   0  0  0  0  0  0  0  0  0  0  0  0
   -2.2006   -1.7842    0.0000 C   0  0  0  0  0  0  0  0  0  0  0  0
   -2.2006   -0.9592    0.0000 O   0  0  0  0  0  0  0  0  0  0  0  0
   -1.4862   -0.5467    0.0000 C   0  0  0  0  0  0  0  0  0  0  0  0
   -0.7717   -0.9592    0.0000 C   0  0  0  0  0  0  0  0  0  0  0  0
   -1.4862    0.2783    0.0000 C   0  0  0  0  0  0  0  0  0  0  0  0
   -2.2006    0.6908    0.0000 O   0  0  0  0  0  0  0  0  0  0  0  0
   -2.2006    1.5158    0.0000 C   0  0  0  0  0  0  0  0  0  0  0  0
   -0.7717    0.6908    0.0000 C   0  0  0  0  0  0  0  0  0  0  0  0
   -0.0572    0.2783    0.0000 C   0  0  0  0  0  0  0  0  0  0  0  0
   -0.0572   -0.5467    0.0000 C   0  0  0  0  0  0  0  0  0  0  0  0
    0.6572   -0.9592    0.0000 N   0  0  0  0  0  0  0  0  0  0  0  0
    1.3717   -0.5467    0.0000 C   0  0  0  0  0  0  0  0  0  0  0  0
    1.3717    0.2783    0.0000 N   0  0  0  0  0  0  0  0  0  0  0  0
    0.6572    0.6908    0.0000 C   0  0  0  0  0  0  0  0  0  0  0  0
    0.6572    1.5158    0.0000 N   0  0  0  0  0  0  0  0  0  0  0  0
    1.3717    1.9283    0.0000 C   0  0  0  0  0  0  0  0  0  0  0  0
    2.0862    1.5158    0.0000 C   0  0  0  0  0  0  0  0  0  0  0  0
    2.8007    1.9283    0.0000 C   0  0  0  0  0  0  0  0  0  0  0  0
    2.8007    2.7533    0.0000 C   0  0  0  0  0  0  0  0  0  0  0  0
    3.5151    3.1658    0.0000 Br  0  0  0  0  0  0  0  0  0  0  0  0
    2.0862    3.1658    0.0000 C   0  0  0  0  0  0  0  0  0  0  0  0
    1.3717    2.7533    0.0000 C   0  0  0  0  0  0  0  0  0  0  0  0
    0.6572    3.1658    0.0000 F   0  0  0  0  0  0  0  0  0  0  0  0
  1  2  1  0
  1  7  1  0
  2  3  1  0
  4  3  1  0
  5  3  1  0
  6  5  1  0
  6  7  1  0
  8  7  1  0
  8  9  1  0
 10  9  1  0
 11 10  2  0
 12 10  1  0
 17 11  1  0
 12 13  1  0
 15 12  2  0
 14 13  1  0
 16 15  1  0
 17 16  2  0
 16 21  1  0
 17 18  1  0
 19 18  1  0
 19 20  2  0
 21 20  1  0
 21 22  2  0
 23 22  1  0
 24 23  2  0
 29 23  1  0
 25 24  1  0
 25 26  2  0
 27 26  1  0
 28 26  1  0
 28 29  2  0
 29 30  1  0
M  END
","InChI=1S/C22H24BrFN4O2/c1-28-7-5-14(6-8-28)12-30-21-11-19-16(10-20(21)29-2)22(26-13-25-19)27-18-4-3-15(23)9-17(18)24/h3-4,9-11,13-14H,5-8,12H2,1-2H3,(H,25,26,27)",UHTHHESEBZOYNR-UHFFFAOYSA-N,COc1cc2/c(=N/c3ccc(Br)cc3F)nc[nH]c2cc1OCC1CCN(C)CC1
1280,CHEMBL25,ASPIRIN,INHIBITOR,,CHEMBL2094253,Cyclooxygenase,Glioblastoma,glioblastoma multiforme,2.0,1280.0,180.16,1.31,3.0,1.0,63.6,2.0,N,0.0,180.16,1.0,13.0,0.55,C9H8O4,0.12,85281197.0,1280.0,130.0,1280.0,"
     RDKit          2D

 13 13  0  0  0  0  0  0  0  0999 V2000
   19.8052   -4.2758    0.0000 C   0  0  0  0  0  0  0  0  0  0  0  0
   19.8040   -5.0953    0.0000 C   0  0  0  0  0  0  0  0  0  0  0  0
   20.5121   -5.5043    0.0000 C   0  0  0  0  0  0  0  0  0  0  0  0
   21.2217   -5.0948    0.0000 C   0  0  0  0  0  0  0  0  0  0  0  0
   21.2189   -4.2722    0.0000 C   0  0  0  0  0  0  0  0  0  0  0  0
   20.5103   -3.8669    0.0000 C   0  0  0  0  0  0  0  0  0  0  0  0
   20.5078   -3.0497    0.0000 C   0  0  0  0  0  0  0  0  0  0  0  0
   21.2143   -2.6390    0.0000 O   0  0  0  0  0  0  0  0  0  0  0  0
   19.7989   -2.6432    0.0000 O   0  0  0  0  0  0  0  0  0  0  0  0
   21.9250   -3.8609    0.0000 O   0  0  0  0  0  0  0  0  0  0  0  0
   22.6343   -4.2668    0.0000 C   0  0  0  0  0  0  0  0  0  0  0  0
   23.3405   -3.8556    0.0000 C   0  0  0  0  0  0  0  0  0  0  0  0
   22.6374   -5.0840    0.0000 O   0  0  0  0  0  0  0  0  0  0  0  0
  1  2  2  0
  2  3  1  0
  3  4  2  0
  4  5  1  0
  5  6  2  0
  6  1  1  0
  6  7  1  0
  7  8  1  0
  7  9  2  0
  5 10  1  0
 10 11  1  0
 11 12  1  0
 11 13  2  0
M  END
","InChI=1S/C9H8O4/c1-6(10)13-8-5-3-2-4-7(8)9(11)12/h2-5H,1H3,(H,11,12)",BSYNRYMUTXBXSQ-UHFFFAOYSA-N,CC(=O)Oc1ccccc1C(=O)O
429507,CHEMBL260046,EVOFOSFAMIDE,INHIBITOR,,CHEMBL2311221,DNA,Glioblastoma,glioblastoma multiforme,2.0,429507.0,449.04,1.92,6.0,2.0,111.32,10.0,N,0.0,449.04,1.0,21.0,0.24,C9H16Br2N5O4P,-0.46,83594669.0,429507.0,1.0,429507.0,"
     RDKit          2D

 21 21  0  0  0  0  0  0  0  0999 V2000
   -6.0991    4.3848    0.0000 C   0  0  0  0  0  0  0  0  0  0  0  0
   -6.7665    3.8999    0.0000 N   0  0  0  0  0  0  0  0  0  0  0  0
   -6.5116    3.1153    0.0000 C   0  0  0  0  0  0  0  0  0  0  0  0
   -5.6866    3.1153    0.0000 N   0  0  0  0  0  0  0  0  0  0  0  0
   -5.4317    3.8999    0.0000 C   0  0  0  0  0  0  0  0  0  0  0  0
   -4.6471    4.1548    0.0000 C   0  0  0  0  0  0  0  0  0  0  0  0
   -6.9965    2.4479    0.0000 N   0  0  0  0  0  0  0  0  0  0  0  0
   -6.6610    1.6942    0.0000 O   0  0  0  0  0  0  0  0  0  0  0  0
   -7.8170    2.5341    0.0000 O   0  0  0  0  0  0  0  0  0  0  0  0
   -5.2017    2.4479    0.0000 C   0  0  0  0  0  0  0  0  0  0  0  0
   -4.0340    3.6028    0.0000 O   0  0  0  0  0  0  0  0  0  0  0  0
   -3.2493    3.8577    0.0000 P   0  0  0  0  0  0  0  0  0  0  0  0
   -2.6363    3.3057    0.0000 N   0  0  0  0  0  0  0  0  0  0  0  0
   -2.6872    4.4726    0.0000 N   0  0  0  0  0  0  0  0  0  0  0  0
   -3.6618    4.5722    0.0000 O   0  0  0  0  0  0  0  0  0  0  0  0
   -1.8622    4.4726    0.0000 C   0  0  0  0  0  0  0  0  0  0  0  0
   -1.4497    5.1871    0.0000 C   0  0  0  0  0  0  0  0  0  0  0  0
   -0.6247    5.1871    0.0000 Br  0  0  0  0  0  0  0  0  0  0  0  0
   -1.8113    3.3057    0.0000 C   0  0  0  0  0  0  0  0  0  0  0  0
   -1.3988    2.5912    0.0000 C   0  0  0  0  0  0  0  0  0  0  0  0
   -0.5738    2.5912    0.0000 Br  0  0  0  0  0  0  0  0  0  0  0  0
  1  2  1  0
  2  3  2  0
  3  4  1  0
  4  5  1  0
  1  5  2  0
  5  6  1  0
  3  7  1  0
  7  8  1  0
  7  9  2  0
  4 10  1  0
  6 11  1  0
 11 12  1  0
 12 13  1  0
 12 14  1  0
 12 15  2  0
 14 16  1  0
 16 17  1  0
 17 18  1  0
 13 19  1  0
 19 20  1  0
 20 21  1  0
M  CHG  2   7   1   8  -1
M  END","InChI=1S/C9H16Br2N5O4P/c1-15-8(6-12-9(15)16(17)18)7-20-21(19,13-4-2-10)14-5-3-11/h6H,2-5,7H2,1H3,(H2,13,14,19)",UGJWRPJDTDGERK-UHFFFAOYSA-N,Cn1c(COP(=O)(NCCBr)NCCBr)cnc1[N+](=O)[O-]
36237,CHEMBL27759,ENTINOSTAT,INHIBITOR,,CHEMBL2093865,Histone deacetylase,Glioma,central nervous system cancer,1.0,36237.0,376.42,3.34,5.0,3.0,106.34,6.0,N,0.0,376.42,3.0,28.0,0.57,C21H20N4O3,-1.26,84198923.0,36237.0,66.0,36237.0,"
     RDKit          2D

 28 30  0  0  0  0  0  0  0  0999 V2000
   -2.5042    0.6208    0.0000 C   0  0  0  0  0  0  0  0  0  0  0  0
   -3.2167    0.2083    0.0000 N   0  0  0  0  0  0  0  0  0  0  0  0
    1.7833   -1.0292    0.0000 C   0  0  0  0  0  0  0  0  0  0  0  0
   -3.9333    0.6208    0.0000 C   0  0  0  0  0  0  0  0  0  0  0  0
   -1.7875    0.2083    0.0000 C   0  0  0  0  0  0  0  0  0  0  0  0
    1.0708   -0.6167    0.0000 N   0  0  0  0  0  0  0  0  0  0  0  0
   -2.5042    1.4458    0.0000 O   0  0  0  0  0  0  0  0  0  0  0  0
    1.7833   -1.8542    0.0000 O   0  0  0  0  0  0  0  0  0  0  0  0
   -4.6458    0.2083    0.0000 C   0  0  0  0  0  0  0  0  0  0  0  0
    2.5000   -0.6167    0.0000 O   0  0  0  0  0  0  0  0  0  0  0  0
    5.3583   -0.6167    0.0000 N   0  0  0  0  0  0  0  0  0  0  0  0
   -1.0750    0.6208    0.0000 C   0  0  0  0  0  0  0  0  0  0  0  0
   -1.7875   -0.6167    0.0000 C   0  0  0  0  0  0  0  0  0  0  0  0
    3.9292   -0.6167    0.0000 C   0  0  0  0  0  0  0  0  0  0  0  0
    3.2125   -1.0292    0.0000 C   0  0  0  0  0  0  0  0  0  0  0  0
   -4.6458   -0.6167    0.0000 N   0  0  0  0  0  0  0  0  0  0  0  0
    0.3542   -1.0292    0.0000 C   0  0  0  0  0  0  0  0  0  0  0  0
   -0.3583   -0.6167    0.0000 C   0  0  0  0  0  0  0  0  0  0  0  0
   -0.3583    0.2083    0.0000 C   0  0  0  0  0  0  0  0  0  0  0  0
   -1.0750   -1.0292    0.0000 C   0  0  0  0  0  0  0  0  0  0  0  0
    4.6417   -1.0292    0.0000 C   0  0  0  0  0  0  0  0  0  0  0  0
   -3.9333    1.4458    0.0000 C   0  0  0  0  0  0  0  0  0  0  0  0
    5.3583    0.2083    0.0000 C   0  0  0  0  0  0  0  0  0  0  0  0
   -5.3625    0.6208    0.0000 C   0  0  0  0  0  0  0  0  0  0  0  0
    3.9292    0.2083    0.0000 C   0  0  0  0  0  0  0  0  0  0  0  0
    4.6417    0.6208    0.0000 C   0  0  0  0  0  0  0  0  0  0  0  0
   -4.6458    1.8583    0.0000 C   0  0  0  0  0  0  0  0  0  0  0  0
   -5.3625    1.4458    0.0000 C   0  0  0  0  0  0  0  0  0  0  0  0
  2  1  1  0
  3  6  1  0
  4  2  1  0
  5  1  1  0
  6 17  1  0
  7  1  2  0
  8  3  2  0
  9  4  2  0
 10  3  1  0
 11 21  2  0
 12  5  1  0
 13  5  2  0
 14 15  1  0
 15 10  1  0
 16  9  1  0
 17 18  1  0
 18 19  1  0
 19 12  2  0
 20 13  1  0
 21 14  1  0
 22  4  1  0
 23 26  2  0
 24  9  1  0
 25 14  2  0
 26 25  1  0
 27 22  2  0
 28 27  1  0
 18 20  2  0
 24 28  2  0
 23 11  1  0
M  END
","InChI=1S/C21H20N4O3/c22-18-5-1-2-6-19(18)25-20(26)17-9-7-15(8-10-17)13-24-21(27)28-14-16-4-3-11-23-12-16/h1-12H,13-14,22H2,(H,24,27)(H,25,26)",INVTYAOGFAGBOE-UHFFFAOYSA-N,Nc1ccccc1NC(=O)c1ccc(CNC(=O)OCc2cccnc2)cc1
30847,CHEMBL283120,AXL-1717,INHIBITOR,,CHEMBL1957,Insulin-like growth factor 1 receptor,Astrocytoma,anaplastic astrocytoma,1.0,30847.0,414.41,2.41,8.0,1.0,92.68,4.0,N,0.0,414.41,2.0,30.0,0.76,C22H22O8,1.51,86503198.0,30847.0,1030.0,30847.0,"
     RDKit          2D

 32 36  0  0  0  0  0  0  0  0999 V2000
    5.0223    1.8116    0.0000 C   0  0  0  0  0  0  0  0  0  0  0  0
    5.0205    3.4624    0.0000 C   0  0  0  0  0  0  0  0  0  0  0  0
    4.3084    2.2239    0.0000 C   0  0  0  0  0  0  0  0  0  0  0  0
    4.3050    3.0517    0.0000 C   0  0  0  0  0  0  0  0  0  0  0  0
    3.5167    3.3044    0.0000 O   0  0  0  0  0  0  0  0  0  0  0  0
    3.0328    2.6326    0.0000 C   0  0  0  0  0  0  0  0  0  0  0  0
    3.5222    1.9650    0.0000 O   0  0  0  0  0  0  0  0  0  0  0  0
    5.7350    3.0538    0.0000 C   0  0  0  0  0  0  0  0  0  0  0  0
    5.7338    2.2265    0.0000 C   0  0  0  0  0  0  0  0  0  0  0  0
    6.4458    1.8140    0.0000 C   0  0  0  0  0  0  0  0  0  0  0  0
    6.4481    3.4688    0.0000 C   0  0  0  0  0  0  0  0  0  0  0  0
    7.1647    3.0518    0.0000 C   0  0  0  0  0  0  0  0  0  0  0  0
    7.1655    2.2268    0.0000 C   0  0  0  0  0  0  0  0  0  0  0  0
    7.9504    1.9725    0.0000 C   0  0  0  0  0  0  0  0  0  0  0  0
    8.4348    2.6405    0.0000 O   0  0  0  0  0  0  0  0  0  0  0  0
    7.9491    3.3075    0.0000 C   0  0  0  0  0  0  0  0  0  0  0  0
    8.2057    1.1891    0.0000 O   0  0  0  0  0  0  0  0  0  0  0  0
    6.4423    0.9936    0.0000 C   0  0  0  0  0  0  0  0  0  0  0  0
    5.7263    0.5838    0.0000 C   0  0  0  0  0  0  0  0  0  0  0  0
    5.7242   -0.2393    0.0000 C   0  0  0  0  0  0  0  0  0  0  0  0
    6.4373   -0.6536    0.0000 C   0  0  0  0  0  0  0  0  0  0  0  0
    7.1541   -0.2388    0.0000 C   0  0  0  0  0  0  0  0  0  0  0  0
    7.1527    0.5830    0.0000 C   0  0  0  0  0  0  0  0  0  0  0  0
    7.1573    3.8782    0.0000 H   0  0  0  0  0  0  0  0  0  0  0  0
    7.8683   -0.6497    0.0000 O   0  0  0  0  0  0  0  0  0  0  0  0
    7.8694   -1.4737    0.0000 C   0  0  0  0  0  0  0  0  0  0  0  0
    6.4366   -1.4776    0.0000 O   0  0  0  0  0  0  0  0  0  0  0  0
    5.7228   -1.8889    0.0000 C   0  0  0  0  0  0  0  0  0  0  0  0
    5.0095   -0.6494    0.0000 O   0  0  0  0  0  0  0  0  0  0  0  0
    5.0073   -1.4734    0.0000 C   0  0  0  0  0  0  0  0  0  0  0  0
    7.1573    1.4065    0.0000 H   0  0  0  0  0  0  0  0  0  0  0  0
    6.4481    4.2960    0.0000 O   0  0  0  0  0  0  0  0  0  0  0  0
 13 14  1  0
 14 15  1  0
 15 16  1  0
 12 16  1  0
  7  3  1  0
 14 17  2  0
  8  9  1  0
  3  4  2  0
 18 19  2  0
  3  1  1  0
 19 20  1  0
  1  9  2  0
 20 21  2  0
 21 22  1  0
  8 11  1  0
 22 23  2  0
 23 18  1  0
 10 18  1  6
  9 10  1  0
 12 24  1  6
 10 13  1  0
 22 25  1  0
 12 11  1  0
 25 26  1  0
 12 13  1  0
 21 27  1  0
  8  2  2  0
 27 28  1  0
  2  4  1  0
 20 29  1  0
  4  5  1  0
 29 30  1  0
  5  6  1  0
 13 31  1  6
  6  7  1  0
 11 32  1  6
M  END
","InChI=1S/C22H22O8/c1-25-16-4-10(5-17(26-2)21(16)27-3)18-11-6-14-15(30-9-29-14)7-12(11)20(23)13-8-28-22(24)19(13)18/h4-7,13,18-20,23H,8-9H2,1-3H3/t13-,18+,19+,20-/m0/s1",YJGVMLPVUAXIQN-HAEOHBJNSA-N,COc1cc([C@@H]2c3cc4c(cc3[C@H](O)[C@H]3COC(=O)[C@@H]23)OCO4)cc(OC)c1OC
62111,CHEMBL288441,BOSUTINIB,INHIBITOR,,CHEMBL1862,Tyrosine-protein kinase ABL1,Glioblastoma,glioblastoma multiforme,2.0,62111.0,530.46,5.19,8.0,1.0,82.88,9.0,N,2.0,530.46,3.0,36.0,0.38,C26H29Cl2N5O3,-1.36,83890874.0,62111.0,63.0,62111.0,"
     RDKit          2D

 36 39  0  0  0  0  0  0  0  0999 V2000
    9.2187    1.5275    0.0000 C   0  0  0  0  0  0  0  0  0  0  0  0
    9.9257    1.9497    0.0000 N   0  0  0  0  0  0  0  0  0  0  0  0
    0.6754   -0.2874    0.0000 C   0  0  0  0  0  0  0  0  0  0  0  0
    0.7026   -1.1157    0.0000 N   0  0  0  0  0  0  0  0  0  0  0  0
    1.4295   -1.5006    0.0000 C   0  0  0  0  0  0  0  0  0  0  0  0
    2.1242   -1.0705    0.0000 C   0  0  0  0  0  0  0  0  0  0  0  0
    2.0986   -0.2444    0.0000 N   0  0  0  0  0  0  0  0  0  0  0  0
    1.3764    0.1482    0.0000 C   0  0  0  0  0  0  0  0  0  0  0  0
    0.0043   -1.5482    0.0000 C   0  0  0  0  0  0  0  0  0  0  0  0
    2.8010    0.1882    0.0000 C   0  0  0  0  0  0  0  0  0  0  0  0
    3.5290   -0.2011    0.0000 C   0  0  0  0  0  0  0  0  0  0  0  0
    4.2314    0.2355    0.0000 C   0  0  0  0  0  0  0  0  0  0  0  0
    4.9553   -0.1580    0.0000 O   0  0  0  0  0  0  0  0  0  0  0  0
    5.6665    0.2642    0.0000 C   0  0  0  0  0  0  0  0  0  0  0  0
    6.3815   -0.1471    0.0000 C   0  0  0  0  0  0  0  0  0  0  0  0
    6.3680    1.5016    0.0000 C   0  0  0  0  0  0  0  0  0  0  0  0
    5.6595    1.0790    0.0000 C   0  0  0  0  0  0  0  0  0  0  0  0
    4.9397    1.4872    0.0000 O   0  0  0  0  0  0  0  0  0  0  0  0
    4.2276    1.0645    0.0000 C   0  0  0  0  0  0  0  0  0  0  0  0
    7.0895    1.0945    0.0000 C   0  0  0  0  0  0  0  0  0  0  0  0
    7.0932    0.2726    0.0000 C   0  0  0  0  0  0  0  0  0  0  0  0
    7.8091   -0.1310    0.0000 N   0  0  0  0  0  0  0  0  0  0  0  0
    8.5138    0.2816    0.0000 C   0  0  0  0  0  0  0  0  0  0  0  0
    8.5074    1.1095    0.0000 C   0  0  0  0  0  0  0  0  0  0  0  0
    7.7912    1.5102    0.0000 C   0  0  0  0  0  0  0  0  0  0  0  0
    8.4958    2.7527    0.0000 C   0  0  0  0  0  0  0  0  0  0  0  0
    9.2141    2.3428    0.0000 C   0  0  0  0  0  0  0  0  0  0  0  0
    9.9241    2.7631    0.0000 C   0  0  0  0  0  0  0  0  0  0  0  0
    9.9152    3.5877    0.0000 C   0  0  0  0  0  0  0  0  0  0  0  0
    9.1926    3.9985    0.0000 C   0  0  0  0  0  0  0  0  0  0  0  0
    8.4852    3.5712    0.0000 C   0  0  0  0  0  0  0  0  0  0  0  0
    7.7653    3.9754    0.0000 Cl  0  0  0  0  0  0  0  0  0  0  0  0
   10.6440    2.3589    0.0000 O   0  0  0  0  0  0  0  0  0  0  0  0
   11.3513    2.7771    0.0000 C   0  0  0  0  0  0  0  0  0  0  0  0
   10.6264    4.0162    0.0000 Cl  0  0  0  0  0  0  0  0  0  0  0  0
    7.7842    2.3352    0.0000 N   0  0  0  0  0  0  0  0  0  0  0  0
  1  2  3  0
  3  4  1  0
  3  8  1  0
  4  5  1  0
  5  6  1  0
  6  7  1  0
  7  8  1  0
  4  9  1  0
  7 10  1  0
 10 11  1  0
 11 12  1  0
 12 13  1  0
 13 14  1  0
 14 15  2  0
 15 21  1  0
 20 16  1  0
 16 17  2  0
 17 14  1  0
 17 18  1  0
 18 19  1  0
 20 21  1  0
 21 22  2  0
 22 23  1  0
 23 24  2  0
 24 25  1  0
 25 20  2  0
 24  1  1  0
 26 27  2  0
 27 28  1  0
 28 29  2  0
 29 30  1  0
 30 31  2  0
 31 26  1  0
 31 32  1  0
 28 33  1  0
 33 34  1  0
 29 35  1  0
 25 36  1  0
 36 26  1  0
M  END
","InChI=1S/C26H29Cl2N5O3/c1-32-6-8-33(9-7-32)5-4-10-36-25-13-21-18(11-24(25)35-3)26(17(15-29)16-30-21)31-22-14-23(34-2)20(28)12-19(22)27/h11-14,16H,4-10H2,1-3H3,(H,30,31)",UBPYILGKFZZVDX-UHFFFAOYSA-N,COc1cc(Nc2c(C#N)cnc3cc(OCCCN4CCN(C)CC4)c(OC)cc23)c(Cl)cc1Cl
56713,CHEMBL289228,TIPIFARNIB,INHIBITOR,,CHEMBL2094108,Protein farnesyltransferase,Astrocytoma,cerebral astrocytoma,2.0,56713.0,489.41,5.5,5.0,1.0,65.84,4.0,N,1.0,489.41,5.0,34.0,0.36,C27H22Cl2N4O,-0.73,87639378.0,56713.0,1052.0,56713.0,"
     RDKit          2D

 34 38  0  0  1  0  0  0  0  0999 V2000
    3.4042   -2.1292    0.0000 C   0  0  0  0  0  0  0  0  0  0  0  0
    2.7917   -2.4917    0.0000 C   0  0  0  0  0  0  0  0  0  0  0  0
    3.4167   -3.5500    0.0000 N   0  0  0  0  0  0  0  0  0  0  0  0
    0.9417   -1.4375    0.0000 C   0  0  0  0  0  0  0  0  0  0  0  0
    4.0292   -3.1917    0.0000 C   0  0  0  0  0  0  0  0  0  0  0  0
    4.0292   -2.4792    0.0000 C   0  0  0  0  0  0  0  0  0  0  0  0
    2.8000   -3.2000    0.0000 C   0  0  0  0  0  0  0  0  0  0  0  0
    0.9417   -2.1417    0.0000 C   0  0  0  0  0  0  0  0  0  0  0  0
    1.5625   -2.4917    0.0000 C   0  0  0  0  0  0  0  0  0  0  0  0
    0.3167   -1.0792    0.0000 N   0  0  0  0  0  0  0  0  0  0  0  0
    2.1750   -2.1375    0.0000 C   0  0  0  0  0  0  0  0  0  0  0  0
    1.1667   -0.3167    0.0000 N   0  0  0  0  0  0  0  0  0  0  0  0
    3.4000   -1.4167    0.0000 C   0  0  0  0  0  0  0  0  0  0  0  0
    0.4625   -0.3917    0.0000 C   0  0  0  0  0  0  0  0  0  0  0  0
    1.4667   -0.9625    0.0000 C   0  0  0  0  0  0  0  0  0  0  0  0
    2.1875   -3.5542    0.0000 C   0  0  0  0  0  0  0  0  0  0  0  0
    0.3375   -2.5042    0.0000 C   0  0  0  0  0  0  0  0  0  0  0  0
    1.5625   -3.2042    0.0000 C   0  0  0  0  0  0  0  0  0  0  0  0
    4.6417   -3.5417    0.0000 O   0  0  0  0  0  0  0  0  0  0  0  0
    4.0042   -1.0542    0.0000 C   0  0  0  0  0  0  0  0  0  0  0  0
    1.5542   -1.7917    0.0000 N   0  0  0  0  0  0  0  0  0  0  0  0
   -0.2833   -2.1542    0.0000 C   0  0  0  0  0  0  0  0  0  0  0  0
    0.3417   -3.2125    0.0000 C   0  0  0  0  0  0  0  0  0  0  0  0
    4.0042   -0.3417    0.0000 C   0  0  0  0  0  0  0  0  0  0  0  0
    3.4292   -4.2667    0.0000 C   0  0  0  0  0  0  0  0  0  0  0  0
   -0.8875   -3.2167    0.0000 C   0  0  0  0  0  0  0  0  0  0  0  0
   -0.2708   -3.5750    0.0000 C   0  0  0  0  0  0  0  0  0  0  0  0
   -0.8958   -2.5125    0.0000 C   0  0  0  0  0  0  0  0  0  0  0  0
    4.6292    0.0208    0.0000 Cl  0  0  0  0  0  0  0  0  0  0  0  0
   -1.5125   -3.5792    0.0000 Cl  0  0  0  0  0  0  0  0  0  0  0  0
   -0.3333   -1.3667    0.0000 C   0  0  0  0  0  0  0  0  0  0  0  0
    2.7792   -1.0625    0.0000 C   0  0  0  0  0  0  0  0  0  0  0  0
    2.7750   -0.3542    0.0000 C   0  0  0  0  0  0  0  0  0  0  0  0
    3.3875    0.0083    0.0000 C   0  0  0  0  0  0  0  0  0  0  0  0
  2  1  1  0
  3  5  1  0
  4  8  1  0
  5  6  1  0
  6  1  2  0
  7  2  2  0
  8  9  1  0
  9 11  2  0
 10  4  1  0
 11  2  1  0
 12 15  1  0
 13  1  1  0
 14 10  1  0
 15  4  2  0
 16  7  1  0
 17  8  1  0
 18  9  1  0
 19  5  2  0
 20 13  1  0
  8 21  1  1
 22 17  2  0
 23 17  1  0
 24 20  2  0
 25  3  1  0
 26 27  1  0
 27 23  2  0
 28 22  1  0
 29 24  1  0
 30 26  1  0
 31 10  1  0
 32 13  2  0
 33 32  1  0
 34 33  2  0
  7  3  1  0
 24 34  1  0
 16 18  2  0
 28 26  2  0
 14 12  2  0
M  END
","InChI=1S/C27H22Cl2N4O/c1-32-16-31-15-25(32)27(30,18-6-9-20(28)10-7-18)19-8-11-24-23(13-19)22(14-26(34)33(24)2)17-4-3-5-21(29)12-17/h3-16H,30H2,1-2H3/t27-/m1/s1",PLHJCIYEEKOWNM-HHHXNRCGSA-N,Cn1cncc1[C@@](N)(c1ccc(Cl)cc1)c1ccc2c(c1)c(-c1cccc(Cl)c1)cc(=O)n2C
54547,CHEMBL289469,GRANISETRON,ANTAGONIST,,CHEMBL1899,5-hydroxytryptamine receptor 3A,Glioma,malignant glioma,2.0,54547.0,312.42,2.32,4.0,1.0,50.16,2.0,N,0.0,312.42,2.0,23.0,0.93,C18H24N4O,-1.06,,,,54547.0,"
     RDKit          2D

 23 26  0  0  1  0  0  0  0  0999 V2000
    1.0803   -8.6470    0.0000 C   0  0  0  0  0  0  0  0  0  0  0  0
    1.5695   -9.3106    0.0000 N   0  0  0  0  0  0  0  0  0  0  0  0
    1.0851   -9.9791    0.0000 N   0  0  0  0  0  0  0  0  0  0  0  0
    0.2955   -8.9086    0.0000 C   0  0  0  0  0  0  0  0  0  0  0  0
    1.0996   -7.8235    0.0000 C   0  0  0  0  0  0  0  0  0  0  0  0
    2.3737   -4.6892    0.0000 N   0  0  0  0  0  0  0  0  0  0  0  0
    0.3003   -9.7321    0.0000 C   0  0  0  0  0  0  0  0  0  0  0  0
    1.8215   -7.4263    0.0000 N   0  0  0  0  0  0  0  0  0  0  0  0
    2.7370   -5.4013    0.0000 C   0  0  0  0  0  0  0  0  0  0  0  0
    2.1896   -5.3530    0.0000 C   0  0  0  0  0  0  0  0  0  0  0  0
    1.8262   -6.6028    0.0000 C   0  0  0  0  0  0  0  0  0  0  0  0
    1.9765   -5.9730    0.0000 C   0  0  0  0  0  0  0  0  0  0  0  0
    1.4582   -5.8954    0.0000 C   0  0  0  0  0  0  0  0  0  0  0  0
    0.3924   -7.4021    0.0000 O   0  0  0  0  0  0  0  0  0  0  0  0
    1.3467  -10.7639    0.0000 C   0  0  0  0  0  0  0  0  0  0  0  0
   -0.4166   -8.4920    0.0000 C   0  0  0  0  0  0  0  0  0  0  0  0
    2.3592   -3.8657    0.0000 C   0  0  0  0  0  0  0  0  0  0  0  0
   -0.4166  -10.1439    0.0000 C   0  0  0  0  0  0  0  0  0  0  0  0
    2.7952   -6.0796    0.0000 C   0  0  0  0  0  0  0  0  0  0  0  0
    3.3474   -6.1619    0.0000 C   0  0  0  0  0  0  0  0  0  0  0  0
    2.8048   -6.7772    0.0000 C   0  0  0  0  0  0  0  0  0  0  0  0
   -1.1287   -8.9086    0.0000 C   0  0  0  0  0  0  0  0  0  0  0  0
   -1.1287   -9.7273    0.0000 C   0  0  0  0  0  0  0  0  0  0  0  0
  2  1  2  0
  3  2  1  0
  4  1  1  0
  5  1  1  0
 10  6  1  0
  7  4  2  0
  8  5  1  0
 10 13  1  0
 11  8  1  0
 12 11  1  0
 13 11  1  0
 14  5  2  0
 15  3  1  0
 16  4  1  0
 17  6  1  0
 18  7  1  0
 10 19  1  0
  9 20  1  0
 21 19  1  0
 22 16  2  0
 23 18  2  0
  3  7  1  0
 23 22  1  0
  9  6  1  0
 21 20  1  0
  9 12  1  0
M  END
","InChI=1S/C18H24N4O/c1-21-13-6-5-7-14(21)11-12(10-13)19-18(23)17-15-8-3-4-9-16(15)22(2)20-17/h3-4,8-9,12-14H,5-7,10-11H2,1-2H3,(H,19,23)",MFWNKCLOYSRHCJ-UHFFFAOYSA-N,CN1C2CCCC1CC(NC(=O)c1nn(C)c3ccccc13)C2
84655,CHEMBL298734,LONAFARNIB,INHIBITOR,,CHEMBL2094108,Protein farnesyltransferase,Astrocytoma,anaplastic astrocytoma,1.0,84655.0,638.83,5.91,3.0,1.0,79.53,3.0,N,2.0,638.83,2.0,36.0,0.45,C27H31Br2ClN4O2,-0.49,,,,84655.0,"
     RDKit          2D

 36 40  0  0  1  0  0  0  0  0999 V2000
   -1.1250   -1.2042    0.0000 C   0  0  0  0  0  0  0  0  0  0  0  0
   -1.6750   -0.7667    0.0000 C   0  0  0  0  0  0  0  0  0  0  0  0
   -1.1208   -1.9167    0.0000 C   0  0  0  0  0  0  0  0  0  0  0  0
   -0.4583   -2.1667    0.0000 N   0  0  0  0  0  0  0  0  0  0  0  0
    4.4042    1.2083    0.0000 C   0  0  0  0  0  0  0  0  0  0  0  0
   -1.4708   -0.0917    0.0000 C   0  0  0  0  0  0  0  0  0  0  0  0
   -2.3625   -0.9292    0.0000 C   0  0  0  0  0  0  0  0  0  0  0  0
    3.7792    0.8708    0.0000 N   0  0  0  0  0  0  0  0  0  0  0  0
    0.7042   -0.1542    0.0000 N   0  0  0  0  0  0  0  0  0  0  0  0
    1.3292    0.1958    0.0000 C   0  0  0  0  0  0  0  0  0  0  0  0
   -1.6708   -2.3542    0.0000 C   0  0  0  0  0  0  0  0  0  0  0  0
   -1.9583    0.4333    0.0000 C   0  0  0  0  0  0  0  0  0  0  0  0
   -0.5125   -0.8500    0.0000 C   0  0  0  0  0  0  0  0  0  0  0  0
   -2.8458   -0.4125    0.0000 C   0  0  0  0  0  0  0  0  0  0  0  0
   -2.6375    0.2625    0.0000 C   0  0  0  0  0  0  0  0  0  0  0  0
    1.9375   -0.1542    0.0000 C   0  0  0  0  0  0  0  0  0  0  0  0
   -2.6708   -1.5667    0.0000 C   0  0  0  0  0  0  0  0  0  0  0  0
    5.0042    0.8458    0.0000 O   0  0  0  0  0  0  0  0  0  0  0  0
    0.0917    0.2000    0.0000 C   0  0  0  0  0  0  0  0  0  0  0  0
    0.7125   -0.8417    0.0000 C   0  0  0  0  0  0  0  0  0  0  0  0
   -1.5708   -3.0625    0.0000 C   0  0  0  0  0  0  0  0  0  0  0  0
    1.3375    0.9000    0.0000 O   0  0  0  0  0  0  0  0  0  0  0  0
    3.1750    1.2333    0.0000 C   0  0  0  0  0  0  0  0  0  0  0  0
    3.7792    0.1708    0.0000 C   0  0  0  0  0  0  0  0  0  0  0  0
   -2.3625   -2.2042    0.0000 C   0  0  0  0  0  0  0  0  0  0  0  0
    4.4250    1.9125    0.0000 N   0  0  0  0  0  0  0  0  0  0  0  0
   -0.3500   -2.8667    0.0000 C   0  0  0  0  0  0  0  0  0  0  0  0
   -0.5208   -0.1500    0.0000 C   0  0  0  0  0  0  0  0  0  0  0  0
    0.1000   -1.2042    0.0000 C   0  0  0  0  0  0  0  0  0  0  0  0
   -0.7708    0.0625    0.0000 Br  0  0  0  0  0  0  0  0  0  0  0  0
   -0.9083   -3.3167    0.0000 C   0  0  0  0  0  0  0  0  0  0  0  0
    2.5542    0.1833    0.0000 C   0  0  0  0  0  0  0  0  0  0  0  0
   -3.1250    0.7833    0.0000 Cl  0  0  0  0  0  0  0  0  0  0  0  0
    3.1625   -0.1750    0.0000 C   0  0  0  0  0  0  0  0  0  0  0  0
    2.5625    0.8875    0.0000 C   0  0  0  0  0  0  0  0  0  0  0  0
   -0.8083   -4.0250    0.0000 Br  0  0  0  0  0  0  0  0  0  0  0  0
  2  1  1  0
  3  1  1  0
  4  3  1  0
  5  8  1  0
  6  2  1  0
  7  2  2  0
  8 23  1  0
  9 20  1  0
 10  9  1  0
 11  3  2  0
 12  6  2  0
  1 13  1  1
 14  7  1  0
 15 14  2  0
 16 10  1  0
 17  7  1  0
 18  5  2  0
 19 28  1  0
 20 29  1  0
 21 11  1  0
 22 10  2  0
 23 35  1  0
 24 34  1  0
 25 11  1  0
 26  5  1  0
 27  4  2  0
 28 13  1  0
 29 13  1  0
 30  6  1  0
 31 21  2  0
 32 16  1  0
 33 15  1  0
 34 32  1  0
 35 32  1  0
 36 31  1  0
  9 19  1  0
 17 25  1  0
 27 31  1  0
 12 15  1  0
 24  8  1  0
M  END
","InChI=1S/C27H31Br2ClN4O2/c28-20-12-19-2-1-18-13-21(30)14-22(29)24(18)25(26(19)32-15-20)17-5-9-33(10-6-17)23(35)11-16-3-7-34(8-4-16)27(31)36/h12-17,25H,1-11H2,(H2,31,36)/t25-/m1/s1",DHMTURDWPRKSOA-RUZDIDTESA-N,NC(=O)N1CCC(CC(=O)N2CCC([C@H]3c4ncc(Br)cc4CCc4cc(Cl)cc(Br)c43)CC2)CC1
83217,CHEMBL300138,ENZASTAURIN,INHIBITOR,,CHEMBL3045,Protein kinase C beta type,Glioblastoma,glioblastoma multiforme,3.0,83217.0,515.62,4.93,6.0,1.0,72.16,5.0,N,1.0,515.62,5.0,39.0,0.34,C32H29N5O2,-0.79,85337662.0,83217.0,133.0,83217.0,"
     RDKit          2D

 39 45  0  0  0  0  0  0  0  0999 V2000
   -3.4854   -3.3170    0.0000 N   0  0  0  0  0  0  0  0  0  0  0  0
   -4.1528   -3.8020    0.0000 C   0  0  0  0  0  0  0  0  0  0  0  0
   -4.0666   -4.6225    0.0000 C   0  0  0  0  0  0  0  0  0  0  0  0
   -3.3129   -4.9580    0.0000 C   0  0  0  0  0  0  0  0  0  0  0  0
   -2.6455   -4.4731    0.0000 C   0  0  0  0  0  0  0  0  0  0  0  0
   -2.7317   -3.6526    0.0000 C   0  0  0  0  0  0  0  0  0  0  0  0
   -2.9042   -2.0116    0.0000 C   0  0  0  0  0  0  0  0  0  0  0  0
   -2.1505   -2.3472    0.0000 N   0  0  0  0  0  0  0  0  0  0  0  0
   -2.0643   -3.1677    0.0000 C   0  0  0  0  0  0  0  0  0  0  0  0
   -2.3230   -0.7062    0.0000 C   0  0  0  0  0  0  0  0  0  0  0  0
   -2.9904   -1.1911    0.0000 C   0  0  0  0  0  0  0  0  0  0  0  0
   -1.4831   -1.8622    0.0000 C   0  0  0  0  0  0  0  0  0  0  0  0
   -1.5693   -1.0417    0.0000 C   0  0  0  0  0  0  0  0  0  0  0  0
   -3.1629    0.4499    0.0000 C   0  0  0  0  0  0  0  0  0  0  0  0
   -2.4093    0.1143    0.0000 N   0  0  0  0  0  0  0  0  0  0  0  0
   -3.0767    1.2703    0.0000 C   0  0  0  0  0  0  0  0  0  0  0  0
   -2.2697    1.4419    0.0000 C   0  0  0  0  0  0  0  0  0  0  0  0
   -1.8572    0.7274    0.0000 C   0  0  0  0  0  0  0  0  0  0  0  0
   -3.9166    0.1143    0.0000 C   0  0  0  0  0  0  0  0  0  0  0  0
   -4.5841    0.5992    0.0000 C   0  0  0  0  0  0  0  0  0  0  0  0
   -4.4978    1.4197    0.0000 C   0  0  0  0  0  0  0  0  0  0  0  0
   -3.7442    1.7553    0.0000 C   0  0  0  0  0  0  0  0  0  0  0  0
   -1.0322    0.7274    0.0000 C   0  0  0  0  0  0  0  0  0  0  0  0
   -0.6197    1.4419    0.0000 C   0  0  0  0  0  0  0  0  0  0  0  0
   -1.0322    2.1563    0.0000 C   0  0  0  0  0  0  0  0  0  0  0  0
   -1.8572    2.1563    0.0000 C   0  0  0  0  0  0  0  0  0  0  0  0
   -2.1121    2.9409    0.0000 C   0  0  0  0  0  0  0  0  0  0  0  0
   -1.4447    3.4258    0.0000 N   0  0  0  0  0  0  0  0  0  0  0  0
   -0.7773    2.9410    0.0000 C   0  0  0  0  0  0  0  0  0  0  0  0
   -0.4802    0.1143    0.0000 N   0  0  0  0  0  0  0  0  0  0  0  0
    0.2735    0.4498    0.0000 C   0  0  0  0  0  0  0  0  0  0  0  0
    0.1873    1.2703    0.0000 C   0  0  0  0  0  0  0  0  0  0  0  0
   -0.6518   -0.6926    0.0000 C   0  0  0  0  0  0  0  0  0  0  0  0
    1.0271    0.1142    0.0000 C   0  0  0  0  0  0  0  0  0  0  0  0
    1.6946    0.5991    0.0000 C   0  0  0  0  0  0  0  0  0  0  0  0
    1.6084    1.4196    0.0000 C   0  0  0  0  0  0  0  0  0  0  0  0
    0.8547    1.7552    0.0000 C   0  0  0  0  0  0  0  0  0  0  0  0
   -2.8658    3.2765    0.0000 O   0  0  0  0  0  0  0  0  0  0  0  0
   -0.0236    3.2765    0.0000 O   0  0  0  0  0  0  0  0  0  0  0  0
  1  2  1  0
  2  3  2  0
  3  4  1  0
  4  5  2  0
  5  6  1  0
  1  6  2  0
  7  8  1  0
  8  9  1  0
  6  9  1  0
 10 11  1  0
 12 13  1  0
 10 13  1  0
 11  7  1  0
  8 12  1  0
 14 15  1  0
 10 15  1  0
 16 17  1  0
 17 18  2  0
 14 16  2  0
 15 18  1  0
 19 20  2  0
 20 21  1  0
 21 22  2  0
 14 19  1  0
 16 22  1  0
 23 24  2  0
 24 25  1  0
 25 26  2  0
 17 26  1  0
 27 28  1  0
 28 29  1  0
 25 29  1  0
 26 27  1  0
 30 31  1  0
 31 32  2  0
 23 30  1  0
 24 32  1  0
 30 33  1  0
 34 35  2  0
 35 36  1  0
 36 37  2  0
 31 34  1  0
 32 37  1  0
 27 38  2  0
 29 39  2  0
M  END","InChI=1S/C32H29N5O2/c1-35-19-25(23-9-2-4-11-27(23)35)29-30(32(39)34-31(29)38)26-20-37(28-12-5-3-10-24(26)28)22-13-16-36(17-14-22)18-21-8-6-7-15-33-21/h2-12,15,19-20,22H,13-14,16-18H2,1H3,(H,34,38,39)",AXRCEOKUDYDWLF-UHFFFAOYSA-N,Cn1cc(C2=C(c3cn(C4CCN(Cc5ccccn5)CC4)c4ccccc34)C(=O)NC2=O)c2ccccc21
115554,CHEMBL306823,SODIUM DICHLOROACETATE,INHIBITOR,,CHEMBL2096665,Pyruvate dehydrogenase kinase,Glioblastoma,glioblastoma multiforme,2.0,115554.0,150.92,,,,,,,,150.92,,,,C2HCl2NaO2,,83591759.0,115554.0,1.0,115554.0,"
     RDKit          2D

  7  5  0  0  0  0  0  0  0  0999 V2000
    2.9792   -1.2917    0.0000 Na  0  0  0  0  0 15  0  0  0  0  0  0
   -1.2833    0.1333    0.0000 C   0  0  0  0  0  0  0  0  0  0  0  0
   -2.7083    0.1333    0.0000 C   0  0  0  0  0  0  0  0  0  0  0  0
   -0.5500   -1.1042    0.0000 O   0  0  0  0  0  0  0  0  0  0  0  0
   -0.6083    1.3958    0.0000 O   0  0  0  0  0  0  0  0  0  0  0  0
   -3.4208   -1.1167    0.0000 Cl  0  0  0  0  0  0  0  0  0  0  0  0
   -3.4833    1.3333    0.0000 Cl  0  0  0  0  0  0  0  0  0  0  0  0
  3  2  1  0
  4  2  1  0
  5  2  2  0
  6  3  1  0
  7  3  1  0
M  CHG  2   1   1   4  -1
M  END
","InChI=1S/C2H2Cl2O2.Na/c3-1(4)2(5)6;/h1H,(H,5,6);/q;+1/p-1",LUPNKHXLFSSUGS-UHFFFAOYSA-M,O=C([O-])C(Cl)Cl.[Na+]
1626751,CHEMBL3137320,TALAZOPARIB,INHIBITOR,,CHEMBL3105,Poly [ADP-ribose] polymerase 1,Glioblastoma,glioblastoma multiforme,2.0,1626751.0,380.36,2.63,6.0,2.0,88.49,2.0,N,0.0,380.36,4.0,28.0,0.56,C19H14F2N6O,-1.16,,,,1626751.0,"
     RDKit          2D

 28 32  0  0  0  0  0  0  0  0999 V2000
    3.6923   -6.4688    0.0000 F   0  0  0  0  0  0  0  0  0  0  0  0
    3.6923   -5.6438    0.0000 C   0  0  0  0  0  0  0  0  0  0  0  0
    4.4068   -5.2313    0.0000 C   0  0  0  0  0  0  0  0  0  0  0  0
    3.6923   -3.9938    0.0000 C   0  0  0  0  0  0  0  0  0  0  0  0
    4.4068   -4.4063    0.0000 C   0  0  0  0  0  0  0  0  0  0  0  0
    2.9778   -5.2313    0.0000 C   0  0  0  0  0  0  0  0  0  0  0  0
    2.9778   -4.4063    0.0000 C   0  0  0  0  0  0  0  0  0  0  0  0
    2.9778   -2.7563    0.0000 C   0  0  0  0  0  0  0  0  0  0  0  0
    1.5097   -2.8333    0.0000 N   0  0  0  0  0  0  0  0  0  0  0  0
    2.2634   -3.1688    0.0000 C   0  0  0  0  0  0  0  0  0  0  0  0
    2.1771   -3.9893    0.0000 N   0  0  0  0  0  0  0  0  0  0  0  0
    2.2634   -1.5188    0.0000 N   0  0  0  0  0  0  0  0  0  0  0  0
    2.9778   -1.9313    0.0000 C   0  0  0  0  0  0  0  0  0  0  0  0
    2.9778   -0.2813    0.0000 C   0  0  0  0  0  0  0  0  0  0  0  0
    3.6923   -0.6938    0.0000 C   0  0  0  0  0  0  0  0  0  0  0  0
    2.2634   -0.6938    0.0000 N   0  0  0  0  0  0  0  0  0  0  0  0
    2.9778    0.5437    0.0000 O   0  0  0  0  0  0  0  0  0  0  0  0
    4.4068   -0.2813    0.0000 C   0  0  0  0  0  0  0  0  0  0  0  0
    5.1213   -0.6938    0.0000 C   0  0  0  0  0  0  0  0  0  0  0  0
    5.8357   -0.2813    0.0000 F   0  0  0  0  0  0  0  0  0  0  0  0
    5.1213   -1.5188    0.0000 C   0  0  0  0  0  0  0  0  0  0  0  0
    4.4068   -1.9313    0.0000 C   0  0  0  0  0  0  0  0  0  0  0  0
    4.4068   -2.7563    0.0000 N   0  0  0  0  0  0  0  0  0  0  0  0
    3.6923   -1.5188    0.0000 C   0  0  0  0  0  0  0  0  0  0  0  0
    3.6923   -3.1688    0.0000 C   0  0  0  0  0  0  0  0  0  0  0  0
    1.3702   -4.1608    0.0000 C   0  0  0  0  0  0  0  0  0  0  0  0
    0.9577   -3.4464    0.0000 N   0  0  0  0  0  0  0  0  0  0  0  0
    1.3382   -2.0263    0.0000 C   0  0  0  0  0  0  0  0  0  0  0  0
  1  2  1  0
  2  6  2  0
  3  2  1  0
  3  5  2  0
  4  5  1  0
 25  4  1  6
  6  7  1  0
  7  4  2  0
  8 10  1  1
  8 25  1  0
  9 10  1  0
  9 28  1  0
  9 27  1  0
 10 11  2  0
 12 13  2  0
 13 24  1  0
 13  8  1  0
 14 15  1  0
 14 17  2  0
 15 18  2  0
 15 24  1  0
 16 14  1  0
 16 12  1  0
 19 18  1  0
 19 20  1  0
 21 19  2  0
 22 23  1  0
 22 21  1  0
 24 22  2  0
 25 23  1  0
 26 11  1  0
 27 26  2  0
M  END
","InChI=1S/C19H14F2N6O/c1-27-18(22-8-23-27)15-16(9-2-4-10(20)5-3-9)24-13-7-11(21)6-12-14(13)17(15)25-26-19(12)28/h2-8,15-16,24H,1H3,(H,26,28)/t15-,16-/m1/s1",HWGQMRYQVZSGDQ-HZPDHXFCSA-N,Cn1ncnc1[C@H]1c2n[nH]c(=O)c3cc(F)cc(c23)N[C@@H]1c1ccc(F)cc1
1626753,CHEMBL3137322,DIANHYDROGALACTITOL,CROSS-LINKING AGENT,,CHEMBL2311221,DNA,Brain Neoplasms,brain cancer,3.0,1626753.0,146.14,-1.49,4.0,2.0,65.52,3.0,N,0.0,146.14,0.0,10.0,0.48,C6H10O4,1.04,83759993.0,1626753.0,37.0,1626753.0,"
     RDKit          2D

 12 13  0  0  0  0  0  0  0  0999 V2000
    2.4775   -2.2836    0.0000 C   0  0  0  0  0  0  0  0  0  0  0  0
    2.8900   -2.9980    0.0000 O   0  0  0  0  0  0  0  0  0  0  0  0
    2.4775   -1.4586    0.0000 C   0  0  0  0  0  0  0  0  0  0  0  0
    1.7630   -1.0461    0.0000 C   0  0  0  0  0  0  0  0  0  0  0  0
    1.7630   -0.2211    0.0000 C   0  0  0  0  0  0  0  0  0  0  0  0
    1.3505    0.4934    0.0000 C   0  0  0  0  0  0  0  0  0  0  0  0
    2.1755    0.4934    0.0000 O   0  0  0  0  0  0  0  0  0  0  0  0
    2.0650   -2.9980    0.0000 C   0  0  0  0  0  0  0  0  0  0  0  0
    3.1533   -1.8104    0.0000 H   0  0  0  0  0  0  0  0  0  0  0  0
    3.1919   -1.0461    0.0000 O   0  0  0  0  0  0  0  0  0  0  0  0
    1.0872   -0.6943    0.0000 H   0  0  0  0  0  0  0  0  0  0  0  0
    1.0485   -1.4586    0.0000 O   0  0  0  0  0  0  0  0  0  0  0  0
  1  2  1  0
  1  8  1  0
  3  4  1  0
  1  3  1  0
  4  5  1  0
  5  6  1  0
  6  7  1  0
  7  5  1  0
  8  2  1  0
  1  9  1  1
  3 10  1  1
  5 11  1  1
  4 12  1  6
M  END
","InChI=1S/C6H10O4/c7-5(3-1-9-3)6(8)4-2-10-4/h3-8H,1-2H2/t3-,4+,5+,6-",AAFJXZWCNVJTMK-GUCUJZIJSA-N,O[C@H]([C@H](O)[C@@H]1CO1)[C@H]1CO1
1626762,CHEMBL3137331,DEFACTINIB,INHIBITOR,,CHEMBL2695,Focal adhesion kinase 1,Glioblastoma,glioblastoma multiforme,0.5,1626762.0,510.5,2.4,9.0,3.0,142.1,8.0,N,1.0,510.5,3.0,35.0,0.42,C20H21F3N8O3S,-1.45,87939259.0,1626762.0,1064.0,1626762.0,"
     RDKit          2D

 35 37  0  0  0  0  0  0  0  0999 V2000
    7.7145   -5.5651    0.0000 C   0  0  0  0  0  0  0  0  0  0  0  0
    7.0000   -5.9776    0.0000 C   0  0  0  0  0  0  0  0  0  0  0  0
    6.2855   -5.5651    0.0000 N   0  0  0  0  0  0  0  0  0  0  0  0
    7.7145   -4.7401    0.0000 N   0  0  0  0  0  0  0  0  0  0  0  0
    7.0000   -4.3276    0.0000 C   0  0  0  0  0  0  0  0  0  0  0  0
    6.2855   -4.7401    0.0000 C   0  0  0  0  0  0  0  0  0  0  0  0
    4.8566   -4.7401    0.0000 N   0  0  0  0  0  0  0  0  0  0  0  0
    5.5710   -4.3276    0.0000 C   0  0  0  0  0  0  0  0  0  0  0  0
    7.0000   -3.5026    0.0000 N   0  0  0  0  0  0  0  0  0  0  0  0
    1.9987   -4.7401    0.0000 N   0  0  0  0  0  0  0  0  0  0  0  0
    1.2842   -4.3276    0.0000 C   0  0  0  0  0  0  0  0  0  0  0  0
    1.2842   -3.5026    0.0000 C   0  0  0  0  0  0  0  0  0  0  0  0
    0.5697   -3.0901    0.0000 C   0  0  0  0  0  0  0  0  0  0  0  0
   -0.1447   -3.5026    0.0000 C   0  0  0  0  0  0  0  0  0  0  0  0
   -1.5737   -3.5026    0.0000 O   0  0  0  0  0  0  0  0  0  0  0  0
   -0.8592   -3.0901    0.0000 C   0  0  0  0  0  0  0  0  0  0  0  0
   -0.1447   -4.3276    0.0000 C   0  0  0  0  0  0  0  0  0  0  0  0
    0.5697   -4.7401    0.0000 C   0  0  0  0  0  0  0  0  0  0  0  0
    4.1421   -3.5026    0.0000 C   0  0  0  0  0  0  0  0  0  0  0  0
    4.1421   -4.3276    0.0000 C   0  0  0  0  0  0  0  0  0  0  0  0
    5.2691   -3.8045    0.0000 F   0  0  0  0  0  0  0  0  0  0  0  0
    4.4441   -2.3756    0.0000 F   0  0  0  0  0  0  0  0  0  0  0  0
    5.5710   -2.6776    0.0000 F   0  0  0  0  0  0  0  0  0  0  0  0
    4.8566   -3.0901    0.0000 C   0  0  0  0  0  0  0  0  0  0  0  0
    3.4276   -3.0901    0.0000 C   0  0  0  0  0  0  0  0  0  0  0  0
    2.7132   -3.5026    0.0000 N   0  0  0  0  0  0  0  0  0  0  0  0
    3.4276   -4.7401    0.0000 N   0  0  0  0  0  0  0  0  0  0  0  0
    2.7132   -4.3276    0.0000 C   0  0  0  0  0  0  0  0  0  0  0  0
    6.2855   -3.0901    0.0000 C   0  0  0  0  0  0  0  0  0  0  0  0
    8.4289   -2.6776    0.0000 C   0  0  0  0  0  0  0  0  0  0  0  0
    7.7145   -3.0901    0.0000 S   0  0  0  0  0  0  0  0  0  0  0  0
    7.3020   -2.3756    0.0000 O   0  0  0  0  0  0  0  0  0  0  0  0
    8.1270   -3.8045    0.0000 O   0  0  0  0  0  0  0  0  0  0  0  0
   -0.8592   -2.2651    0.0000 N   0  0  0  0  0  0  0  0  0  0  0  0
   -1.5737   -1.8526    0.0000 C   0  0  0  0  0  0  0  0  0  0  0  0
  1  2  2  0
  1  4  1  0
  2  3  1  0
  3  6  2  0
  4  5  2  0
  5  9  1  0
  6  5  1  0
  6  8  1  0
  7  8  1  0
  7 20  1  0
  9 29  1  0
  9 31  1  0
 10 11  1  0
 10 28  1  0
 11 18  2  0
 12 11  1  0
 12 13  2  0
 14 13  1  0
 14 16  1  0
 15 16  2  0
 17 14  2  0
 18 17  1  0
 19 20  1  0
 19 25  2  0
 20 27  2  0
 24 23  1  0
 24 22  1  0
 24 21  1  0
 24 19  1  0
 26 25  1  0
 27 28  1  0
 28 26  2  0
 30 31  1  0
 31 32  2  0
 31 33  2  0
 16 34  1  0
 34 35  1  0
M  END
","InChI=1S/C20H21F3N8O3S/c1-24-18(32)12-4-6-13(7-5-12)29-19-28-10-14(20(21,22)23)16(30-19)27-11-15-17(26-9-8-25-15)31(2)35(3,33)34/h4-10H,11H2,1-3H3,(H,24,32)(H2,27,28,29,30)",FWLMVFUGMHIOAA-UHFFFAOYSA-N,CNC(=O)c1ccc(Nc2ncc(C(F)(F)F)c(NCc3nccnc3N(C)S(C)(=O)=O)n2)cc1
1677014,CHEMBL3187723,BINIMETINIB,INHIBITOR,,CHEMBL2964,Dual specificity mitogen-activated protein kinase kinase 2,Brain Neoplasms,brain neoplasm,1.0,1677014.0,441.23,3.01,6.0,3.0,88.41,6.0,N,0.0,441.23,3.0,27.0,0.4,C17H15BrF2N4O3,-1.16,84043935.0,1677014.0,63.0,1677014.0,"
     RDKit          2D

 27 29  0  0  0  0  0  0  0  0999 V2000
   -0.4956    1.5647    0.0000 C   0  0  0  0  0  0  0  0  0  0  0  0
   -0.4956    2.3897    0.0000 C   0  0  0  0  0  0  0  0  0  0  0  0
   -1.2100    2.8022    0.0000 C   0  0  0  0  0  0  0  0  0  0  0  0
   -1.9245    2.3897    0.0000 C   0  0  0  0  0  0  0  0  0  0  0  0
   -1.9245    1.5647    0.0000 C   0  0  0  0  0  0  0  0  0  0  0  0
   -1.2100    1.1522    0.0000 C   0  0  0  0  0  0  0  0  0  0  0  0
    0.2189    1.1522    0.0000 F   0  0  0  0  0  0  0  0  0  0  0  0
   -1.2100    3.6272    0.0000 Br  0  0  0  0  0  0  0  0  0  0  0  0
   -1.2100    0.3272    0.0000 N   0  0  0  0  0  0  0  0  0  0  0  0
   -1.9245   -0.0853    0.0000 C   0  0  0  0  0  0  0  0  0  0  0  0
   -1.9245   -0.9103    0.0000 C   0  0  0  0  0  0  0  0  0  0  0  0
   -2.6390    0.3272    0.0000 C   0  0  0  0  0  0  0  0  0  0  0  0
   -3.3535   -0.0853    0.0000 C   0  0  0  0  0  0  0  0  0  0  0  0
   -3.3535   -0.9103    0.0000 C   0  0  0  0  0  0  0  0  0  0  0  0
   -2.6390   -1.3228    0.0000 C   0  0  0  0  0  0  0  0  0  0  0  0
   -2.6390    1.1522    0.0000 F   0  0  0  0  0  0  0  0  0  0  0  0
   -1.2100   -1.3228    0.0000 C   0  0  0  0  0  0  0  0  0  0  0  0
   -4.1381    0.1697    0.0000 N   0  0  0  0  0  0  0  0  0  0  0  0
   -4.1381   -1.1652    0.0000 N   0  0  0  0  0  0  0  0  0  0  0  0
   -4.6230   -0.4978    0.0000 C   0  0  0  0  0  0  0  0  0  0  0  0
   -4.3930   -1.9498    0.0000 C   0  0  0  0  0  0  0  0  0  0  0  0
   -0.4956   -0.9103    0.0000 N   0  0  0  0  0  0  0  0  0  0  0  0
   -1.2100   -2.1478    0.0000 O   0  0  0  0  0  0  0  0  0  0  0  0
    0.2189   -1.3228    0.0000 O   0  0  0  0  0  0  0  0  0  0  0  0
    0.9334   -0.9103    0.0000 C   0  0  0  0  0  0  0  0  0  0  0  0
    1.6478   -1.3228    0.0000 C   0  0  0  0  0  0  0  0  0  0  0  0
    2.3623   -0.9103    0.0000 O   0  0  0  0  0  0  0  0  0  0  0  0
  1  2  1  0
  1  6  2  0
  2  3  2  0
  3  4  1  0
  4  5  2  0
  5  6  1  0
  1  7  1  0
  3  8  1  0
  6  9  1  0
  9 10  1  0
 12 13  1  0
 13 14  2  0
 14 15  1  0
 11 15  2  0
 11 10  1  0
 10 12  2  0
 12 16  1  0
 11 17  1  0
 13 18  1  0
 14 19  1  0
 18 20  2  0
 19 20  1  0
 19 21  1  0
 17 22  1  0
 17 23  2  0
 22 24  1  0
 24 25  1  0
 25 26  1  0
 26 27  1  0
M  END
","InChI=1S/C17H15BrF2N4O3/c1-24-8-21-16-13(24)7-10(17(26)23-27-5-4-25)15(14(16)20)22-12-3-2-9(18)6-11(12)19/h2-3,6-8,22,25H,4-5H2,1H3,(H,23,26)",ACWZRVQXLIRSDF-UHFFFAOYSA-N,Cn1cnc2c(F)c(Nc3ccc(Br)cc3F)c(C(=O)NOCCO)cc21
1677558,CHEMBL3188267,CAPMATINIB,INHIBITOR,,CHEMBL3717,Hepatocyte growth factor receptor,Glioblastoma,glioblastoma multiforme,1.0,1677558.0,412.43,3.43,6.0,1.0,85.07,4.0,N,0.0,412.43,5.0,31.0,0.49,C23H17FN6O,-1.54,,,,1677558.0,"
     RDKit          2D

 31 35  0  0  0  0  0  0  0  0999 V2000
   -3.6340    0.4626    0.0000 C   0  0  0  0  0  0  0  0  0  0  0  0
   -3.5478    1.2831    0.0000 C   0  0  0  0  0  0  0  0  0  0  0  0
   -2.7941    1.6186    0.0000 C   0  0  0  0  0  0  0  0  0  0  0  0
   -2.1267    1.1337    0.0000 C   0  0  0  0  0  0  0  0  0  0  0  0
   -2.2129    0.3133    0.0000 C   0  0  0  0  0  0  0  0  0  0  0  0
   -2.9666   -0.0223    0.0000 C   0  0  0  0  0  0  0  0  0  0  0  0
   -0.9642   -1.4771    0.0000 N   0  0  0  0  0  0  0  0  0  0  0  0
   -1.6317   -0.9922    0.0000 C   0  0  0  0  0  0  0  0  0  0  0  0
   -1.5454   -0.1717    0.0000 C   0  0  0  0  0  0  0  0  0  0  0  0
   -0.7918    0.1639    0.0000 N   0  0  0  0  0  0  0  0  0  0  0  0
   -0.1243   -0.3210    0.0000 N   0  0  0  0  0  0  0  0  0  0  0  0
   -0.2106   -1.1415    0.0000 C   0  0  0  0  0  0  0  0  0  0  0  0
    0.6826   -0.1495    0.0000 C   0  0  0  0  0  0  0  0  0  0  0  0
    0.5431   -1.4770    0.0000 N   0  0  0  0  0  0  0  0  0  0  0  0
    1.0951   -0.8639    0.0000 C   0  0  0  0  0  0  0  0  0  0  0  0
    3.1441    0.1092    0.0000 C   0  0  0  0  0  0  0  0  0  0  0  0
    2.3236    0.0230    0.0000 C   0  0  0  0  0  0  0  0  0  0  0  0
    1.8387    0.6904    0.0000 C   0  0  0  0  0  0  0  0  0  0  0  0
    2.1742    1.4441    0.0000 C   0  0  0  0  0  0  0  0  0  0  0  0
    2.9947    1.5303    0.0000 C   0  0  0  0  0  0  0  0  0  0  0  0
    3.4796    0.8629    0.0000 C   0  0  0  0  0  0  0  0  0  0  0  0
    4.3001    0.9491    0.0000 N   0  0  0  0  0  0  0  0  0  0  0  0
    3.3302    2.2840    0.0000 C   0  0  0  0  0  0  0  0  0  0  0  0
    4.1507    2.3702    0.0000 C   0  0  0  0  0  0  0  0  0  0  0  0
    4.6357    1.7028    0.0000 C   0  0  0  0  0  0  0  0  0  0  0  0
   -4.4186    0.2076    0.0000 F   0  0  0  0  0  0  0  0  0  0  0  0
   -4.1889    1.8022    0.0000 C   0  0  0  0  0  0  0  0  0  0  0  0
   -4.9591    1.5066    0.0000 O   0  0  0  0  0  0  0  0  0  0  0  0
   -4.0599    2.6171    0.0000 N   0  0  0  0  0  0  0  0  0  0  0  0
   -4.7274    3.1020    0.0000 C   0  0  0  0  0  0  0  0  0  0  0  0
    1.0182    0.6042    0.0000 C   0  0  0  0  0  0  0  0  0  0  0  0
  1  2  2  0
  2  3  1  0
  3  4  2  0
  4  5  1  0
  5  6  2  0
  1  6  1  0
  7  8  2  0
  8  9  1  0
  9 10  2  0
 10 11  1  0
 11 12  1  0
  7 12  1  0
 14 15  1  0
 13 15  2  0
 12 14  2  0
 13 11  1  0
 16 17  2  0
 17 18  1  0
 18 19  2  0
 19 20  1  0
 20 21  2  0
 16 21  1  0
 23 24  2  0
 24 25  1  0
 22 25  2  0
 20 23  1  0
 22 21  1  0
  1 26  1  0
  2 27  1  0
 27 28  2  0
 27 29  1  0
 29 30  1  0
  5  9  1  0
 13 31  1  0
 31 18  1  0
M  END
","InChI=1S/C23H17FN6O/c1-25-22(31)18-6-5-16(11-19(18)24)21-13-28-23-27-12-17(30(23)29-21)10-14-4-7-20-15(9-14)3-2-8-26-20/h2-9,11-13H,10H2,1H3,(H,25,31)",LIOLIMKSCNQPLV-UHFFFAOYSA-N,CNC(=O)c1ccc(-c2cnc3ncc(Cc4ccc5ncccc5c4)n3n2)cc1F
1748986,CHEMBL3264002,AVUTOMETINIB,INHIBITOR,,CHEMBL2964,Dual specificity mitogen-activated protein kinase kinase 2,Glioblastoma,glioblastoma multiforme,0.5,1748986.0,471.47,2.68,8.0,2.0,136.31,7.0,N,0.0,471.47,4.0,33.0,0.39,C21H18FN5O5S,-0.97,84313614.0,1748986.0,81.0,1748986.0,"
     RDKit          2D

 33 36  0  0  0  0  0  0  0  0999 V2000
   -4.1712    1.4466    0.0000 N   0  0  0  0  0  0  0  0  0  0  0  0
   -4.8857    1.0341    0.0000 C   0  0  0  0  0  0  0  0  0  0  0  0
   -4.8857    0.2091    0.0000 C   0  0  0  0  0  0  0  0  0  0  0  0
   -4.1712   -0.2034    0.0000 C   0  0  0  0  0  0  0  0  0  0  0  0
   -3.4567    0.2091    0.0000 N   0  0  0  0  0  0  0  0  0  0  0  0
   -3.4567    1.0341    0.0000 C   0  0  0  0  0  0  0  0  0  0  0  0
   -2.0278    0.2090    0.0000 C   0  0  0  0  0  0  0  0  0  0  0  0
   -2.0278    1.0340    0.0000 C   0  0  0  0  0  0  0  0  0  0  0  0
   -2.7423    1.4466    0.0000 O   0  0  0  0  0  0  0  0  0  0  0  0
   -1.3133    1.4466    0.0000 C   0  0  0  0  0  0  0  0  0  0  0  0
   -1.3133   -0.2035    0.0000 C   0  0  0  0  0  0  0  0  0  0  0  0
   -0.5989    0.2090    0.0000 C   0  0  0  0  0  0  0  0  0  0  0  0
   -0.5989    1.0340    0.0000 C   0  0  0  0  0  0  0  0  0  0  0  0
    0.1156    1.4466    0.0000 O   0  0  0  0  0  0  0  0  0  0  0  0
    0.1156   -0.2035    0.0000 C   0  0  0  0  0  0  0  0  0  0  0  0
    0.8301    0.2090    0.0000 C   0  0  0  0  0  0  0  0  0  0  0  0
    0.8301    1.0340    0.0000 C   0  0  0  0  0  0  0  0  0  0  0  0
    1.5445    1.4466    0.0000 O   0  0  0  0  0  0  0  0  0  0  0  0
    1.5445   -0.2035    0.0000 C   0  0  0  0  0  0  0  0  0  0  0  0
    2.2590    0.2090    0.0000 C   0  0  0  0  0  0  0  0  0  0  0  0
    2.2590    1.0340    0.0000 C   0  0  0  0  0  0  0  0  0  0  0  0
    2.9735    1.4466    0.0000 C   0  0  0  0  0  0  0  0  0  0  0  0
    2.9735   -0.2035    0.0000 C   0  0  0  0  0  0  0  0  0  0  0  0
    3.6879    0.2090    0.0000 C   0  0  0  0  0  0  0  0  0  0  0  0
    3.6879    1.0340    0.0000 N   0  0  0  0  0  0  0  0  0  0  0  0
    0.1156   -1.0285    0.0000 C   0  0  0  0  0  0  0  0  0  0  0  0
    2.9735   -1.0285    0.0000 F   0  0  0  0  0  0  0  0  0  0  0  0
    4.4024   -0.2035    0.0000 N   0  0  0  0  0  0  0  0  0  0  0  0
    5.1169    0.2090    0.0000 S   0  0  0  0  0  0  0  0  0  0  0  0
    5.5294   -0.5054    0.0000 N   0  0  0  0  0  0  0  0  0  0  0  0
    4.7044    0.9235    0.0000 O   0  0  0  0  0  0  0  0  0  0  0  0
    5.8314    0.6215    0.0000 O   0  0  0  0  0  0  0  0  0  0  0  0
    6.3544   -0.5054    0.0000 C   0  0  0  0  0  0  0  0  0  0  0  0
  1  2  1  0
  2  3  2  0
  3  4  1  0
  4  5  2  0
  5  6  1  0
  1  6  2  0
  7  8  1  0
  8  9  1  0
  6  9  1  0
 11 12  1  0
 12 13  2  0
 10 13  1  0
 10  8  2  0
  7 11  2  0
 15 16  2  0
 16 17  1  0
 14 17  1  0
 12 15  1  0
 14 13  1  0
 19 20  1  0
 20 21  1  0
 16 19  1  0
 18 17  2  0
 23 24  1  0
 24 25  2  0
 22 25  1  0
 20 23  2  0
 22 21  2  0
 15 26  1  0
 23 27  1  0
 24 28  1  0
 28 29  1  0
 29 30  1  0
 29 31  2  0
 29 32  2  0
 30 33  1  0
M  END","InChI=1S/C21H18FN5O5S/c1-12-15-5-4-14(31-21-25-7-3-8-26-21)11-17(15)32-20(28)16(12)10-13-6-9-24-19(18(13)22)27-33(29,30)23-2/h3-9,11,23H,10H2,1-2H3,(H,24,27)",LMMJFBMMJUMSJS-UHFFFAOYSA-N,CNS(=O)(=O)Nc1nccc(Cc2c(C)c3ccc(Oc4ncccn4)cc3oc2=O)c1F
1763572,CHEMBL3301610,ABEMACICLIB,INHIBITOR,,CHEMBL2508,Cyclin-dependent kinase 6,Brain Neoplasms,brain neoplasm,2.0,1763572.0,506.61,4.94,8.0,1.0,75.0,7.0,N,1.0,506.61,4.0,37.0,0.38,C27H32F2N8,-1.56,,,,1763572.0,"
     RDKit          2D

 37 41  0  0  0  0  0  0  0  0999 V2000
    7.1916   -0.1286    0.0000 C   0  0  0  0  0  0  0  0  0  0  0  0
    7.1916    0.6964    0.0000 C   0  0  0  0  0  0  0  0  0  0  0  0
    7.9061    1.1089    0.0000 N   0  0  0  0  0  0  0  0  0  0  0  0
    8.6206    0.6964    0.0000 C   0  0  0  0  0  0  0  0  0  0  0  0
    8.6206   -0.1286    0.0000 N   0  0  0  0  0  0  0  0  0  0  0  0
    7.9061   -0.5411    0.0000 C   0  0  0  0  0  0  0  0  0  0  0  0
    9.3350    1.1089    0.0000 N   0  0  0  0  0  0  0  0  0  0  0  0
    5.0482    1.1089    0.0000 C   0  0  0  0  0  0  0  0  0  0  0  0
    4.2636    0.8539    0.0000 N   0  0  0  0  0  0  0  0  0  0  0  0
    3.7787    1.5214    0.0000 C   0  0  0  0  0  0  0  0  0  0  0  0
    4.2636    2.1888    0.0000 N   0  0  0  0  0  0  0  0  0  0  0  0
    5.0482    1.9339    0.0000 C   0  0  0  0  0  0  0  0  0  0  0  0
    5.7627    2.3464    0.0000 C   0  0  0  0  0  0  0  0  0  0  0  0
    6.4772    1.9339    0.0000 C   0  0  0  0  0  0  0  0  0  0  0  0
    6.4772    1.1089    0.0000 C   0  0  0  0  0  0  0  0  0  0  0  0
    5.7627    0.6964    0.0000 C   0  0  0  0  0  0  0  0  0  0  0  0
    4.0087    0.0693    0.0000 C   0  0  0  0  0  0  0  0  0  0  0  0
    3.2017   -0.1022    0.0000 C   0  0  0  0  0  0  0  0  0  0  0  0
    4.5607   -0.5438    0.0000 C   0  0  0  0  0  0  0  0  0  0  0  0
    2.9537    1.5214    0.0000 C   0  0  0  0  0  0  0  0  0  0  0  0
    5.7627    3.1714    0.0000 F   0  0  0  0  0  0  0  0  0  0  0  0
    6.4772   -0.5411    0.0000 F   0  0  0  0  0  0  0  0  0  0  0  0
   10.0495   -0.1286    0.0000 N   0  0  0  0  0  0  0  0  0  0  0  0
   10.0495    0.6964    0.0000 C   0  0  0  0  0  0  0  0  0  0  0  0
   10.7640    1.1089    0.0000 C   0  0  0  0  0  0  0  0  0  0  0  0
   11.4785    0.6964    0.0000 C   0  0  0  0  0  0  0  0  0  0  0  0
   11.4785   -0.1286    0.0000 C   0  0  0  0  0  0  0  0  0  0  0  0
   10.7640   -0.5411    0.0000 C   0  0  0  0  0  0  0  0  0  0  0  0
   12.1929   -0.5411    0.0000 C   0  0  0  0  0  0  0  0  0  0  0  0
   12.9074   -1.7786    0.0000 C   0  0  0  0  0  0  0  0  0  0  0  0
   12.9074   -2.6036    0.0000 C   0  0  0  0  0  0  0  0  0  0  0  0
   12.1929   -3.0161    0.0000 N   0  0  0  0  0  0  0  0  0  0  0  0
   11.4785   -2.6036    0.0000 C   0  0  0  0  0  0  0  0  0  0  0  0
   11.4785   -1.7786    0.0000 C   0  0  0  0  0  0  0  0  0  0  0  0
   12.1929   -1.3661    0.0000 N   0  0  0  0  0  0  0  0  0  0  0  0
   12.1929   -3.8411    0.0000 C   0  0  0  0  0  0  0  0  0  0  0  0
   12.9074   -4.2536    0.0000 C   0  0  0  0  0  0  0  0  0  0  0  0
  1  2  2  0
  2  3  1  0
  3  4  2  0
  4  5  1  0
  5  6  2  0
  1  6  1  0
  4  7  1  0
  8  9  1  0
  9 10  1  0
 10 11  2  0
 11 12  1  0
  8 12  1  0
 12 13  2  0
 13 14  1  0
 14 15  2  0
 15 16  1  0
  8 16  2  0
 17 18  1  0
 17 19  1  0
  9 17  1  0
 10 20  1  0
 13 21  1  0
  2 15  1  0
  1 22  1  0
 23 24  2  0
 24 25  1  0
 25 26  2  0
 26 27  1  0
 27 28  2  0
 23 28  1  0
 30 31  1  0
 31 32  1  0
 32 33  1  0
 33 34  1  0
 34 35  1  0
 30 35  1  0
 36 37  1  0
 32 36  1  0
 29 35  1  0
 27 29  1  0
  7 24  1  0
M  END
","InChI=1S/C27H32F2N8/c1-5-35-8-10-36(11-9-35)16-19-6-7-24(30-14-19)33-27-31-15-22(29)25(34-27)20-12-21(28)26-23(13-20)37(17(2)3)18(4)32-26/h6-7,12-15,17H,5,8-11,16H2,1-4H3,(H,30,31,33,34)",UZWDCWONPYILKI-UHFFFAOYSA-N,CCN1CCN(Cc2ccc(Nc3ncc(F)c(-c4cc(F)c5nc(C)n(C(C)C)c5c4)n3)nc2)CC1
1797457,CHEMBL3348846,FEXAGRATINIB,INHIBITOR,,CHEMBL2095217,Fibroblast growth factor receptor,Paraganglioma,Paraganglioma,1.0,1797457.0,463.58,3.65,6.0,3.0,91.51,8.0,N,0.0,463.58,3.0,34.0,0.47,C26H33N5O3,-0.8,,,,1797457.0,"
     RDKit          2D

 34 37  0  0  0  0  0  0  0  0999 V2000
   -4.7644    4.4268    0.0000 C   0  0  0  0  0  0  0  0  0  0  0  0
   -5.4789    4.0143    0.0000 N   0  0  0  0  0  0  0  0  0  0  0  0
   -5.4789    3.1893    0.0000 C   0  0  0  0  0  0  0  0  0  0  0  0
   -4.7644    2.7768    0.0000 C   0  0  0  0  0  0  0  0  0  0  0  0
   -4.0500    3.1893    0.0000 N   0  0  0  0  0  0  0  0  0  0  0  0
   -4.0500    4.0143    0.0000 C   0  0  0  0  0  0  0  0  0  0  0  0
   -4.7644    5.2519    0.0000 C   0  0  0  0  0  0  0  0  0  0  0  0
   -6.1934    2.7768    0.0000 C   0  0  0  0  0  0  0  0  0  0  0  0
   -3.3355    2.7768    0.0000 C   0  0  0  0  0  0  0  0  0  0  0  0
   -2.6210    3.1893    0.0000 C   0  0  0  0  0  0  0  0  0  0  0  0
   -3.3355    1.9518    0.0000 C   0  0  0  0  0  0  0  0  0  0  0  0
   -2.6210    1.5393    0.0000 C   0  0  0  0  0  0  0  0  0  0  0  0
   -1.9066    1.9518    0.0000 C   0  0  0  0  0  0  0  0  0  0  0  0
   -1.9066    2.7768    0.0000 C   0  0  0  0  0  0  0  0  0  0  0  0
   -1.1921    1.5393    0.0000 C   0  0  0  0  0  0  0  0  0  0  0  0
   -0.4776    1.9518    0.0000 N   0  0  0  0  0  0  0  0  0  0  0  0
   -1.1921    0.7143    0.0000 O   0  0  0  0  0  0  0  0  0  0  0  0
    0.2368    0.7143    0.0000 N   0  0  0  0  0  0  0  0  0  0  0  0
    0.2368    1.5393    0.0000 C   0  0  0  0  0  0  0  0  0  0  0  0
    1.0214    0.4593    0.0000 N   0  0  0  0  0  0  0  0  0  0  0  0
    1.5063    1.1268    0.0000 C   0  0  0  0  0  0  0  0  0  0  0  0
    1.0215    1.7942    0.0000 C   0  0  0  0  0  0  0  0  0  0  0  0
    2.6623    0.2868    0.0000 C   0  0  0  0  0  0  0  0  0  0  0  0
    2.3268    1.0405    0.0000 C   0  0  0  0  0  0  0  0  0  0  0  0
    3.8184   -0.5532    0.0000 C   0  0  0  0  0  0  0  0  0  0  0  0
    3.4828    0.2005    0.0000 C   0  0  0  0  0  0  0  0  0  0  0  0
    4.6389   -0.6395    0.0000 C   0  0  0  0  0  0  0  0  0  0  0  0
    5.1238    0.0279    0.0000 C   0  0  0  0  0  0  0  0  0  0  0  0
    4.7883    0.7816    0.0000 C   0  0  0  0  0  0  0  0  0  0  0  0
    3.9678    0.8679    0.0000 C   0  0  0  0  0  0  0  0  0  0  0  0
    6.0937    1.3627    0.0000 C   0  0  0  0  0  0  0  0  0  0  0  0
    5.2733    1.4490    0.0000 O   0  0  0  0  0  0  0  0  0  0  0  0
    4.9744   -1.3932    0.0000 O   0  0  0  0  0  0  0  0  0  0  0  0
    5.7948   -1.4795    0.0000 C   0  0  0  0  0  0  0  0  0  0  0  0
  1  2  1  0
  2  3  1  0
  3  4  1  0
  4  5  1  0
  5  6  1  0
  1  6  1  0
  1  7  1  1
  3  8  1  1
  9 10  1  0
  5  9  1  0
 11 12  1  0
 12 13  2  0
 13 14  1  0
  9 11  2  0
 10 14  2  0
 15 16  1  0
 13 15  1  0
 18 19  2  0
 15 17  2  0
 16 19  1  0
 20 21  1  0
 21 22  2  0
 18 20  1  0
 19 22  1  0
 23 24  1  0
 21 24  1  0
 25 26  1  0
 23 26  1  0
 27 28  1  0
 28 29  2  0
 29 30  1  0
 25 27  2  0
 26 30  2  0
 31 32  1  0
 29 32  1  0
 33 34  1  0
 27 33  1  0
M  END","InChI=1S/C26H33N5O3/c1-17-15-31(16-18(2)27-17)22-9-6-20(7-10-22)26(32)28-25-13-21(29-30-25)8-5-19-11-23(33-3)14-24(12-19)34-4/h6-7,9-14,17-18,27H,5,8,15-16H2,1-4H3,(H2,28,29,30,32)/t17-,18+",VRQMAABPASPXMW-HDICACEKSA-N,COc1cc(CCc2cc(NC(=O)c3ccc(N4C[C@@H](C)N[C@@H](C)C4)cc3)n[nH]2)cc(OC)c1
1797534,CHEMBL3348923,TOVORAFENIB,INHIBITOR,,CHEMBL3559685,RAF serine/threonine protein kinase,Glioma,low grade glioma,4.0,1797534.0,506.3,3.98,8.0,3.0,135.78,5.0,N,1.0,506.3,3.0,32.0,0.48,C17H12Cl2F3N7O2S,-1.44,,,,1797534.0,"
     RDKit          2D

 32 34  0  0  0  0  0  0  0  0999 V2000
   -3.8113   -1.3669    0.0000 C   0  0  0  0  0  0  0  0  0  0  0  0
   -4.5258   -1.7794    0.0000 C   0  0  0  0  0  0  0  0  0  0  0  0
   -4.5258   -2.6044    0.0000 N   0  0  0  0  0  0  0  0  0  0  0  0
   -3.0969   -1.7794    0.0000 Cl  0  0  0  0  0  0  0  0  0  0  0  0
   -4.5258   -0.1294    0.0000 N   0  0  0  0  0  0  0  0  0  0  0  0
   -5.2403   -0.5419    0.0000 C   0  0  0  0  0  0  0  0  0  0  0  0
   -5.2403   -1.3669    0.0000 N   0  0  0  0  0  0  0  0  0  0  0  0
   -3.8113   -0.5419    0.0000 C   0  0  0  0  0  0  0  0  0  0  0  0
   -3.0969   -0.1294    0.0000 C   0  0  0  0  0  0  0  0  0  0  0  0
   -2.3824   -0.5419    0.0000 N   0  0  0  0  0  0  0  0  0  0  0  0
   -3.0969    0.6956    0.0000 O   0  0  0  0  0  0  0  0  0  0  0  0
   -1.6679   -0.1294    0.0000 C   0  0  0  0  0  0  0  0  0  0  0  0
   -0.9535   -0.5419    0.0000 C   0  0  0  0  0  0  0  0  0  0  0  0
   -0.1998   -0.2063    0.0000 N   0  0  0  0  0  0  0  0  0  0  0  0
   -0.8673   -1.3623    0.0000 S   0  0  0  0  0  0  0  0  0  0  0  0
   -0.0603   -1.5339    0.0000 C   0  0  0  0  0  0  0  0  0  0  0  0
    0.3522   -0.8195    0.0000 C   0  0  0  0  0  0  0  0  0  0  0  0
    1.0957   -2.3738    0.0000 N   0  0  0  0  0  0  0  0  0  0  0  0
    0.2752   -2.2876    0.0000 C   0  0  0  0  0  0  0  0  0  0  0  0
   -0.2097   -2.9550    0.0000 O   0  0  0  0  0  0  0  0  0  0  0  0
    0.9463   -3.7949    0.0000 N   0  0  0  0  0  0  0  0  0  0  0  0
    1.4312   -3.1275    0.0000 C   0  0  0  0  0  0  0  0  0  0  0  0
    1.2818   -4.5487    0.0000 C   0  0  0  0  0  0  0  0  0  0  0  0
    2.1023   -4.6349    0.0000 C   0  0  0  0  0  0  0  0  0  0  0  0
    2.5872   -3.9675    0.0000 C   0  0  0  0  0  0  0  0  0  0  0  0
    2.2517   -3.2138    0.0000 C   0  0  0  0  0  0  0  0  0  0  0  0
    2.4378   -5.3887    0.0000 Cl  0  0  0  0  0  0  0  0  0  0  0  0
    3.3214   -4.8743    0.0000 F   0  0  0  0  0  0  0  0  0  0  0  0
    3.4077   -4.0538    0.0000 C   0  0  0  0  0  0  0  0  0  0  0  0
   -1.6679    0.6956    0.0000 C   0  0  0  0  0  0  0  0  0  0  0  0
    4.2282   -4.1401    0.0000 F   0  0  0  0  0  0  0  0  0  0  0  0
    3.4940   -3.2333    0.0000 F   0  0  0  0  0  0  0  0  0  0  0  0
  1  2  1  0
  2  3  1  0
  1  4  1  0
  5  6  2  0
  6  7  1  0
  5  8  1  0
  1  8  2  0
  7  2  2  0
  9 10  1  0
  9  8  1  0
  9 11  2  0
 12 13  1  0
 12 10  1  0
 15 16  1  0
 16 17  2  0
 14 17  1  0
 14 13  2  0
 13 15  1  0
 18 19  1  0
 19 20  2  0
 21 22  2  0
 18 22  1  0
 23 24  2  0
 24 25  1  0
 25 26  2  0
 21 23  1  0
 22 26  1  0
 28 29  1  0
 24 27  1  0
 25 29  1  0
 12 30  1  6
 16 19  1  0
 29 31  1  0
 29 32  1  0
M  END
","InChI=1S/C17H12Cl2F3N7O2S/c1-6(28-15(31)12-11(19)13(23)27-5-26-12)16-25-4-9(32-16)14(30)29-10-2-7(17(20,21)22)8(18)3-24-10/h2-6H,1H3,(H,28,31)(H2,23,26,27)(H,24,29,30)/t6-/m1/s1",VWMJHAFYPMOMGF-ZCFIWIBFSA-N,C[C@@H](NC(=O)c1ncnc(N)c1Cl)c1ncc(C(=O)Nc2cc(C(F)(F)F)c(Cl)cn2)s1
1817518,CHEMBL3353410,OSIMERTINIB,INHIBITOR,,CHEMBL203,Epidermal growth factor receptor,Glioblastoma,glioblastoma multiforme,2.0,1817518.0,499.62,4.51,8.0,2.0,87.55,10.0,N,0.0,499.62,4.0,37.0,0.31,C28H33N7O2,-1.11,84878656.0,1817518.0,113.0,1817518.0,"
     RDKit          2D

 37 40  0  0  0  0  0  0  0  0999 V2000
    1.3427   12.6915    0.0000 C   0  0  0  0  0  0  0  0  0  0  0  0
    1.8276   13.3589    0.0000 N   0  0  0  0  0  0  0  0  0  0  0  0
    2.6122   13.1040    0.0000 C   0  0  0  0  0  0  0  0  0  0  0  0
    2.6122   12.2790    0.0000 C   0  0  0  0  0  0  0  0  0  0  0  0
    1.8276   12.0240    0.0000 C   0  0  0  0  0  0  0  0  0  0  0  0
    3.3267   13.5165    0.0000 C   0  0  0  0  0  0  0  0  0  0  0  0
    4.0412   13.1040    0.0000 C   0  0  0  0  0  0  0  0  0  0  0  0
    4.0412   12.2790    0.0000 C   0  0  0  0  0  0  0  0  0  0  0  0
    3.3267   11.8665    0.0000 C   0  0  0  0  0  0  0  0  0  0  0  0
    1.5727   11.2394    0.0000 C   0  0  0  0  0  0  0  0  0  0  0  0
    2.1247   10.6263    0.0000 N   0  0  0  0  0  0  0  0  0  0  0  0
    1.8697    9.8417    0.0000 C   0  0  0  0  0  0  0  0  0  0  0  0
    1.0628    9.6702    0.0000 N   0  0  0  0  0  0  0  0  0  0  0  0
    0.5107   10.2833    0.0000 C   0  0  0  0  0  0  0  0  0  0  0  0
    0.7657   11.0679    0.0000 C   0  0  0  0  0  0  0  0  0  0  0  0
    2.4218    9.2286    0.0000 N   0  0  0  0  0  0  0  0  0  0  0  0
    2.1668    8.4440    0.0000 C   0  0  0  0  0  0  0  0  0  0  0  0
    2.7189    7.8309    0.0000 C   0  0  0  0  0  0  0  0  0  0  0  0
    2.4639    7.0463    0.0000 C   0  0  0  0  0  0  0  0  0  0  0  0
    1.6570    6.8747    0.0000 C   0  0  0  0  0  0  0  0  0  0  0  0
    1.1049    7.4878    0.0000 C   0  0  0  0  0  0  0  0  0  0  0  0
    1.3599    8.2725    0.0000 C   0  0  0  0  0  0  0  0  0  0  0  0
    3.5258    8.0024    0.0000 O   0  0  0  0  0  0  0  0  0  0  0  0
    4.0779    7.3893    0.0000 C   0  0  0  0  0  0  0  0  0  0  0  0
    0.2980    7.3163    0.0000 N   0  0  0  0  0  0  0  0  0  0  0  0
   -0.2541    7.9294    0.0000 C   0  0  0  0  0  0  0  0  0  0  0  0
    0.0009    8.7140    0.0000 O   0  0  0  0  0  0  0  0  0  0  0  0
   -1.0610    7.7579    0.0000 C   0  0  0  0  0  0  0  0  0  0  0  0
   -1.6131    8.3710    0.0000 C   0  0  0  0  0  0  0  0  0  0  0  0
    1.4020    6.0901    0.0000 N   0  0  0  0  0  0  0  0  0  0  0  0
    1.9541    5.4770    0.0000 C   0  0  0  0  0  0  0  0  0  0  0  0
    0.5950    5.9186    0.0000 C   0  0  0  0  0  0  0  0  0  0  0  0
    0.3401    5.1340    0.0000 C   0  0  0  0  0  0  0  0  0  0  0  0
   -0.4669    4.9624    0.0000 N   0  0  0  0  0  0  0  0  0  0  0  0
   -0.7218    4.1778    0.0000 C   0  0  0  0  0  0  0  0  0  0  0  0
   -1.0189    5.5755    0.0000 C   0  0  0  0  0  0  0  0  0  0  0  0
    1.5727   14.1435    0.0000 C   0  0  0  0  0  0  0  0  0  0  0  0
  1  2  1  0
  2  3  1  0
  4  5  1  0
  1  5  2  0
  3  6  1  0
  4  3  2  0
  9  4  1  0
  6  7  2  0
  7  8  1  0
  8  9  2  0
  5 10  1  0
 10 11  1  0
 10 15  2  0
 11 12  2  0
 12 13  1  0
 13 14  2  0
 14 15  1  0
 12 16  1  0
 16 17  1  0
 17 18  1  0
 17 22  2  0
 18 19  2  0
 19 20  1  0
 20 21  2  0
 21 22  1  0
 18 23  1  0
 23 24  1  0
 21 25  1  0
 25 26  1  0
 26 27  2  0
 26 28  1  0
 28 29  2  0
 20 30  1  0
 30 31  1  0
 30 32  1  0
 32 33  1  0
 33 34  1  0
 34 35  1  0
 34 36  1  0
  2 37  1  0
M  END
","InChI=1S/C28H33N7O2/c1-7-27(36)30-22-16-23(26(37-6)17-25(22)34(4)15-14-33(2)3)32-28-29-13-12-21(31-28)20-18-35(5)24-11-9-8-10-19(20)24/h7-13,16-18H,1,14-15H2,2-6H3,(H,30,36)(H,29,31,32)",DUYJMQONPNNFPI-UHFFFAOYSA-N,C=CC(=O)Nc1cc(Nc2nccc(-c3cn(C)c4ccccc34)n2)c(OC)cc1N(C)CCN(C)C
1824379,CHEMBL3360203,PILARALISIB,INHIBITOR,,CHEMBL3559703,PI3-kinase class I,Glioblastoma,glioblastoma multiforme,1.0,1824379.0,541.03,4.51,8.0,4.0,148.33,8.0,N,1.0,541.03,4.0,37.0,0.25,C25H25ClN6O4S,-1.58,87692837.0,1824379.0,1056.0,1824379.0,"
     RDKit          2D

 37 40  0  0  0  0  0  0  0  0999 V2000
   -4.8027    2.5634    0.0000 C   0  0  0  0  0  0  0  0  0  0  0  0
   -5.5172    2.1509    0.0000 C   0  0  0  0  0  0  0  0  0  0  0  0
   -5.5172    1.3259    0.0000 C   0  0  0  0  0  0  0  0  0  0  0  0
   -4.8027    0.9134    0.0000 C   0  0  0  0  0  0  0  0  0  0  0  0
   -4.0882    1.3259    0.0000 C   0  0  0  0  0  0  0  0  0  0  0  0
   -4.0882    2.1509    0.0000 C   0  0  0  0  0  0  0  0  0  0  0  0
   -6.2316    2.5634    0.0000 N   0  0  0  0  0  0  0  0  0  0  0  0
   -6.9461    2.1509    0.0000 C   0  0  0  0  0  0  0  0  0  0  0  0
   -7.6606    2.5634    0.0000 C   0  0  0  0  0  0  0  0  0  0  0  0
   -6.9461    1.3259    0.0000 O   0  0  0  0  0  0  0  0  0  0  0  0
   -8.3751    2.1509    0.0000 N   0  0  0  0  0  0  0  0  0  0  0  0
   -8.2440    3.1468    0.0000 C   0  0  0  0  0  0  0  0  0  0  0  0
   -7.2481    3.2779    0.0000 C   0  0  0  0  0  0  0  0  0  0  0  0
   -3.3737    2.5634    0.0000 S   0  0  0  0  0  0  0  0  0  0  0  0
   -2.6592    2.1509    0.0000 N   0  0  0  0  0  0  0  0  0  0  0  0
   -1.9448    2.5634    0.0000 C   0  0  0  0  0  0  0  0  0  0  0  0
   -1.2303    2.1509    0.0000 N   0  0  0  0  0  0  0  0  0  0  0  0
   -0.5158    2.5634    0.0000 C   0  0  0  0  0  0  0  0  0  0  0  0
   -0.5158    3.3884    0.0000 C   0  0  0  0  0  0  0  0  0  0  0  0
   -1.2303    3.8009    0.0000 N   0  0  0  0  0  0  0  0  0  0  0  0
   -1.9448    3.3884    0.0000 C   0  0  0  0  0  0  0  0  0  0  0  0
    0.1987    2.1509    0.0000 C   0  0  0  0  0  0  0  0  0  0  0  0
    0.9131    2.5634    0.0000 C   0  0  0  0  0  0  0  0  0  0  0  0
    0.9131    3.3885    0.0000 C   0  0  0  0  0  0  0  0  0  0  0  0
    0.1986    3.8009    0.0000 C   0  0  0  0  0  0  0  0  0  0  0  0
   -2.6593    3.8009    0.0000 N   0  0  0  0  0  0  0  0  0  0  0  0
   -2.6593    4.6259    0.0000 C   0  0  0  0  0  0  0  0  0  0  0  0
   -1.9448    5.0384    0.0000 C   0  0  0  0  0  0  0  0  0  0  0  0
   -1.9448    5.8634    0.0000 C   0  0  0  0  0  0  0  0  0  0  0  0
   -2.6593    6.2759    0.0000 C   0  0  0  0  0  0  0  0  0  0  0  0
   -3.3738    5.8634    0.0000 C   0  0  0  0  0  0  0  0  0  0  0  0
   -3.3738    5.0384    0.0000 C   0  0  0  0  0  0  0  0  0  0  0  0
   -1.2303    6.2759    0.0000 O   0  0  0  0  0  0  0  0  0  0  0  0
   -1.2303    7.1009    0.0000 C   0  0  0  0  0  0  0  0  0  0  0  0
   -4.0882    4.6259    0.0000 Cl  0  0  0  0  0  0  0  0  0  0  0  0
   -3.9571    3.1468    0.0000 O   0  0  0  0  0  0  0  0  0  0  0  0
   -2.9612    3.2779    0.0000 O   0  0  0  0  0  0  0  0  0  0  0  0
  1  2  2  0
  1  6  1  0
  2  3  1  0
  3  4  2  0
  4  5  1  0
  5  6  2  0
  2  7  1  0
  7  8  1  0
  8  9  1  0
  8 10  2  0
  9 11  1  0
  9 12  1  0
  9 13  1  0
  6 14  1  0
 14 15  1  0
 15 16  1  0
 16 17  1  0
 16 21  2  0
 17 18  2  0
 19 20  2  0
 20 21  1  0
 18 22  1  0
 18 19  1  0
 19 25  1  0
 22 23  2  0
 23 24  1  0
 24 25  2  0
 21 26  1  0
 26 27  1  0
 27 28  1  0
 27 32  2  0
 28 29  2  0
 29 30  1  0
 30 31  2  0
 31 32  1  0
 29 33  1  0
 33 34  1  0
 32 35  1  0
 14 36  2  0
 14 37  2  0
M  END
","InChI=1S/C25H25ClN6O4S/c1-25(2,27)24(33)28-15-7-6-8-17(13-15)37(34,35)32-23-22(29-19-9-4-5-10-20(19)30-23)31-21-14-16(36-3)11-12-18(21)26/h4-14H,27H2,1-3H3,(H,28,33)(H,29,31)(H,30,32)",QINPEPAQOBZPOF-UHFFFAOYSA-N,COc1ccc(Cl)c(Nc2nc3ccccc3nc2NS(=O)(=O)c2cccc(NC(=O)C(C)(C)N)c2)c1
1832976,CHEMBL3402762,TEPOTINIB,INHIBITOR,,CHEMBL3717,Hepatocyte growth factor receptor,Brain Neoplasms,brain neoplasm,1.0,1832976.0,492.58,4.01,8.0,0.0,96.93,7.0,N,0.0,492.58,4.0,37.0,0.38,C29H28N6O2,-1.73,,,,1832976.0,"
     RDKit          2D

 37 41  0  0  0  0  0  0  0  0999 V2000
   -6.4742    1.6913    0.0000 C   0  0  0  0  0  0  0  0  0  0  0  0
   -5.7597    0.4538    0.0000 C   0  0  0  0  0  0  0  0  0  0  0  0
   -5.7597    1.2788    0.0000 C   0  0  0  0  0  0  0  0  0  0  0  0
   -5.0452    0.0412    0.0000 C   0  0  0  0  0  0  0  0  0  0  0  0
   -4.3307    0.4537    0.0000 C   0  0  0  0  0  0  0  0  0  0  0  0
   -4.3307    1.2787    0.0000 C   0  0  0  0  0  0  0  0  0  0  0  0
   -5.0452    1.6912    0.0000 C   0  0  0  0  0  0  0  0  0  0  0  0
   -2.9018    1.2787    0.0000 N   0  0  0  0  0  0  0  0  0  0  0  0
   -3.6163    1.6912    0.0000 C   0  0  0  0  0  0  0  0  0  0  0  0
   -3.6162    2.5162    0.0000 C   0  0  0  0  0  0  0  0  0  0  0  0
   -2.9018    2.9287    0.0000 C   0  0  0  0  0  0  0  0  0  0  0  0
   -2.1873    2.5162    0.0000 C   0  0  0  0  0  0  0  0  0  0  0  0
   -2.1873    1.6912    0.0000 N   0  0  0  0  0  0  0  0  0  0  0  0
   -1.4728    1.2787    0.0000 C   0  0  0  0  0  0  0  0  0  0  0  0
   -0.7583    1.6912    0.0000 C   0  0  0  0  0  0  0  0  0  0  0  0
   -0.7583    2.5162    0.0000 C   0  0  0  0  0  0  0  0  0  0  0  0
   -1.4728    2.9287    0.0000 O   0  0  0  0  0  0  0  0  0  0  0  0
   -0.0439    1.2787    0.0000 C   0  0  0  0  0  0  0  0  0  0  0  0
    0.6706    1.6911    0.0000 C   0  0  0  0  0  0  0  0  0  0  0  0
    0.6706    2.5161    0.0000 C   0  0  0  0  0  0  0  0  0  0  0  0
   -0.0439    2.9287    0.0000 C   0  0  0  0  0  0  0  0  0  0  0  0
    1.3851    0.4536    0.0000 N   0  0  0  0  0  0  0  0  0  0  0  0
    1.3851    1.2786    0.0000 C   0  0  0  0  0  0  0  0  0  0  0  0
    2.0995    1.6911    0.0000 N   0  0  0  0  0  0  0  0  0  0  0  0
    2.0995    0.0411    0.0000 C   0  0  0  0  0  0  0  0  0  0  0  0
    2.8140    0.4536    0.0000 C   0  0  0  0  0  0  0  0  0  0  0  0
    2.8140    1.2786    0.0000 C   0  0  0  0  0  0  0  0  0  0  0  0
    3.5285    0.0411    0.0000 O   0  0  0  0  0  0  0  0  0  0  0  0
    4.2429    0.4536    0.0000 C   0  0  0  0  0  0  0  0  0  0  0  0
    4.9574   -0.7839    0.0000 C   0  0  0  0  0  0  0  0  0  0  0  0
    4.9574    0.0411    0.0000 C   0  0  0  0  0  0  0  0  0  0  0  0
    5.6719    0.4536    0.0000 C   0  0  0  0  0  0  0  0  0  0  0  0
    5.6719   -1.1964    0.0000 C   0  0  0  0  0  0  0  0  0  0  0  0
    6.3863   -0.7839    0.0000 N   0  0  0  0  0  0  0  0  0  0  0  0
    6.3863    0.0411    0.0000 C   0  0  0  0  0  0  0  0  0  0  0  0
   -7.1886    2.1038    0.0000 N   0  0  0  0  0  0  0  0  0  0  0  0
    7.1008   -1.1964    0.0000 C   0  0  0  0  0  0  0  0  0  0  0  0
  2  3  2  0
  1  3  1  0
  4  5  2  0
  5  6  1  0
  6  7  2  0
  2  4  1  0
  3  7  1  0
  8  9  2  0
  6  9  1  0
 10 11  2  0
 11 12  1  0
 12 13  1  0
  8 13  1  0
  9 10  1  0
 14 15  1  0
 15 16  2  0
 12 17  2  0
 13 14  1  0
 18 19  2  0
 19 20  1  0
 20 21  2  0
 15 18  1  0
 16 21  1  0
 22 23  2  0
 19 23  1  0
 25 26  2  0
 26 27  1  0
 24 27  2  0
 22 25  1  0
 24 23  1  0
 28 29  1  0
 26 28  1  0
 30 31  1  0
 29 31  1  0
 33 34  1  0
 34 35  1  0
 32 35  1  0
 30 33  1  0
 32 31  1  0
  1 36  3  0
 34 37  1  0
M  END
","InChI=1S/C29H28N6O2/c1-34-12-10-21(11-13-34)20-37-26-17-31-29(32-18-26)25-7-3-5-23(15-25)19-35-28(36)9-8-27(33-35)24-6-2-4-22(14-24)16-30/h2-9,14-15,17-18,21H,10-13,19-20H2,1H3",AHYMHWXQRWRBKT-UHFFFAOYSA-N,CN1CCC(COc2cnc(-c3cccc(Cn4nc(-c5cccc(C#N)c5)ccc4=O)c3)nc2)CC1
49931,CHEMBL34259,METHOTREXATE,INHIBITOR,,CHEMBL202,Dihydrofolate reductase,Brain Neoplasms,brain cancer,3.0,49931.0,454.45,0.27,10.0,5.0,210.54,9.0,N,0.0,454.45,3.0,33.0,0.29,C20H22N8O5,-0.53,86912803.0,49931.0,1040.0,49931.0,"
     RDKit          2D

 33 35  0  0  0  0  0  0  0  0999 V2000
   11.3841   -6.8938    0.0000 N   0  0  0  0  0  0  0  0  0  0  0  0
   10.6966   -5.6311    0.0000 N   0  0  0  0  0  0  0  0  0  0  0  0
    9.9507   -6.8597    0.0000 C   0  0  0  0  0  0  0  0  0  0  0  0
    9.9604   -6.0406    0.0000 C   0  0  0  0  0  0  0  0  0  0  0  0
   10.6528   -7.2887    0.0000 C   0  0  0  0  0  0  0  0  0  0  0  0
   11.3938   -6.0455    0.0000 C   0  0  0  0  0  0  0  0  0  0  0  0
    9.2291   -7.2546    0.0000 N   0  0  0  0  0  0  0  0  0  0  0  0
    4.2026   -8.4003    0.0000 C   0  0  0  0  0  0  0  0  0  0  0  0
    9.2633   -5.6164    0.0000 N   0  0  0  0  0  0  0  0  0  0  0  0
    3.4957   -7.9713    0.0000 N   0  0  0  0  0  0  0  0  0  0  0  0
    8.5270   -6.8304    0.0000 C   0  0  0  0  0  0  0  0  0  0  0  0
    2.7546   -9.1901    0.0000 C   0  0  0  0  0  0  0  0  0  0  0  0
    7.0840   -6.8061    0.0000 N   0  0  0  0  0  0  0  0  0  0  0  0
    2.7693   -8.3711    0.0000 C   0  0  0  0  0  0  0  0  0  0  0  0
    0.6338   -7.9127    0.0000 C   0  0  0  0  0  0  0  0  0  0  0  0
    4.9290   -7.9908    0.0000 C   0  0  0  0  0  0  0  0  0  0  0  0
    7.7957   -7.2399    0.0000 C   0  0  0  0  0  0  0  0  0  0  0  0
    6.3527   -7.2156    0.0000 C   0  0  0  0  0  0  0  0  0  0  0  0
    4.1880   -9.2145    0.0000 O   0  0  0  0  0  0  0  0  0  0  0  0
   -0.2584   -8.3515    0.0000 O   0  0  0  0  0  0  0  0  0  0  0  0
    3.4567   -9.6143    0.0000 O   0  0  0  0  0  0  0  0  0  0  0  0
    8.5270   -6.0016    0.0000 C   0  0  0  0  0  0  0  0  0  0  0  0
    0.6485   -7.0840    0.0000 O   0  0  0  0  0  0  0  0  0  0  0  0
   10.6528   -8.1078    0.0000 N   0  0  0  0  0  0  0  0  0  0  0  0
    5.6311   -8.4100    0.0000 C   0  0  0  0  0  0  0  0  0  0  0  0
    4.9290   -7.1814    0.0000 C   0  0  0  0  0  0  0  0  0  0  0  0
    6.3527   -8.0200    0.0000 C   0  0  0  0  0  0  0  0  0  0  0  0
    5.6652   -6.7768    0.0000 C   0  0  0  0  0  0  0  0  0  0  0  0
   12.1251   -5.6506    0.0000 N   0  0  0  0  0  0  0  0  0  0  0  0
    2.0672   -7.9323    0.0000 C   0  0  0  0  0  0  0  0  0  0  0  0
    1.3456   -8.3369    0.0000 C   0  0  0  0  0  0  0  0  0  0  0  0
    2.0379   -9.5948    0.0000 O   0  0  0  0  0  0  0  0  0  0  0  0
    7.0986   -5.9724    0.0000 C   0  0  0  0  0  0  0  0  0  0  0  0
  2  6  1  0
  3  5  2  0
  4  2  2  0
  5  1  1  0
  6  1  2  0
  7  3  1  0
  8 16  1  0
  9  4  1  0
 10  8  1  0
 11  7  2  0
 14 12  1  6
 13 17  1  0
 14 10  1  0
 15 31  1  0
 16 26  1  0
 17 11  1  0
 18 13  1  0
 19  8  2  0
 20 15  1  0
 21 12  2  0
 22  9  2  0
 23 15  2  0
 24  5  1  0
 25 27  1  0
 26 28  2  0
 27 18  2  0
 28 18  1  0
 29  6  1  0
 30 14  1  0
 31 30  1  0
 32 12  1  0
 33 13  1  0
  4  3  1  0
 22 11  1  0
 16 25  2  0
M  END
","InChI=1S/C20H22N8O5/c1-28(9-11-8-23-17-15(24-11)16(21)26-20(22)27-17)12-4-2-10(3-5-12)18(31)25-13(19(32)33)6-7-14(29)30/h2-5,8,13H,6-7,9H2,1H3,(H,25,31)(H,29,30)(H,32,33)(H4,21,22,23,26,27)/t13-/m0/s1",FBOZXECLQNJBKD-ZDUSSCGKSA-N,CN(Cc1cnc2nc(N)nc(N)c2n1)c1ccc(C(=O)N[C@@H](CCC(=O)O)C(=O)O)cc1
246935,CHEMBL343448,ROMIDEPSIN,INHIBITOR,,CHEMBL2093865,Histone deacetylase,Astrocytoma,anaplastic astrocytoma,1.0,246935.0,540.71,1.43,8.0,4.0,142.7,2.0,N,1.0,540.71,0.0,36.0,0.18,C24H36N4O6S2,2.22,83728863.0,246935.0,35.0,246935.0,"
     RDKit          2D

 38 39  0  0  0  0  0  0  0  0999 V2000
    2.4052  -24.2985    0.0000 C   0  0  0  0  0  0  0  0  0  0  0  0
    0.9763  -24.2985    0.0000 S   0  0  0  0  0  0  0  0  0  0  0  0
    0.9763  -25.1235    0.0000 S   0  0  0  0  0  0  0  0  0  0  0  0
    1.6907  -25.5360    0.0000 C   0  0  0  0  0  0  0  0  0  0  0  0
    2.4052  -25.1235    0.0000 C   0  0  0  0  0  0  0  0  0  0  0  0
    3.1197  -23.0609    0.0000 C   0  0  0  0  0  0  0  0  0  0  0  0
    3.1197  -23.8860    0.0000 C   0  0  0  0  0  0  0  0  0  0  0  0
    0.2618  -23.8860    0.0000 C   0  0  0  0  0  0  0  0  0  0  0  0
    0.2618  -23.0610    0.0000 C   0  0  0  0  0  0  0  0  0  0  0  0
    2.4052  -22.6484    0.0000 C   0  0  0  0  0  0  0  0  0  0  0  0
    0.9762  -22.6485    0.0000 N   0  0  0  0  0  0  0  0  0  0  0  0
    0.5637  -21.9340    0.0000 C   0  0  0  0  0  0  0  0  0  0  0  0
    1.1471  -21.3507    0.0000 C   0  0  0  0  0  0  0  0  0  0  0  0
    2.8177  -21.9340    0.0000 C   0  0  0  0  0  0  0  0  0  0  0  0
    2.2343  -21.3506    0.0000 N   0  0  0  0  0  0  0  0  0  0  0  0
    3.6356  -21.8263    0.0000 O   0  0  0  0  0  0  0  0  0  0  0  0
   -0.2542  -21.8263    0.0000 O   0  0  0  0  0  0  0  0  0  0  0  0
    0.8314  -20.5885    0.0000 C   0  0  0  0  0  0  0  0  0  0  0  0
    1.3336  -19.9339    0.0000 C   0  0  0  0  0  0  0  0  0  0  0  0
    0.0134  -20.4808    0.0000 C   0  0  0  0  0  0  0  0  0  0  0  0
   -0.5632  -23.0610    0.0000 C   0  0  0  0  0  0  0  0  0  0  0  0
    3.9447  -23.0609    0.0000 O   0  0  0  0  0  0  0  0  0  0  0  0
   -0.6178  -28.1575    0.0000 N   0  0  0  0  0  0  0  0  0  0  0  0
    3.8367  -28.2226    0.0000 C   0  0  0  0  0  0  0  0  0  0  0  0
   -1.1435  -22.4745    0.0000 O   0  0  0  0  0  0  0  0  0  0  0  0
    0.0967  -28.5700    0.0000 C   0  0  0  0  0  0  0  0  0  0  0  0
    0.0967  -29.3950    0.0000 C   0  0  0  0  0  0  0  0  0  0  0  0
    0.8112  -28.1575    0.0000 C   0  0  0  0  0  0  0  0  0  0  0  0
    1.5256  -28.5700    0.0000 N   0  0  0  0  0  0  0  0  0  0  0  0
    0.8112  -27.3325    0.0000 O   0  0  0  0  0  0  0  0  0  0  0  0
    2.6662  -28.0275    0.0000 C   0  0  0  0  0  0  0  0  0  0  0  0
    2.5515  -27.2105    0.0000 C   0  0  0  0  0  0  0  0  0  0  0  0
    3.2017  -26.7027    0.0000 C   0  0  0  0  0  0  0  0  0  0  0  0
    1.7867  -26.9013    0.0000 C   0  0  0  0  0  0  0  0  0  0  0  0
    4.3634  -28.8576    0.0000 O   0  0  0  0  0  0  0  0  0  0  0  0
   -0.6178  -29.8075    0.0000 C   0  0  0  0  0  0  0  0  0  0  0  0
   -0.1507  -22.3465    0.0000 H   0  0  0  0  0  0  0  0  0  0  0  0
    3.5322  -22.3465    0.0000 H   0  0  0  0  0  0  0  0  0  0  0  0
  2  3  1  0
  3  4  1  0
  4  5  1  0
  5  1  1  0
  7  1  2  0
  6  7  1  0
  2  8  1  0
  8  9  1  0
  6 10  1  0
  9 11  1  0
 11 12  1  0
 12 13  1  0
 10 14  1  0
 14 15  1  0
 13 15  1  0
 14 16  2  0
 12 17  2  0
 13 18  1  1
 18 19  1  0
 18 20  1  0
  9 21  1  0
  6 22  1  0
 21 23  1  0
 21 25  2  0
 22 24  1  0
 23 26  1  0
 26 27  2  0
 26 28  1  0
 28 29  1  0
 28 30  2  0
 29 31  1  0
 31 24  1  0
 31 32  1  1
 32 33  1  0
 32 34  1  0
 24 35  2  0
 27 36  1  0
  9 37  1  1
  6 38  1  1
M  END","InChI=1S/C24H36N4O6S2/c1-6-16-21(30)28-20(14(4)5)24(33)34-15-9-7-8-10-35-36-12-17(22(31)25-16)26-23(32)19(13(2)3)27-18(29)11-15/h6-7,9,13-15,17,19-20H,8,10-12H2,1-5H3,(H,25,31)(H,26,32)(H,27,29)(H,28,30)/b9-7+,16-6-/t15-,17-,19-,20+/m1/s1",OHRURASPPZQGQM-GCCNXGTGSA-N,C/C=C1\NC(=O)[C@H]2CSSCC/C=C/[C@H](CC(=O)N[C@H](C(C)C)C(=O)N2)OC(=O)[C@H](C(C)C)NC1=O
1926760,CHEMBL3544911,PREXASERTIB,INHIBITOR,,CHEMBL2527,Serine/threonine-protein kinase Chk2,Brain Neoplasms,brain cancer,1.0,1926760.0,365.4,2.22,8.0,3.0,134.76,8.0,N,0.0,365.4,3.0,27.0,0.52,C18H19N7O2,-0.73,84062068.0,1926760.0,63.0,1926760.0,"
     RDKit          2D

 27 29  0  0  0  0  0  0  0  0999 V2000
   -4.2087   13.2292    0.0000 C   0  0  0  0  0  0  0  0  0  0  0  0
   -4.2087   14.0542    0.0000 C   0  0  0  0  0  0  0  0  0  0  0  0
   -3.4942   14.4667    0.0000 C   0  0  0  0  0  0  0  0  0  0  0  0
   -2.7797   14.0542    0.0000 C   0  0  0  0  0  0  0  0  0  0  0  0
   -2.7797   13.2292    0.0000 C   0  0  0  0  0  0  0  0  0  0  0  0
   -3.4942   12.8167    0.0000 C   0  0  0  0  0  0  0  0  0  0  0  0
   -4.9231   12.8167    0.0000 O   0  0  0  0  0  0  0  0  0  0  0  0
   -4.9231   11.9917    0.0000 C   0  0  0  0  0  0  0  0  0  0  0  0
   -3.4942   11.9917    0.0000 C   0  0  0  0  0  0  0  0  0  0  0  0
   -2.8268   11.5068    0.0000 C   0  0  0  0  0  0  0  0  0  0  0  0
   -3.0817   10.7221    0.0000 C   0  0  0  0  0  0  0  0  0  0  0  0
   -3.9067   10.7221    0.0000 N   0  0  0  0  0  0  0  0  0  0  0  0
   -4.1616   11.5068    0.0000 N   0  0  0  0  0  0  0  0  0  0  0  0
   -2.5968   10.0547    0.0000 N   0  0  0  0  0  0  0  0  0  0  0  0
   -2.9323    9.3010    0.0000 C   0  0  0  0  0  0  0  0  0  0  0  0
   -2.4474    8.6336    0.0000 N   0  0  0  0  0  0  0  0  0  0  0  0
   -2.7830    7.8799    0.0000 C   0  0  0  0  0  0  0  0  0  0  0  0
   -3.6034    7.7937    0.0000 C   0  0  0  0  0  0  0  0  0  0  0  0
   -4.0884    8.4611    0.0000 N   0  0  0  0  0  0  0  0  0  0  0  0
   -3.7528    9.2148    0.0000 C   0  0  0  0  0  0  0  0  0  0  0  0
   -3.9390    7.0400    0.0000 C   0  0  0  0  0  0  0  0  0  0  0  0
   -4.2746    6.2863    0.0000 N   0  0  0  0  0  0  0  0  0  0  0  0
   -2.0653   12.8167    0.0000 O   0  0  0  0  0  0  0  0  0  0  0  0
   -2.0653   11.9917    0.0000 C   0  0  0  0  0  0  0  0  0  0  0  0
   -1.3508   11.5792    0.0000 C   0  0  0  0  0  0  0  0  0  0  0  0
   -0.6363   11.9917    0.0000 C   0  0  0  0  0  0  0  0  0  0  0  0
   -0.6363   12.8167    0.0000 N   0  0  0  0  0  0  0  0  0  0  0  0
  1  2  1  0
  1  6  2  0
  2  3  2  0
  3  4  1  0
  4  5  2  0
  5  6  1  0
  1  7  1  0
  7  8  1  0
  6  9  1  0
  9 10  2  0
  9 13  1  0
 10 11  1  0
 11 12  2  0
 12 13  1  0
 11 14  1  0
 14 15  1  0
 15 16  1  0
 15 20  2  0
 16 17  2  0
 17 18  1  0
 18 19  2  0
 19 20  1  0
 18 21  1  0
 21 22  3  0
  5 23  1  0
 23 24  1  0
 24 25  1  0
 25 26  1  0
 26 27  1  0
M  END
","InChI=1S/C18H19N7O2/c1-26-14-4-2-5-15(27-7-3-6-19)18(14)13-8-16(25-24-13)23-17-11-21-12(9-20)10-22-17/h2,4-5,8,10-11H,3,6-7,19H2,1H3,(H2,22,23,24,25)",DOTGPNHGTYJDEP-UHFFFAOYSA-N,COc1cccc(OCCCN)c1-c1cc(Nc2cnc(C#N)cn2)n[nH]1
1926832,CHEMBL3544983,TESEVATINIB,INHIBITOR,,CHEMBL1824,Receptor tyrosine-protein kinase erbB-2,Brain Neoplasms,brain neoplasm,2.0,1926832.0,491.39,5.79,6.0,1.0,59.51,6.0,N,1.0,491.39,3.0,33.0,0.44,C24H25Cl2FN4O2,-0.72,84385936.0,1926832.0,99.0,1926832.0,"
     RDKit          2D

 36 40  0  0  0  0  0  0  0  0999 V2000
    0.7071    2.9170    0.0000 C   0  0  0  0  0  0  0  0  0  0  0  0
   -0.0074    2.5045    0.0000 C   0  0  0  0  0  0  0  0  0  0  0  0
   -0.0074    1.6795    0.0000 C   0  0  0  0  0  0  0  0  0  0  0  0
    0.7071    1.2670    0.0000 C   0  0  0  0  0  0  0  0  0  0  0  0
    1.4216    1.6795    0.0000 C   0  0  0  0  0  0  0  0  0  0  0  0
    1.4216    2.5045    0.0000 C   0  0  0  0  0  0  0  0  0  0  0  0
    2.1361    1.2670    0.0000 C   0  0  0  0  0  0  0  0  0  0  0  0
    2.8506    1.6795    0.0000 N   0  0  0  0  0  0  0  0  0  0  0  0
    2.8506    2.5045    0.0000 C   0  0  0  0  0  0  0  0  0  0  0  0
    2.1361    2.9170    0.0000 N   0  0  0  0  0  0  0  0  0  0  0  0
   -0.7218    2.9170    0.0000 O   0  0  0  0  0  0  0  0  0  0  0  0
   -0.7218    1.2670    0.0000 O   0  0  0  0  0  0  0  0  0  0  0  0
   -0.7218    0.4420    0.0000 C   0  0  0  0  0  0  0  0  0  0  0  0
   -1.4363    2.5045    0.0000 C   0  0  0  0  0  0  0  0  0  0  0  0
   -2.1508    2.9170    0.0000 C   0  0  0  0  0  0  0  0  0  0  0  0
   -2.2370    3.7374    0.0000 C   0  0  0  0  0  0  0  0  0  0  0  0
   -3.0439    3.9090    0.0000 C   0  0  0  0  0  0  0  0  0  0  0  0
   -3.4565    3.1945    0.0000 C   0  0  0  0  0  0  0  0  0  0  0  0
   -2.9044    2.5814    0.0000 C   0  0  0  0  0  0  0  0  0  0  0  0
   -4.2634    3.3660    0.0000 C   0  0  0  0  0  0  0  0  0  0  0  0
   -4.3496    4.1865    0.0000 N   0  0  0  0  0  0  0  0  0  0  0  0
   -3.5960    4.5220    0.0000 C   0  0  0  0  0  0  0  0  0  0  0  0
   -5.0641    4.5990    0.0000 C   0  0  0  0  0  0  0  0  0  0  0  0
   -2.6315    4.6234    0.0000 H   0  0  0  0  0  0  0  0  0  0  0  0
   -3.8689    2.4800    0.0000 H   0  0  0  0  0  0  0  0  0  0  0  0
   -1.4363    3.3295    0.0000 H   0  0  0  0  0  0  0  0  0  0  0  0
    2.1361    0.4420    0.0000 N   0  0  0  0  0  0  0  0  0  0  0  0
    2.8506    0.0295    0.0000 C   0  0  0  0  0  0  0  0  0  0  0  0
    2.8506   -0.7955    0.0000 C   0  0  0  0  0  0  0  0  0  0  0  0
    3.5651   -1.2080    0.0000 C   0  0  0  0  0  0  0  0  0  0  0  0
    4.2796   -0.7955    0.0000 C   0  0  0  0  0  0  0  0  0  0  0  0
    4.2796    0.0296    0.0000 C   0  0  0  0  0  0  0  0  0  0  0  0
    3.5651    0.4420    0.0000 C   0  0  0  0  0  0  0  0  0  0  0  0
    3.5651    1.2670    0.0000 F   0  0  0  0  0  0  0  0  0  0  0  0
    4.9940    0.4421    0.0000 Cl  0  0  0  0  0  0  0  0  0  0  0  0
    4.9941   -1.2079    0.0000 Cl  0  0  0  0  0  0  0  0  0  0  0  0
  1  2  2  0
  1  6  1  0
  2  3  1  0
  3  4  2  0
  4  5  1  0
  5  7  1  0
  5  6  2  0
  6 10  1  0
  7  8  2  0
  8  9  1  0
  9 10  2  0
  2 11  1  0
  3 12  1  0
 12 13  1  0
 11 14  1  0
 14 15  1  0
 15 16  1  0
 15 19  1  0
 16 17  1  0
 18 19  1  0
 17 22  1  0
 17 18  1  0
 18 20  1  0
 20 21  1  0
 21 22  1  0
 21 23  1  0
 17 24  1  1
 18 25  1  1
 15 26  1  1
  7 27  1  0
 27 28  1  0
 28 29  1  0
 28 33  2  0
 29 30  2  0
 30 31  1  0
 31 32  2  0
 32 33  1  0
 33 34  1  0
 32 35  1  0
 31 36  1  0
M  END
","InChI=1S/C24H25Cl2FN4O2/c1-31-9-14-5-13(6-15(14)10-31)11-33-21-8-19-16(7-20(21)32-2)24(29-12-28-19)30-18-4-3-17(25)22(26)23(18)27/h3-4,7-8,12-15H,5-6,9-11H2,1-2H3,(H,28,29,30)/t13-,14-,15+",HVXKQKFEHMGHSL-QKDCVEJESA-N,COc1cc2c(Nc3ccc(Cl)c(Cl)c3F)ncnc2cc1OC[C@@H]1C[C@@H]2CN(C)C[C@@H]2C1
1926946,CHEMBL3545097,SAPANISERTIB,INHIBITOR,,CHEMBL2842,Serine/threonine-protein kinase mTOR,Glioblastoma,adult glioblastoma,1.0,1926946.0,309.33,2.38,8.0,2.0,121.67,2.0,N,0.0,309.33,4.0,23.0,0.58,C15H15N7O,-0.99,,,,1926946.0,"
     RDKit          2D

 23 26  0  0  0  0  0  0  0  0999 V2000
   -1.1255   -0.1260    0.0000 C   0  0  0  0  0  0  0  0  0  0  0  0
   -1.9325   -0.2975    0.0000 C   0  0  0  0  0  0  0  0  0  0  0  0
   -2.1875   -1.0821    0.0000 N   0  0  0  0  0  0  0  0  0  0  0  0
   -1.6354   -1.6952    0.0000 C   0  0  0  0  0  0  0  0  0  0  0  0
   -0.8285   -1.5237    0.0000 N   0  0  0  0  0  0  0  0  0  0  0  0
   -0.5735   -0.7391    0.0000 C   0  0  0  0  0  0  0  0  0  0  0  0
    0.3896    2.3444    0.0000 C   0  0  0  0  0  0  0  0  0  0  0  0
   -0.3248    1.9319    0.0000 C   0  0  0  0  0  0  0  0  0  0  0  0
   -0.3248    1.1069    0.0000 C   0  0  0  0  0  0  0  0  0  0  0  0
    0.3896    0.6944    0.0000 C   0  0  0  0  0  0  0  0  0  0  0  0
    1.1040    1.1069    0.0000 C   0  0  0  0  0  0  0  0  0  0  0  0
    1.1040    1.9319    0.0000 C   0  0  0  0  0  0  0  0  0  0  0  0
   -1.7930    1.0300    0.0000 N   0  0  0  0  0  0  0  0  0  0  0  0
   -2.3450    0.4169    0.0000 N   0  0  0  0  0  0  0  0  0  0  0  0
   -1.0393    0.6944    0.0000 C   0  0  0  0  0  0  0  0  0  0  0  0
    1.8886    2.1869    0.0000 O   0  0  0  0  0  0  0  0  0  0  0  0
    1.8886    0.8520    0.0000 N   0  0  0  0  0  0  0  0  0  0  0  0
    2.3736    1.5194    0.0000 C   0  0  0  0  0  0  0  0  0  0  0  0
    3.1986    1.5194    0.0000 N   0  0  0  0  0  0  0  0  0  0  0  0
    0.2334   -0.5676    0.0000 N   0  0  0  0  0  0  0  0  0  0  0  0
   -3.1655    0.5031    0.0000 C   0  0  0  0  0  0  0  0  0  0  0  0
   -3.5780    1.2176    0.0000 C   0  0  0  0  0  0  0  0  0  0  0  0
   -3.6148   -0.1887    0.0000 C   0  0  0  0  0  0  0  0  0  0  0  0
  1  2  2  0
  2  3  1  0
  3  4  2  0
  4  5  1  0
  5  6  2  0
  1  6  1  0
  7  8  2  0
  8  9  1  0
  9 10  2  0
 10 11  1  0
  7 12  1  0
 13 14  1  0
 13 15  2  0
 14  2  1  0
  1 15  1  0
 17 18  2  0
 16 18  1  0
 16 12  1  0
 11 17  1  0
 11 12  2  0
 18 19  1  0
  9 15  1  0
  6 20  1  0
 14 21  1  0
 21 22  1  0
 21 23  1  0
M  END
","InChI=1S/C15H15N7O/c1-7(2)22-14-11(13(16)18-6-19-14)12(21-22)8-3-4-10-9(5-8)20-15(17)23-10/h3-7H,1-2H3,(H2,17,20)(H2,16,18,19)",GYLDXIAOMVERTK-UHFFFAOYSA-N,CC(C)n1nc(-c2ccc3oc(N)nc3c2)c2c(N)ncnc21
1926959,CHEMBL3545110,RIBOCICLIB,INHIBITOR,,CHEMBL2508,Cyclin-dependent kinase 6,Astrocytoma,anaplastic astrocytoma,1.0,1926959.0,434.55,2.8,8.0,2.0,91.21,5.0,N,0.0,434.55,3.0,32.0,0.64,C23H30N8O,-1.43,,,,1926959.0,"
     RDKit          2D

 32 36  0  0  0  0  0  0  0  0999 V2000
    3.4624   -3.8244    0.0000 C   0  0  0  0  0  0  0  0  0  0  0  0
    3.4624   -5.1622    0.0000 C   0  0  0  0  0  0  0  0  0  0  0  0
    4.6113   -5.8232    0.0000 C   0  0  0  0  0  0  0  0  0  0  0  0
    5.7602   -5.1622    0.0000 C   0  0  0  0  0  0  0  0  0  0  0  0
    5.7602   -3.8244    0.0000 C   0  0  0  0  0  0  0  0  0  0  0  0
    4.6113   -3.1634    0.0000 N   0  0  0  0  0  0  0  0  0  0  0  0
    2.2978   -5.8232    0.0000 N   0  0  0  0  0  0  0  0  0  0  0  0
    1.1489   -5.1622    0.0000 C   0  0  0  0  0  0  0  0  0  0  0  0
    0.0000   -5.8232    0.0000 C   0  0  0  0  0  0  0  0  0  0  0  0
    0.0000   -7.1609    0.0000 N   0  0  0  0  0  0  0  0  0  0  0  0
    1.1489   -7.8220    0.0000 C   0  0  0  0  0  0  0  0  0  0  0  0
    2.2978   -7.1609    0.0000 C   0  0  0  0  0  0  0  0  0  0  0  0
    6.9091   -3.1634    0.0000 N   0  0  0  0  0  0  0  0  0  0  0  0
    8.0738   -3.8244    0.0000 C   0  0  0  0  0  0  0  0  0  0  0  0
    8.0738   -5.1622    0.0000 N   0  0  0  0  0  0  0  0  0  0  0  0
    9.2227   -5.8232    0.0000 C   0  0  0  0  0  0  0  0  0  0  0  0
   10.3716   -5.1622    0.0000 C   0  0  0  0  0  0  0  0  0  0  0  0
   10.3716   -3.8244    0.0000 C   0  0  0  0  0  0  0  0  0  0  0  0
    9.2227   -3.1634    0.0000 N   0  0  0  0  0  0  0  0  0  0  0  0
   11.6464   -5.5714    0.0000 C   0  0  0  0  0  0  0  0  0  0  0  0
   12.4175   -4.5012    0.0000 C   0  0  0  0  0  0  0  0  0  0  0  0
   11.6464   -3.4152    0.0000 N   0  0  0  0  0  0  0  0  0  0  0  0
   12.0556   -2.1562    0.0000 C   0  0  0  0  0  0  0  0  0  0  0  0
   13.3146   -1.7470    0.0000 C   0  0  0  0  0  0  0  0  0  0  0  0
   13.3146   -0.4092    0.0000 C   0  0  0  0  0  0  0  0  0  0  0  0
   12.0556    0.0000    0.0000 C   0  0  0  0  0  0  0  0  0  0  0  0
   11.2687   -1.0859    0.0000 C   0  0  0  0  0  0  0  0  0  0  0  0
   13.7553   -4.5012    0.0000 C   0  0  0  0  0  0  0  0  0  0  0  0
   14.4163   -3.3523    0.0000 O   0  0  0  0  0  0  0  0  0  0  0  0
   14.4163   -5.6501    0.0000 N   0  0  0  0  0  0  0  0  0  0  0  0
   13.7553   -6.7990    0.0000 C   0  0  0  0  0  0  0  0  0  0  0  0
   15.7383   -5.6501    0.0000 C   0  0  0  0  0  0  0  0  0  0  0  0
  1  2  2  0
  1  6  1  0
  2  3  1  0
  2  7  1  0
  3  4  2  0
  4  5  1  0
  5  6  2  0
  5 13  1  0
  7  8  1  0
  7 12  1  0
  8  9  1  0
  9 10  1  0
 10 11  1  0
 11 12  1  0
 13 14  1  0
 14 15  2  0
 14 19  1  0
 15 16  1  0
 16 17  2  0
 17 18  1  0
 17 20  1  0
 18 19  2  0
 18 22  1  0
 20 21  2  0
 21 22  1  0
 21 28  1  0
 22 23  1  0
 23 24  1  0
 23 27  1  0
 24 25  1  0
 25 26  1  0
 26 27  1  0
 28 29  2  0
 28 30  1  0
 30 31  1  0
 30 32  1  0
M  END
","InChI=1S/C23H30N8O/c1-29(2)22(32)19-13-16-14-26-23(28-21(16)31(19)17-5-3-4-6-17)27-20-8-7-18(15-25-20)30-11-9-24-10-12-30/h7-8,13-15,17,24H,3-6,9-12H2,1-2H3,(H,25,26,27,28)",RHXHGRAEPCAFML-UHFFFAOYSA-N,CN(C)C(=O)c1cc2cnc(Nc3ccc(N4CCNCC4)cn3)nc2n1C1CCCC1
1927034,CHEMBL3545185,SELINEXOR,INHIBITOR,,CHEMBL5661,Exportin-1,Glioblastoma,glioblastoma multiforme,2.0,1927034.0,443.31,3.39,7.0,2.0,97.62,5.0,N,0.0,443.31,3.0,31.0,0.36,C17H11F6N7O,-1.31,83657234.0,1927034.0,17.0,1927034.0,"
     RDKit          2D

 31 33  0  0  0  0  0  0  0  0999 V2000
  -15.4687    2.4161    0.0000 C   0  0  0  0  0  0  0  0  0  0  0  0
  -15.8812    3.1305    0.0000 C   0  0  0  0  0  0  0  0  0  0  0  0
  -16.7063    3.1305    0.0000 C   0  0  0  0  0  0  0  0  0  0  0  0
  -17.1188    2.4161    0.0000 C   0  0  0  0  0  0  0  0  0  0  0  0
  -16.7063    1.7016    0.0000 C   0  0  0  0  0  0  0  0  0  0  0  0
  -15.8812    1.7016    0.0000 C   0  0  0  0  0  0  0  0  0  0  0  0
  -14.6437    2.4161    0.0000 C   0  0  0  0  0  0  0  0  0  0  0  0
  -14.1588    1.7486    0.0000 N   0  0  0  0  0  0  0  0  0  0  0  0
  -13.3742    2.0036    0.0000 N   0  0  0  0  0  0  0  0  0  0  0  0
  -13.3742    2.8286    0.0000 C   0  0  0  0  0  0  0  0  0  0  0  0
  -14.1588    3.0835    0.0000 N   0  0  0  0  0  0  0  0  0  0  0  0
  -12.7068    1.5186    0.0000 C   0  0  0  0  0  0  0  0  0  0  0  0
  -11.9531    1.8542    0.0000 C   0  0  0  0  0  0  0  0  0  0  0  0
  -11.9531    2.6792    0.0000 C   0  0  0  0  0  0  0  0  0  0  0  0
  -11.2386    3.0917    0.0000 N   0  0  0  0  0  0  0  0  0  0  0  0
  -12.6676    3.0917    0.0000 O   0  0  0  0  0  0  0  0  0  0  0  0
  -11.2386    3.9167    0.0000 N   0  0  0  0  0  0  0  0  0  0  0  0
  -10.5242    4.3292    0.0000 C   0  0  0  0  0  0  0  0  0  0  0  0
   -9.8097    3.9167    0.0000 N   0  0  0  0  0  0  0  0  0  0  0  0
   -9.0952    4.3292    0.0000 C   0  0  0  0  0  0  0  0  0  0  0  0
   -9.0952    5.1542    0.0000 C   0  0  0  0  0  0  0  0  0  0  0  0
   -9.8097    5.5667    0.0000 N   0  0  0  0  0  0  0  0  0  0  0  0
  -10.5242    5.1542    0.0000 C   0  0  0  0  0  0  0  0  0  0  0  0
  -17.1188    3.8450    0.0000 C   0  0  0  0  0  0  0  0  0  0  0  0
  -17.9438    3.8450    0.0000 F   0  0  0  0  0  0  0  0  0  0  0  0
  -16.7063    4.5595    0.0000 F   0  0  0  0  0  0  0  0  0  0  0  0
  -17.5313    4.5595    0.0000 F   0  0  0  0  0  0  0  0  0  0  0  0
  -17.1188    0.9871    0.0000 C   0  0  0  0  0  0  0  0  0  0  0  0
  -16.7063    0.2727    0.0000 F   0  0  0  0  0  0  0  0  0  0  0  0
  -17.9438    0.9871    0.0000 F   0  0  0  0  0  0  0  0  0  0  0  0
  -17.5313    0.2727    0.0000 F   0  0  0  0  0  0  0  0  0  0  0  0
  1  2  1  0
  6  1  2  0
  2  3  2  0
  3  4  1  0
  4  5  2  0
  5  6  1  0
  1  7  1  0
  7  8  2  0
  7 11  1  0
  8  9  1  0
  9 10  1  0
 10 11  2  0
  9 12  1  0
 12 13  2  0
 13 14  1  0
 14 15  1  0
 14 16  2  0
 15 17  1  0
 17 18  1  0
 18 19  1  0
 18 23  2  0
 19 20  2  0
 20 21  1  0
 21 22  2  0
 22 23  1  0
  3 24  1  0
 24 25  1  0
 24 26  1  0
 24 27  1  0
  5 28  1  0
 28 29  1  0
 28 30  1  0
 28 31  1  0
M  END
","InChI=1S/C17H11F6N7O/c18-16(19,20)11-5-10(6-12(7-11)17(21,22)23)15-26-9-30(29-15)4-1-14(31)28-27-13-8-24-2-3-25-13/h1-9H,(H,25,27)(H,28,31)/b4-1-",DEVSOMFAQLZNKR-RJRFIUFISA-N,O=C(/C=C\n1cnc(-c2cc(C(F)(F)F)cc(C(F)(F)F)c2)n1)NNc1cnccn1
1927215,CHEMBL3545366,VOXTALISIB,INHIBITOR,,CHEMBL2842,Serine/threonine-protein kinase mTOR,Glioblastoma,glioblastoma multiforme,1.0,1927215.0,270.3,1.09,6.0,2.0,102.48,2.0,N,0.0,270.3,3.0,20.0,0.73,C13H14N6O,-1.46,,,,1927215.0,"
     RDKit          2D

 20 22  0  0  0  0  0  0  0  0999 V2000
   -2.6150    2.2982    0.0000 C   0  0  0  0  0  0  0  0  0  0  0  0
   -3.3295    2.7107    0.0000 C   0  0  0  0  0  0  0  0  0  0  0  0
   -4.0439    2.2982    0.0000 N   0  0  0  0  0  0  0  0  0  0  0  0
   -4.0440    1.4732    0.0000 C   0  0  0  0  0  0  0  0  0  0  0  0
   -3.3295    1.0607    0.0000 N   0  0  0  0  0  0  0  0  0  0  0  0
   -2.6150    1.4732    0.0000 C   0  0  0  0  0  0  0  0  0  0  0  0
   -1.9005    2.7107    0.0000 C   0  0  0  0  0  0  0  0  0  0  0  0
   -1.1860    2.2982    0.0000 C   0  0  0  0  0  0  0  0  0  0  0  0
   -1.1860    1.4732    0.0000 C   0  0  0  0  0  0  0  0  0  0  0  0
   -1.9005    1.0607    0.0000 N   0  0  0  0  0  0  0  0  0  0  0  0
   -0.4715    2.7107    0.0000 C   0  0  0  0  0  0  0  0  0  0  0  0
    0.2821    2.3752    0.0000 N   0  0  0  0  0  0  0  0  0  0  0  0
    0.8341    2.9883    0.0000 N   0  0  0  0  0  0  0  0  0  0  0  0
    0.4216    3.7027    0.0000 C   0  0  0  0  0  0  0  0  0  0  0  0
   -0.3853    3.5312    0.0000 C   0  0  0  0  0  0  0  0  0  0  0  0
   -0.4716    1.0607    0.0000 O   0  0  0  0  0  0  0  0  0  0  0  0
   -3.3295    3.5357    0.0000 C   0  0  0  0  0  0  0  0  0  0  0  0
   -4.7584    1.0607    0.0000 N   0  0  0  0  0  0  0  0  0  0  0  0
   -1.9005    0.2357    0.0000 C   0  0  0  0  0  0  0  0  0  0  0  0
   -2.6150   -0.1768    0.0000 C   0  0  0  0  0  0  0  0  0  0  0  0
  1  2  1  0
  2  3  2  0
  3  4  1  0
  4  5  2  0
  5  6  1  0
 10  6  1  0
  6  1  2  0
  1  7  1  0
  7  8  2  0
  8  9  1  0
  9 10  1  0
  8 11  1  0
 11 12  2  0
 11 15  1  0
 12 13  1  0
 13 14  1  0
 14 15  2  0
  9 16  2  0
  2 17  1  0
  4 18  1  0
 10 19  1  0
 19 20  1  0
M  END
","InChI=1S/C13H14N6O/c1-3-19-11-8(7(2)16-13(14)17-11)6-9(12(19)20)10-4-5-15-18-10/h4-6H,3H2,1-2H3,(H,15,18)(H2,14,16,17)",RGHYDLZMTYDBDT-UHFFFAOYSA-N,CCn1c(=O)c(-c2cc[nH]n2)cc2c(C)nc(N)nc21
1927218,CHEMBL3545369,EPACADOSTAT,INHIBITOR,,CHEMBL4685,"Indoleamine 2,3-dioxygenase 1",Paraganglioma,Paraganglioma,2.0,1927218.0,438.24,0.42,8.0,5.0,167.76,7.0,N,0.0,438.24,2.0,25.0,0.14,C11H13BrFN7O4S,-2.04,84062085.0,1927218.0,63.0,1927218.0,"
     RDKit          2D

 25 26  0  0  0  0  0  0  0  0999 V2000
    4.3607    0.7366    0.0000 C   0  0  0  0  0  0  0  0  0  0  0  0
    3.6462    0.3241    0.0000 C   0  0  0  0  0  0  0  0  0  0  0  0
    3.6462   -0.5009    0.0000 C   0  0  0  0  0  0  0  0  0  0  0  0
    4.3607   -0.9134    0.0000 C   0  0  0  0  0  0  0  0  0  0  0  0
    5.0752   -0.5009    0.0000 C   0  0  0  0  0  0  0  0  0  0  0  0
    5.0752    0.3241    0.0000 C   0  0  0  0  0  0  0  0  0  0  0  0
    5.7897    0.7366    0.0000 Br  0  0  0  0  0  0  0  0  0  0  0  0
    5.7897   -0.9134    0.0000 F   0  0  0  0  0  0  0  0  0  0  0  0
    2.9317    0.7366    0.0000 N   0  0  0  0  0  0  0  0  0  0  0  0
    2.2173    0.3241    0.0000 C   0  0  0  0  0  0  0  0  0  0  0  0
    1.5028    0.7366    0.0000 C   0  0  0  0  0  0  0  0  0  0  0  0
    2.2173   -0.5009    0.0000 N   0  0  0  0  0  0  0  0  0  0  0  0
    2.9317   -0.9134    0.0000 O   0  0  0  0  0  0  0  0  0  0  0  0
    1.4166    1.5571    0.0000 N   0  0  0  0  0  0  0  0  0  0  0  0
    0.6096    1.7286    0.0000 O   0  0  0  0  0  0  0  0  0  0  0  0
    0.1971    1.0141    0.0000 N   0  0  0  0  0  0  0  0  0  0  0  0
    0.7491    0.4011    0.0000 C   0  0  0  0  0  0  0  0  0  0  0  0
    0.5776   -0.4059    0.0000 N   0  0  0  0  0  0  0  0  0  0  0  0
   -0.1369   -0.8184    0.0000 C   0  0  0  0  0  0  0  0  0  0  0  0
   -0.8514   -0.4059    0.0000 C   0  0  0  0  0  0  0  0  0  0  0  0
   -1.5658   -0.8184    0.0000 N   0  0  0  0  0  0  0  0  0  0  0  0
   -2.2803   -0.4059    0.0000 S   0  0  0  0  0  0  0  0  0  0  0  0
   -2.9948   -0.8184    0.0000 N   0  0  0  0  0  0  0  0  0  0  0  0
   -2.8637    0.1775    0.0000 O   0  0  0  0  0  0  0  0  0  0  0  0
   -1.6969    0.1775    0.0000 O   0  0  0  0  0  0  0  0  0  0  0  0
  1  2  1  0
  1  6  2  0
  2  3  2  0
  3  4  1  0
  4  5  2  0
  5  6  1  0
  6  7  1  0
  5  8  1  0
  2  9  1  0
  9 10  1  0
 10 11  1  0
 10 12  2  0
 12 13  1  0
 11 14  2  0
 11 17  1  0
 14 15  1  0
 15 16  1  0
 16 17  2  0
 17 18  1  0
 18 19  1  0
 19 20  1  0
 20 21  1  0
 21 22  1  0
 22 23  1  0
 22 24  2  0
 22 25  2  0
M  END
","InChI=1S/C11H13BrFN7O4S/c12-7-5-6(1-2-8(7)13)17-11(18-21)9-10(20-24-19-9)15-3-4-16-25(14,22)23/h1-2,5,16,21H,3-4H2,(H,15,20)(H,17,18)(H2,14,22,23)",FBKMWOJEPMPVTQ-UHFFFAOYSA-N,NS(=O)(=O)NCCNc1nonc1/C(=N/O)Nc1ccc(F)c(Br)c1
1927281,CHEMBL3545432,IXAZOMIB CITRATE,INHIBITOR,26S proteosome beta-5 subunit,CHEMBL2364701,26S proteasome,Glioblastoma,glioblastoma multiforme,0.5,1927281.0,517.13,,,,,,,,517.13,,,,C20H23BCl2N2O9,,84397141.0,1927281.0,100.0,1927281.0,"
     RDKit          2D

 34 35  0  0  0  0  0  0  0  0999 V2000
    2.4976   -2.8037    0.0000 C   0  0  0  0  0  0  0  0  0  0  0  0
    1.1802   -2.3740    0.0000 C   0  0  0  0  0  0  0  0  0  0  0  0
   -3.3448    1.6263    0.0000 C   0  0  0  0  0  0  0  0  0  0  0  0
   -3.5928    0.8658    0.0000 C   0  0  0  0  0  0  0  0  0  0  0  0
    2.2111   -1.4479    0.0000 C   0  0  0  0  0  0  0  0  0  0  0  0
   -2.0275    1.1967    0.0000 C   0  0  0  0  0  0  0  0  0  0  0  0
    1.2336    1.6029    0.0000 C   0  0  0  0  0  0  0  0  0  0  0  0
    2.2521    1.9326    0.0000 C   0  0  0  0  0  0  0  0  0  0  0  0
   -0.4236   -0.5886    0.0000 C   0  0  0  0  0  0  0  0  0  0  0  0
    1.9629   -2.2085    0.0000 C   0  0  0  0  0  0  0  0  0  0  0  0
   -2.5621    1.7917    0.0000 C   0  0  0  0  0  0  0  0  0  0  0  0
   -2.2756    0.4361    0.0000 C   0  0  0  0  0  0  0  0  0  0  0  0
   -3.0583    0.2707    0.0000 C   0  0  0  0  0  0  0  0  0  0  0  0
    1.6764   -0.8529    0.0000 C   0  0  0  0  0  0  0  0  0  0  0  0
    0.3590   -0.4232    0.0000 C   0  0  0  0  0  0  0  0  0  0  0  0
    1.2344    2.4029    0.0000 C   0  0  0  0  0  0  0  0  0  0  0  0
    3.0479    2.0153    0.0000 C   0  0  0  0  0  0  0  0  0  0  0  0
   -1.7408   -0.1589    0.0000 C   0  0  0  0  0  0  0  0  0  0  0  0
    2.6865    0.9540    0.0000 C   0  0  0  0  0  0  0  0  0  0  0  0
    1.9260    1.2021    0.0000 C   0  0  0  0  0  0  0  0  0  0  0  0
    1.9244   -0.0923    0.0000 B   0  0  0  0  0  0  0  0  0  0  0  0
   -2.3141    2.5524    0.0000 Cl  0  0  0  0  0  0  0  0  0  0  0  0
   -3.3063   -0.4899    0.0000 Cl  0  0  0  0  0  0  0  0  0  0  0  0
   -0.9581    0.0064    0.0000 N   0  0  0  0  0  0  0  0  0  0  0  0
    0.8937   -1.0182    0.0000 N   0  0  0  0  0  0  0  0  0  0  0  0
    0.4157    0.3748    0.0000 O   0  0  0  0  0  0  0  0  0  0  0  0
    1.9277    2.8021    0.0000 O   0  0  0  0  0  0  0  0  0  0  0  0
    0.5420    2.8037    0.0000 O   0  0  0  0  0  0  0  0  0  0  0  0
    3.5928    1.4296    0.0000 O   0  0  0  0  0  0  0  0  0  0  0  0
    3.3740    2.7458    0.0000 O   0  0  0  0  0  0  0  0  0  0  0  0
   -1.9890   -0.9196    0.0000 O   0  0  0  0  0  0  0  0  0  0  0  0
    3.4594    1.1602    0.0000 O   0  0  0  0  0  0  0  0  0  0  0  0
    2.6856    0.1540    0.0000 O   0  0  0  0  0  0  0  0  0  0  0  0
    1.4549    0.5554    0.0000 O   0  0  0  0  0  0  0  0  0  0  0  0
  1 10  1  0
  2 10  1  0
  3  4  2  0
  3 11  1  0
  4 13  1  0
  5 10  1  0
 14  5  1  6
  6 11  2  0
  6 12  1  0
  7 16  1  0
  7 20  1  0
  8 17  1  0
  8 20  1  0
  9 15  1  0
  9 24  1  0
 11 22  1  0
 12 13  2  0
 12 18  1  0
 13 23  1  0
 14 21  1  0
 14 25  1  0
 15 25  1  0
 15 26  2  0
 16 27  2  0
 16 28  1  0
 17 29  2  0
 17 30  1  0
 18 24  1  0
 18 31  2  0
 19 20  1  0
 19 32  2  0
 19 33  1  0
 20 34  1  0
 21 33  1  0
 21 34  1  0
M  END","InChI=1S/C20H23BCl2N2O9/c1-10(2)5-14(21-33-19(32)20(34-21,7-16(27)28)8-17(29)30)25-15(26)9-24-18(31)12-6-11(22)3-4-13(12)23/h3-4,6,10,14H,5,7-9H2,1-2H3,(H,24,31)(H,25,26)(H,27,28)(H,29,30)/t14-/m0/s1",MBOMYENWWXQSNW-AWEZNQCLSA-N,CC(C)C[C@H](NC(=O)CNC(=O)c1cc(Cl)ccc1Cl)B1OC(=O)C(CC(=O)O)(CC(=O)O)O1
1947706,CHEMBL3581647,BIRABRESIB,INHIBITOR,,CHEMBL4296614,Bromodomain and extra-terminal motif (BET),Glioblastoma,glioblastoma multiforme,2.0,1947706.0,492.0,5.53,7.0,2.0,92.4,4.0,N,1.0,492.0,4.0,34.0,0.37,C25H22ClN5O2S,-1.2,84438165.0,1947706.0,104.0,1947706.0,"
     RDKit          2D

 35 39  0  0  0  0  0  0  0  0999 V2000
  -10.6476    5.5344    0.0000 C   0  0  0  0  0  0  0  0  0  0  0  0
  -10.4640    4.7301    0.0000 C   0  0  0  0  0  0  0  0  0  0  0  0
  -10.9784    4.0851    0.0000 C   0  0  0  0  0  0  0  0  0  0  0  0
  -11.8034    4.0851    0.0000 N   0  0  0  0  0  0  0  0  0  0  0  0
  -12.3177    4.7301    0.0000 C   0  0  0  0  0  0  0  0  0  0  0  0
  -12.1342    5.5344    0.0000 C   0  0  0  0  0  0  0  0  0  0  0  0
  -11.3909    5.8923    0.0000 N   0  0  0  0  0  0  0  0  0  0  0  0
  -10.0025    6.0488    0.0000 C   0  0  0  0  0  0  0  0  0  0  0  0
  -10.1255    6.8645    0.0000 C   0  0  0  0  0  0  0  0  0  0  0  0
   -9.4805    7.3789    0.0000 C   0  0  0  0  0  0  0  0  0  0  0  0
   -8.7125    7.0775    0.0000 C   0  0  0  0  0  0  0  0  0  0  0  0
   -8.5896    6.2617    0.0000 C   0  0  0  0  0  0  0  0  0  0  0  0
   -9.2346    5.7474    0.0000 C   0  0  0  0  0  0  0  0  0  0  0  0
   -8.0675    7.5919    0.0000 Cl  0  0  0  0  0  0  0  0  0  0  0  0
  -10.5239    3.3965    0.0000 S   0  0  0  0  0  0  0  0  0  0  0  0
   -9.7286    3.6160    0.0000 C   0  0  0  0  0  0  0  0  0  0  0  0
   -9.6916    4.4402    0.0000 C   0  0  0  0  0  0  0  0  0  0  0  0
  -12.2578    3.3965    0.0000 C   0  0  0  0  0  0  0  0  0  0  0  0
  -13.0531    3.6160    0.0000 N   0  0  0  0  0  0  0  0  0  0  0  0
  -13.0901    4.4402    0.0000 N   0  0  0  0  0  0  0  0  0  0  0  0
  -11.9680    2.6241    0.0000 C   0  0  0  0  0  0  0  0  0  0  0  0
   -9.0031    4.8947    0.0000 C   0  0  0  0  0  0  0  0  0  0  0  0
   -9.0836    3.1016    0.0000 C   0  0  0  0  0  0  0  0  0  0  0  0
  -12.7792    6.0488    0.0000 C   0  0  0  0  0  0  0  0  0  0  0  0
  -12.6562    6.8645    0.0000 C   0  0  0  0  0  0  0  0  0  0  0  0
  -13.3012    7.3789    0.0000 N   0  0  0  0  0  0  0  0  0  0  0  0
  -11.8882    7.1659    0.0000 O   0  0  0  0  0  0  0  0  0  0  0  0
  -13.1783    8.1947    0.0000 C   0  0  0  0  0  0  0  0  0  0  0  0
  -13.8233    8.7091    0.0000 C   0  0  0  0  0  0  0  0  0  0  0  0
  -13.7003    9.5249    0.0000 C   0  0  0  0  0  0  0  0  0  0  0  0
  -12.9323    9.8263    0.0000 C   0  0  0  0  0  0  0  0  0  0  0  0
  -12.2873    9.3119    0.0000 C   0  0  0  0  0  0  0  0  0  0  0  0
  -12.4103    8.4961    0.0000 C   0  0  0  0  0  0  0  0  0  0  0  0
  -12.8094   10.6421    0.0000 O   0  0  0  0  0  0  0  0  0  0  0  0
  -12.9129    5.2619    0.0000 H   0  0  0  0  0  0  0  0  0  0  0  0
  1  2  1  0
  3  4  1  0
  5  6  1  0
  6  7  1  0
  7  1  2  0
  1  8  1  0
  8  9  2  0
  8 13  1  0
  9 10  1  0
 10 11  2  0
 11 12  1  0
 12 13  2  0
 11 14  1  0
  2 17  1  0
  2  3  2  0
  3 15  1  0
 15 16  1  0
 16 17  2  0
  4 18  1  0
  5  4  1  0
  5 20  2  0
 18 19  2  0
 19 20  1  0
 18 21  1  0
 17 22  1  0
 16 23  1  0
  6 24  1  0
 24 25  1  0
 25 26  1  0
 25 27  2  0
 26 28  1  0
 28 29  1  0
 28 33  2  0
 29 30  2  0
 30 31  1  0
 31 32  2  0
 32 33  1  0
 31 34  1  0
  6 35  1  1
M  END
","InChI=1S/C25H22ClN5O2S/c1-13-14(2)34-25-22(13)23(16-4-6-17(26)7-5-16)28-20(24-30-29-15(3)31(24)25)12-21(33)27-18-8-10-19(32)11-9-18/h4-11,20,32H,12H2,1-3H3,(H,27,33)/t20-/m0/s1",GNMUEVRJHCWKTO-FQEVSTJZSA-N,Cc1sc2c(c1C)C(c1ccc(Cl)cc1)=N[C@@H](CC(=O)Nc1ccc(O)cc1)c1nnc(C)n1-2
1949623,CHEMBL3586404,ONATASERTIB,INHIBITOR,,CHEMBL2842,Serine/threonine-protein kinase mTOR,Glioblastoma,glioblastoma multiforme,1.0,1949623.0,397.48,2.48,7.0,2.0,100.47,4.0,N,0.0,397.48,2.0,29.0,0.82,C21H27N5O3,-0.35,,,,1949623.0,"
     RDKit          2D

 29 32  0  0  0  0  0  0  0  0999 V2000
   -0.9574    2.0235    0.0000 C   0  0  0  0  0  0  0  0  0  0  0  0
   -1.6719    1.6109    0.0000 C   0  0  0  0  0  0  0  0  0  0  0  0
   -1.6719    0.7859    0.0000 C   0  0  0  0  0  0  0  0  0  0  0  0
   -0.9574    0.3734    0.0000 C   0  0  0  0  0  0  0  0  0  0  0  0
   -0.2430    0.7859    0.0000 C   0  0  0  0  0  0  0  0  0  0  0  0
   -0.2430    1.6109    0.0000 C   0  0  0  0  0  0  0  0  0  0  0  0
   -0.9574   -0.4516    0.0000 N   0  0  0  0  0  0  0  0  0  0  0  0
   -1.6719   -0.8641    0.0000 C   0  0  0  0  0  0  0  0  0  0  0  0
   -1.6719   -1.6891    0.0000 C   0  0  0  0  0  0  0  0  0  0  0  0
   -0.9574   -2.1016    0.0000 N   0  0  0  0  0  0  0  0  0  0  0  0
   -0.2430   -1.6891    0.0000 C   0  0  0  0  0  0  0  0  0  0  0  0
   -0.2430   -0.8641    0.0000 C   0  0  0  0  0  0  0  0  0  0  0  0
   -2.3864   -0.4516    0.0000 N   0  0  0  0  0  0  0  0  0  0  0  0
   -3.1008   -0.8641    0.0000 C   0  0  0  0  0  0  0  0  0  0  0  0
   -3.1008   -1.6891    0.0000 C   0  0  0  0  0  0  0  0  0  0  0  0
   -2.3864   -2.1016    0.0000 N   0  0  0  0  0  0  0  0  0  0  0  0
   -4.5298    0.7859    0.0000 N   0  0  0  0  0  0  0  0  0  0  0  0
   -5.2442    0.3734    0.0000 C   0  0  0  0  0  0  0  0  0  0  0  0
   -5.2442   -0.4516    0.0000 C   0  0  0  0  0  0  0  0  0  0  0  0
   -4.5298   -0.8641    0.0000 C   0  0  0  0  0  0  0  0  0  0  0  0
   -3.8153   -0.4516    0.0000 C   0  0  0  0  0  0  0  0  0  0  0  0
   -3.8153    0.3734    0.0000 C   0  0  0  0  0  0  0  0  0  0  0  0
   -1.0006    2.8473    0.0000 O   0  0  0  0  0  0  0  0  0  0  0  0
   -0.3087    3.2967    0.0000 C   0  0  0  0  0  0  0  0  0  0  0  0
    0.4489   -0.4148    0.0000 O   0  0  0  0  0  0  0  0  0  0  0  0
   -5.9117    0.8583    0.0000 C   0  0  0  0  0  0  0  0  0  0  0  0
   -6.5562    0.3505    0.0000 C   0  0  0  0  0  0  0  0  0  0  0  0
   -6.3740    1.4573    0.0000 C   0  0  0  0  0  0  0  0  0  0  0  0
   -5.4268    1.5258    0.0000 O   0  0  0  0  0  0  0  0  0  0  0  0
  1  2  1  0
  2  3  1  0
  3  4  1  0
  4  5  1  0
  5  6  1  0
  1  6  1  0
  7  8  1  0
  8  9  2  0
  9 10  1  0
 10 11  1  0
 11 12  1  0
  7 12  1  0
 13 14  2  0
 14 15  1  0
 15 16  2  0
 13  8  1  0
 16  9  1  0
 17 18  1  0
 18 19  2  0
 19 20  1  0
 20 21  2  0
 21 22  1  0
 17 22  2  0
  1 23  1  6
 23 24  1  0
  4  7  1  1
 12 25  2  0
 14 21  1  0
 18 26  1  0
 26 27  1  0
 26 28  1  0
 26 29  1  0
M  END
","InChI=1S/C21H27N5O3/c1-21(2,28)17-9-4-13(10-22-17)16-11-23-19-20(25-16)26(18(27)12-24-19)14-5-7-15(29-3)8-6-14/h4,9-11,14-15,28H,5-8,12H2,1-3H3,(H,23,24)/t14-,15-",UFKLYTOEMRFKAD-SHTZXODSSA-N,CO[C@H]1CC[C@H](N2C(=O)CNc3ncc(-c4ccc(C(C)(C)O)nc4)nc32)CC1
1949793,CHEMBL3586573,CC-115,INHIBITOR,,CHEMBL2842,Serine/threonine-protein kinase mTOR,Glioblastoma,glioblastoma multiforme,1.0,1949793.0,336.36,1.41,7.0,2.0,112.58,3.0,N,0.0,336.36,3.0,25.0,0.74,C16H16N8O,-1.25,,,,1949793.0,"
     RDKit          2D

 25 28  0  0  0  0  0  0  0  0999 V2000
   -3.9086    1.5029    0.0000 C   0  0  0  0  0  0  0  0  0  0  0  0
   -5.2071    0.7519    0.0000 C   0  0  0  0  0  0  0  0  0  0  0  0
   -6.5067    1.5010    0.0000 C   0  0  0  0  0  0  0  0  0  0  0  0
   -6.5078    3.0010    0.0000 C   0  0  0  0  0  0  0  0  0  0  0  0
   -5.2092    3.7519    0.0000 N   0  0  0  0  0  0  0  0  0  0  0  0
   -3.9097    3.0028    0.0000 C   0  0  0  0  0  0  0  0  0  0  0  0
   -7.8080    3.7504    0.0000 C   0  0  0  0  0  0  0  0  0  0  0  0
   -9.1599    3.1306    0.0000 N   0  0  0  0  0  0  0  0  0  0  0  0
  -10.1626    4.2462    0.0000 N   0  0  0  0  0  0  0  0  0  0  0  0
   -9.4115    5.5446    0.0000 C   0  0  0  0  0  0  0  0  0  0  0  0
   -7.9445    5.2314    0.0000 N   0  0  0  0  0  0  0  0  0  0  0  0
   -2.8709    3.6035    0.0000 C   0  0  0  0  0  0  0  0  0  0  0  0
   -2.6111    0.7486    0.0000 C   0  0  0  0  0  0  0  0  0  0  0  0
   -2.6111   -0.7486    0.0000 C   0  0  0  0  0  0  0  0  0  0  0  0
   -1.2964    1.4973    0.0000 N   0  0  0  0  0  0  0  0  0  0  0  0
   -1.2964   -1.4973    0.0000 N   0  0  0  0  0  0  0  0  0  0  0  0
    0.0000   -0.7486    0.0000 C   0  0  0  0  0  0  0  0  0  0  0  0
    0.0000    0.7486    0.0000 C   0  0  0  0  0  0  0  0  0  0  0  0
    1.2964    1.4973    0.0000 N   0  0  0  0  0  0  0  0  0  0  0  0
    2.5929    0.7486    0.0000 C   0  0  0  0  0  0  0  0  0  0  0  0
    2.5929   -0.7486    0.0000 C   0  0  0  0  0  0  0  0  0  0  0  0
    1.2964   -1.4973    0.0000 N   0  0  0  0  0  0  0  0  0  0  0  0
    3.6321    1.3486    0.0000 O   0  0  0  0  0  0  0  0  0  0  0  0
    1.2995    2.9981    0.0000 C   0  0  0  0  0  0  0  0  0  0  0  0
    2.3396    3.5967    0.0000 C   0  0  0  0  0  0  0  0  0  0  0  0
  1  2  2  0
  2  3  1  0
  3  4  2  0
  4  5  1  0
  5  6  2  0
  6  1  1  0
 13  1  1  0
  4  7  1  0
  7  8  2  0
  8  9  1  0
  9 10  1  0
 10 11  2  0
 11  7  1  0
  6 12  1  0
 14 13  2  0
 13 15  1  0
 15 18  2  0
 17 16  2  0
 16 14  1  0
 17 18  1  0
 17 22  1  0
 18 19  1  0
 19 20  1  0
 20 21  1  0
 21 22  1  0
 20 23  2  0
 24 25  1  0
 19 24  1  0
M  END","InChI=1S/C16H16N8O/c1-3-24-13(25)7-18-15-16(24)22-12(6-17-15)10-4-5-11(21-9(10)2)14-19-8-20-23-14/h4-6,8H,3,7H2,1-2H3,(H,17,18)(H,19,20,23)",GMYLVKUGJMYTFB-UHFFFAOYSA-N,CCN1C(=O)CNc2ncc(-c3ccc(-c4nc[nH]n4)nc3C)nc21
1951262,CHEMBL3590106,ULIXERTINIB,INHIBITOR,,CHEMBL3385,Mitogen-activated protein kinase 3,Paraganglioma,Paraganglioma,0.5,1951262.0,433.34,4.67,4.0,4.0,90.04,7.0,N,0.0,433.34,3.0,29.0,0.44,C21H22Cl2N4O2,-1.08,,,,1951262.0,"
     RDKit          2D

 29 31  0  0  0  0  0  0  0  0999 V2000
    2.5973   -1.5031    0.0000 C   0  0  0  0  0  0  0  0  0  0  0  0
    3.8999   -0.7576    0.0000 C   0  0  0  0  0  0  0  0  0  0  0  0
    1.2990   -0.7500    0.0000 C   0  0  0  0  0  0  0  0  0  0  0  0
    4.9372   -1.3609    0.0000 O   0  0  0  0  0  0  0  0  0  0  0  0
    1.2990    0.7500    0.0000 C   0  0  0  0  0  0  0  0  0  0  0  0
    0.0000    1.5000    0.0000 C   0  0  0  0  0  0  0  0  0  0  0  0
   -1.2990    0.7500    0.0000 C   0  0  0  0  0  0  0  0  0  0  0  0
   -1.2990   -0.7500    0.0000 C   0  0  0  0  0  0  0  0  0  0  0  0
    0.0000   -1.5000    0.0000 C   0  0  0  0  0  0  0  0  0  0  0  0
    2.5951   -3.0039    0.0000 N   0  0  0  0  0  0  0  0  0  0  0  0
    3.8933   -3.7570    0.0000 C   0  0  0  0  0  0  0  0  0  0  0  0
    3.8912   -5.2578    0.0000 C   0  0  0  0  0  0  0  0  0  0  0  0
    4.9336   -3.1588    0.0000 O   0  0  0  0  0  0  0  0  0  0  0  0
    0.0000    2.7000    0.0000 Cl  0  0  0  0  0  0  0  0  0  0  0  0
    5.1017   -6.1219    0.0000 C   0  0  0  0  0  0  0  0  0  0  0  0
    4.6332   -7.5468    0.0000 C   0  0  0  0  0  0  0  0  0  0  0  0
    3.1332   -7.5416    0.0000 C   0  0  0  0  0  0  0  0  0  0  0  0
    2.6747   -6.1134    0.0000 N   0  0  0  0  0  0  0  0  0  0  0  0
    5.5111   -8.7640    0.0000 C   0  0  0  0  0  0  0  0  0  0  0  0
    7.0056   -8.7244    0.0000 C   0  0  0  0  0  0  0  0  0  0  0  0
    7.7891  -10.0035    0.0000 C   0  0  0  0  0  0  0  0  0  0  0  0
    7.0730  -11.3216    0.0000 N   0  0  0  0  0  0  0  0  0  0  0  0
    5.5735  -11.3605    0.0000 C   0  0  0  0  0  0  0  0  0  0  0  0
    4.7901  -10.0813    0.0000 C   0  0  0  0  0  0  0  0  0  0  0  0
    7.5782   -7.6698    0.0000 Cl  0  0  0  0  0  0  0  0  0  0  0  0
    4.8543  -12.6778    0.0000 N   0  0  0  0  0  0  0  0  0  0  0  0
    3.3539  -12.7145    0.0000 C   0  0  0  0  0  0  0  0  0  0  0  0
    2.7789  -13.7678    0.0000 C   0  0  0  0  0  0  0  0  0  0  0  0
    2.7290  -11.6901    0.0000 C   0  0  0  0  0  0  0  0  0  0  0  0
  1  2  1  0
  1  3  1  1
  2  4  1  0
  3  5  2  0
  5  6  1  0
  6  7  2  0
  7  8  1  0
  8  9  2  0
  9  3  1  0
  1 10  1  0
 10 11  1  0
 11 12  1  0
 11 13  2  0
  6 14  1  0
 12 15  2  0
 15 16  1  0
 16 17  2  0
 17 18  1  0
 18 12  1  0
 19 20  2  0
 20 21  1  0
 21 22  2  0
 22 23  1  0
 23 24  2  0
 24 19  1  0
 16 19  1  0
 20 25  1  0
 23 26  1  0
 26 27  1  0
 27 28  1  0
 27 29  1  0
M  END","InChI=1S/C21H22Cl2N4O2/c1-12(2)26-20-8-16(17(23)10-25-20)14-7-18(24-9-14)21(29)27-19(11-28)13-4-3-5-15(22)6-13/h3-10,12,19,24,28H,11H2,1-2H3,(H,25,26)(H,27,29)/t19-/m1/s1",KSERXGMCDHOLSS-LJQANCHMSA-N,CC(C)Nc1cc(-c2c[nH]c(C(=O)N[C@H](CO)c3cccc(Cl)c3)c2)c(Cl)cn1
462435,CHEMBL359744,DOXORUBICIN HYDROCHLORIDE,INHIBITOR,,CHEMBL1806,DNA topoisomerase 2-alpha,Glioblastoma,glioblastoma multiforme,2.0,462435.0,543.53,0.0,12.0,6.0,206.07,5.0,N,3.0,579.99,2.0,39.0,0.24,C27H30ClNO11,1.81,83792576.0,462435.0,48.0,462435.0,"
     RDKit          2D

 41 44  0  0  0  0  0  0  0  0999 V2000
   16.9331  -17.6987    0.0000 Cl  0  0  0  0  0  0  0  0  0  0  0  0
    8.3899  -16.1251    0.0000 C   0  0  0  0  0  0  0  0  0  0  0  0
    8.3887  -16.9500    0.0000 C   0  0  0  0  0  0  0  0  0  0  0  0
    9.0947  -17.3615    0.0000 C   0  0  0  0  0  0  0  0  0  0  0  0
    9.0927  -15.7137    0.0000 C   0  0  0  0  0  0  0  0  0  0  0  0
    9.8084  -16.1212    0.0000 C   0  0  0  0  0  0  0  0  0  0  0  0
    9.8121  -16.9520    0.0000 C   0  0  0  0  0  0  0  0  0  0  0  0
   10.5227  -17.3660    0.0000 C   0  0  0  0  0  0  0  0  0  0  0  0
   10.5244  -15.7043    0.0000 C   0  0  0  0  0  0  0  0  0  0  0  0
   11.2442  -16.1227    0.0000 C   0  0  0  0  0  0  0  0  0  0  0  0
   11.2395  -16.9502    0.0000 C   0  0  0  0  0  0  0  0  0  0  0  0
   11.9572  -17.3663    0.0000 C   0  0  0  0  0  0  0  0  0  0  0  0
   11.9580  -15.7129    0.0000 C   0  0  0  0  0  0  0  0  0  0  0  0
   10.5242  -14.8820    0.0000 O   0  0  0  0  0  0  0  0  0  0  0  0
   10.5230  -18.1882    0.0000 O   0  0  0  0  0  0  0  0  0  0  0  0
    9.0932  -18.1837    0.0000 O   0  0  0  0  0  0  0  0  0  0  0  0
    8.3803  -18.5936    0.0000 C   0  0  0  0  0  0  0  0  0  0  0  0
   11.9590  -14.8907    0.0000 O   0  0  0  0  0  0  0  0  0  0  0  0
   11.9535  -18.1885    0.0000 O   0  0  0  0  0  0  0  0  0  0  0  0
   12.6763  -16.1251    0.0000 C   0  0  0  0  0  0  0  0  0  0  0  0
   12.6671  -16.9566    0.0000 C   0  0  0  0  0  0  0  0  0  0  0  0
   13.3808  -17.3785    0.0000 C   0  0  0  0  0  0  0  0  0  0  0  0
   14.1037  -16.9645    0.0000 C   0  0  0  0  0  0  0  0  0  0  0  0
   14.1083  -16.1331    0.0000 C   0  0  0  0  0  0  0  0  0  0  0  0
   13.3901  -15.7112    0.0000 C   0  0  0  0  0  0  0  0  0  0  0  0
   14.8141  -16.5409    0.0000 O   0  0  0  0  0  0  0  0  0  0  0  0
   14.1255  -15.3111    0.0000 C   0  0  0  0  0  0  0  0  0  0  0  0
   14.8461  -14.9149    0.0000 C   0  0  0  0  0  0  0  0  0  0  0  0
   13.4221  -14.8852    0.0000 O   0  0  0  0  0  0  0  0  0  0  0  0
   15.5493  -15.3408    0.0000 O   0  0  0  0  0  0  0  0  0  0  0  0
   14.0726  -17.8182    0.0000 O   0  0  0  0  0  0  0  0  0  0  0  0
   14.0717  -18.6406    0.0000 C   0  0  0  0  0  0  0  0  0  0  0  0
   13.3596  -19.0455    0.0000 O   0  0  0  0  0  0  0  0  0  0  0  0
   13.3568  -19.8643    0.0000 C   0  0  0  0  0  0  0  0  0  0  0  0
   14.0645  -20.2808    0.0000 C   0  0  0  0  0  0  0  0  0  0  0  0
   14.7813  -19.8722    0.0000 C   0  0  0  0  0  0  0  0  0  0  0  0
   14.7858  -19.0472    0.0000 C   0  0  0  0  0  0  0  0  0  0  0  0
   12.6403  -20.2713    0.0000 C   0  0  0  0  0  0  0  0  0  0  0  0
   14.0605  -21.1031    0.0000 O   0  0  0  0  0  0  0  0  0  0  0  0
   15.4939  -20.2870    0.0000 N   0  0  0  0  0  0  0  0  0  0  0  0
   12.6672  -17.7788    0.0000 H   0  0  0  0  0  0  0  0  0  0  0  0
  8 11  1  0
 10  9  1  0
  6  5  2  0
 10 11  2  0
  5  2  1  0
 20 25  1  0
 21 22  1  0
 22 23  1  0
 23 24  1  0
 24 25  1  0
 11 12  1  0
 24 26  1  6
 12 21  2  0
 24 27  1  0
  6  7  1  0
 27 28  1  0
 20 13  2  0
 27 29  2  0
 13 10  1  0
 28 30  1  0
  2  3  2  0
 22 31  1  0
  9 14  2  0
 32 31  1  1
 32 33  1  0
  8 15  2  0
  3  4  1  0
  4 16  1  0
  4  7  2  0
 32 37  1  0
 33 34  1  0
 34 35  1  0
 35 36  1  0
 36 37  1  0
 16 17  1  0
 34 38  1  6
  6  9  1  0
 35 39  1  6
 13 18  1  0
 36 40  1  6
  7  8  1  0
 22 41  1  1
 12 19  1  0
 20 21  1  0
M  END
","InChI=1S/C27H29NO11.ClH/c1-10-22(31)13(28)6-17(38-10)39-15-8-27(36,16(30)9-29)7-12-19(15)26(35)21-20(24(12)33)23(32)11-4-3-5-14(37-2)18(11)25(21)34;/h3-5,10,13,15,17,22,29,31,33,35-36H,6-9,28H2,1-2H3;1H/t10-,13-,15-,17-,22+,27-;/m0./s1",MWWSFMDVAYGXBV-RUELKSSGSA-N,COc1cccc2c1C(=O)c1c(O)c3c(c(O)c1C2=O)C[C@@](O)(C(=O)CO)C[C@@H]3O[C@H]1C[C@H](N)[C@H](O)[C@H](C)O1.Cl
2013100,CHEMBL3639788,TELAGLENASTAT,INHIBITOR,,CHEMBL2146302,"Glutaminase kidney isoform, mitochondrial",Astrocytoma,astrocytoma,1.0,2013100.0,571.59,4.55,9.0,2.0,131.88,12.0,N,1.0,571.59,4.0,40.0,0.24,C26H24F3N7O3S,-1.87,84069429.0,2013100.0,63.0,2013100.0,"
     RDKit          2D

 40 43  0  0  0  0  0  0  0  0999 V2000
   -1.2659   -1.2852    0.0000 C   0  0  0  0  0  0  0  0  0  0  0  0
   -0.5515   -0.8727    0.0000 C   0  0  0  0  0  0  0  0  0  0  0  0
    0.1630   -1.2852    0.0000 C   0  0  0  0  0  0  0  0  0  0  0  0
    0.8775   -0.8727    0.0000 C   0  0  0  0  0  0  0  0  0  0  0  0
    1.5919   -1.2852    0.0000 C   0  0  0  0  0  0  0  0  0  0  0  0
    2.3064   -0.8727    0.0000 C   0  0  0  0  0  0  0  0  0  0  0  0
    1.5919   -2.1102    0.0000 N   0  0  0  0  0  0  0  0  0  0  0  0
    2.3064   -2.5227    0.0000 N   0  0  0  0  0  0  0  0  0  0  0  0
    3.0209   -2.1102    0.0000 C   0  0  0  0  0  0  0  0  0  0  0  0
    3.0209   -1.2852    0.0000 C   0  0  0  0  0  0  0  0  0  0  0  0
    3.7353   -2.5227    0.0000 N   0  0  0  0  0  0  0  0  0  0  0  0
    4.4498   -2.1102    0.0000 C   0  0  0  0  0  0  0  0  0  0  0  0
    4.4498   -1.2852    0.0000 O   0  0  0  0  0  0  0  0  0  0  0  0
    5.1643   -2.5228    0.0000 C   0  0  0  0  0  0  0  0  0  0  0  0
    5.8788   -2.1103    0.0000 C   0  0  0  0  0  0  0  0  0  0  0  0
    5.8788   -1.2853    0.0000 C   0  0  0  0  0  0  0  0  0  0  0  0
    6.5933   -2.5228    0.0000 C   0  0  0  0  0  0  0  0  0  0  0  0
    7.3078   -2.1103    0.0000 C   0  0  0  0  0  0  0  0  0  0  0  0
    7.3078   -1.2853    0.0000 C   0  0  0  0  0  0  0  0  0  0  0  0
    6.5933   -0.8728    0.0000 C   0  0  0  0  0  0  0  0  0  0  0  0
    6.5933   -0.0478    0.0000 O   0  0  0  0  0  0  0  0  0  0  0  0
    7.3078    0.3647    0.0000 C   0  0  0  0  0  0  0  0  0  0  0  0
    7.7203   -0.3497    0.0000 F   0  0  0  0  0  0  0  0  0  0  0  0
   -5.7611    2.2627    0.0000 C   0  0  0  0  0  0  0  0  0  0  0  0
   -6.5861    2.2627    0.0000 C   0  0  0  0  0  0  0  0  0  0  0  0
   -6.9986    1.5482    0.0000 C   0  0  0  0  0  0  0  0  0  0  0  0
   -6.5861    0.8338    0.0000 C   0  0  0  0  0  0  0  0  0  0  0  0
   -5.7611    0.8338    0.0000 C   0  0  0  0  0  0  0  0  0  0  0  0
   -5.3486    1.5483    0.0000 N   0  0  0  0  0  0  0  0  0  0  0  0
   -5.3486    0.1193    0.0000 C   0  0  0  0  0  0  0  0  0  0  0  0
   -4.5236    0.1193    0.0000 C   0  0  0  0  0  0  0  0  0  0  0  0
   -4.1111    0.8338    0.0000 O   0  0  0  0  0  0  0  0  0  0  0  0
   -4.1111   -0.5952    0.0000 N   0  0  0  0  0  0  0  0  0  0  0  0
   -3.2861   -0.5952    0.0000 C   0  0  0  0  0  0  0  0  0  0  0  0
   -2.8736    0.1193    0.0000 N   0  0  0  0  0  0  0  0  0  0  0  0
   -2.7341   -1.2083    0.0000 S   0  0  0  0  0  0  0  0  0  0  0  0
   -1.9804   -0.8727    0.0000 C   0  0  0  0  0  0  0  0  0  0  0  0
   -2.0667   -0.0523    0.0000 N   0  0  0  0  0  0  0  0  0  0  0  0
    6.8952    1.0792    0.0000 F   0  0  0  0  0  0  0  0  0  0  0  0
    8.0428    0.7393    0.0000 F   0  0  0  0  0  0  0  0  0  0  0  0
  1  2  1  0
  2  3  1  0
  3  4  1  0
  4  5  1  0
  7  8  2  0
  8  9  1  0
  9 10  2  0
  6 10  1  0
  6  5  2  0
  5  7  1  0
 11 12  1  0
 12 13  2  0
  9 11  1  0
 14 15  1  0
 15 16  2  0
 12 14  1  0
 17 18  2  0
 18 19  1  0
 19 20  2  0
 15 17  1  0
 16 20  1  0
 21 22  1  0
 22 23  1  0
 20 21  1  0
 24 25  2  0
 25 26  1  0
 26 27  2  0
 27 28  1  0
 28 29  2  0
 24 29  1  0
 30 31  1  0
 31 32  2  0
 28 30  1  0
 33 34  1  0
 34 35  2  0
 31 33  1  0
 36 37  1  0
 37 38  2  0
 34 36  1  0
 35 38  1  0
 37  1  1  0
 22 39  1  0
 22 40  1  0
M  END
","InChI=1S/C26H24F3N7O3S/c27-26(28,29)39-20-9-5-6-17(14-20)15-22(37)31-21-12-11-18(33-34-21)7-1-2-10-24-35-36-25(40-24)32-23(38)16-19-8-3-4-13-30-19/h3-6,8-9,11-14H,1-2,7,10,15-16H2,(H,31,34,37)(H,32,36,38)",PRAAPINBUWJLGA-UHFFFAOYSA-N,O=C(Cc1cccc(OC(F)(F)F)c1)Nc1ccc(CCCCc2nnc(NC(=O)Cc3ccccn3)s2)nn1
1992387,CHEMBL3659497,AZD-7451,INHIBITOR,,CHEMBL2815,High affinity nerve growth factor receptor,Glioblastoma,glioblastoma multiforme,1.0,1992387.0,382.4,3.03,8.0,2.0,106.43,6.0,N,0.0,382.4,4.0,28.0,0.53,C18H19FN8O,-1.36,,,,1992387.0,"
     RDKit          2D

 28 31  0  0  1  0  0  0  0  0999 V2000
   -3.7471   -9.3461    0.0000 C   0  0  0  0  0  0  0  0  0  0  0  0
   -3.5261   -8.1666    0.0000 C   0  0  0  0  0  0  0  0  0  0  0  0
   -4.4373   -7.3858    0.0000 C   0  0  0  0  0  0  0  0  0  0  0  0
   -2.1107   -7.6675    0.0000 O   0  0  0  0  0  0  0  0  0  0  0  0
   -1.8348   -6.1949    0.0000 C   0  0  0  0  0  0  0  0  0  0  0  0
   -0.4810   -5.5489    0.0000 C   0  0  0  0  0  0  0  0  0  0  0  0
   -0.6928   -4.0817    0.0000 C   0  0  0  0  0  0  0  0  0  0  0  0
   -2.1519   -3.7886    0.0000 N   0  0  0  0  0  0  0  0  0  0  0  0
   -2.8675   -5.1069    0.0000 N   0  0  0  0  0  0  0  0  0  0  0  0
    0.3114   -2.9665    0.0000 N   0  0  0  0  0  0  0  0  0  0  0  0
    1.8032   -3.1233    0.0000 C   0  0  0  0  0  0  0  0  0  0  0  0
    2.4133   -1.7530    0.0000 N   0  0  0  0  0  0  0  0  0  0  0  0
    1.2990   -0.7500    0.0000 C   0  0  0  0  0  0  0  0  0  0  0  0
    1.2990    0.7500    0.0000 C   0  0  0  0  0  0  0  0  0  0  0  0
    0.0000    1.5000    0.0000 C   0  0  0  0  0  0  0  0  0  0  0  0
   -1.2990    0.7500    0.0000 C   0  0  0  0  0  0  0  0  0  0  0  0
   -2.6003    1.4977    0.0000 N   0  0  0  0  0  0  0  0  0  0  0  0
   -3.8990    0.7455    0.0000 C   0  0  0  0  0  0  0  0  0  0  0  0
   -3.8969   -0.4545    0.0000 C   0  0  0  0  0  0  0  0  0  0  0  0
   -5.2003    1.4932    0.0000 C   0  0  0  0  0  0  0  0  0  0  0  0
   -6.4994    0.7432    0.0000 N   0  0  0  0  0  0  0  0  0  0  0  0
   -7.7985    1.4932    0.0000 C   0  0  0  0  0  0  0  0  0  0  0  0
   -7.7985    2.9932    0.0000 C   0  0  0  0  0  0  0  0  0  0  0  0
   -8.8378    3.5932    0.0000 F   0  0  0  0  0  0  0  0  0  0  0  0
   -6.4995    3.7432    0.0000 C   0  0  0  0  0  0  0  0  0  0  0  0
   -5.2004    2.9933    0.0000 N   0  0  0  0  0  0  0  0  0  0  0  0
   -1.2990   -0.7500    0.0000 N   0  0  0  0  0  0  0  0  0  0  0  0
    0.0000   -1.5000    0.0000 C   0  0  0  0  0  0  0  0  0  0  0  0
  1  2  1  0
  2  3  1  0
  2  4  1  0
  4  5  1  0
  5  6  2  0
  6  7  1  0
  7  8  2  0
  8  9  1  0
  9  5  1  0
  7 10  1  0
 10 11  1  0
 11 12  2  0
 12 13  1  0
 13 14  2  0
 14 15  1  0
 15 16  2  0
 16 17  1  0
 17 18  1  0
 18 19  1  1
 18 20  1  0
 20 21  2  0
 21 22  1  0
 22 23  2  0
 23 24  1  0
 23 25  1  0
 25 26  2  0
 26 20  1  0
 16 27  1  0
 27 28  2  0
 28 10  1  0
 28 13  1  0
M  END","InChI=1S/C18H19FN8O/c1-10(2)28-16-6-15(25-26-16)27-9-22-13-4-5-14(24-18(13)27)23-11(3)17-20-7-12(19)8-21-17/h4-11H,1-3H3,(H,23,24)(H,25,26)/t11-/m0/s1",AYOOGWWGECJQPI-NSHDSACASA-N,CC(C)Oc1cc(-n2cnc3ccc(N[C@@H](C)c4ncc(F)cn4)nc32)n[nH]1
2039319,CHEMBL3707348,ACALABRUTINIB,INHIBITOR,,CHEMBL5251,Tyrosine-protein kinase BTK,Glioblastoma,glioblastoma multiforme,1.0,2039319.0,465.52,3.31,7.0,2.0,118.51,4.0,N,0.0,465.52,4.0,35.0,0.45,C26H23N7O2,-0.95,85612025.0,2039319.0,160.0,2039319.0,"
     RDKit          2D

 36 40  0  0  0  0  0  0  0  0999 V2000
  -13.2100    9.5687    0.0000 C   0  0  0  0  0  0  0  0  0  0  0  0
  -12.9550    8.7840    0.0000 C   0  0  0  0  0  0  0  0  0  0  0  0
  -13.5071    8.1709    0.0000 C   0  0  0  0  0  0  0  0  0  0  0  0
  -14.3140    8.3425    0.0000 C   0  0  0  0  0  0  0  0  0  0  0  0
  -14.5690    9.1271    0.0000 C   0  0  0  0  0  0  0  0  0  0  0  0
  -14.0169    9.7402    0.0000 C   0  0  0  0  0  0  0  0  0  0  0  0
  -13.2521    7.3863    0.0000 C   0  0  0  0  0  0  0  0  0  0  0  0
  -12.4675    7.1314    0.0000 C   0  0  0  0  0  0  0  0  0  0  0  0
  -12.4675    6.3064    0.0000 N   0  0  0  0  0  0  0  0  0  0  0  0
  -13.2521    6.0514    0.0000 C   0  0  0  0  0  0  0  0  0  0  0  0
  -13.7370    6.7189    0.0000 N   0  0  0  0  0  0  0  0  0  0  0  0
  -11.7530    7.5439    0.0000 C   0  0  0  0  0  0  0  0  0  0  0  0
  -11.0386    7.1314    0.0000 N   0  0  0  0  0  0  0  0  0  0  0  0
  -11.0386    6.3064    0.0000 C   0  0  0  0  0  0  0  0  0  0  0  0
  -11.7530    5.8939    0.0000 C   0  0  0  0  0  0  0  0  0  0  0  0
  -13.5071    5.2668    0.0000 C   0  0  0  0  0  0  0  0  0  0  0  0
  -13.0221    4.5994    0.0000 N   0  0  0  0  0  0  0  0  0  0  0  0
  -13.5071    3.9319    0.0000 C   0  0  0  0  0  0  0  0  0  0  0  0
  -14.2917    4.1869    0.0000 C   0  0  0  0  0  0  0  0  0  0  0  0
  -14.2917    5.0119    0.0000 C   0  0  0  0  0  0  0  0  0  0  0  0
  -14.2719   10.5248    0.0000 C   0  0  0  0  0  0  0  0  0  0  0  0
  -13.7198   11.1379    0.0000 N   0  0  0  0  0  0  0  0  0  0  0  0
  -15.0788   10.6963    0.0000 O   0  0  0  0  0  0  0  0  0  0  0  0
  -12.9129   10.9664    0.0000 C   0  0  0  0  0  0  0  0  0  0  0  0
  -12.3608   11.5795    0.0000 N   0  0  0  0  0  0  0  0  0  0  0  0
  -11.5539   11.4079    0.0000 C   0  0  0  0  0  0  0  0  0  0  0  0
  -11.2989   10.6233    0.0000 C   0  0  0  0  0  0  0  0  0  0  0  0
  -11.8510   10.0102    0.0000 C   0  0  0  0  0  0  0  0  0  0  0  0
  -12.6579   10.1817    0.0000 C   0  0  0  0  0  0  0  0  0  0  0  0
  -11.7530    8.3689    0.0000 N   0  0  0  0  0  0  0  0  0  0  0  0
  -12.1971    4.5994    0.0000 C   0  0  0  0  0  0  0  0  0  0  0  0
  -11.7846    3.8849    0.0000 C   0  0  0  0  0  0  0  0  0  0  0  0
  -11.7846    5.3138    0.0000 O   0  0  0  0  0  0  0  0  0  0  0  0
  -11.3721    3.1704    0.0000 C   0  0  0  0  0  0  0  0  0  0  0  0
  -10.9596    2.4560    0.0000 C   0  0  0  0  0  0  0  0  0  0  0  0
  -12.6922    5.3959    0.0000 H   0  0  0  0  0  0  0  0  0  0  0  0
  1  2  2  0
  1  6  1  0
  2  3  1  0
  3  4  2  0
  4  5  1  0
  5  6  2  0
  3  7  1  0
  7  8  2  0
  7 11  1  0
  9 10  1  0
 10 11  2  0
  8 12  1  0
  9  8  1  0
 15  9  1  0
 12 13  2  0
 13 14  1  0
 14 15  2  0
 16 10  1  0
 16 17  1  0
 16 20  1  0
 17 18  1  0
 18 19  1  0
 19 20  1  0
  6 21  1  0
 21 22  1  0
 21 23  2  0
 22 24  1  0
 24 25  1  0
 24 29  2  0
 25 26  2  0
 26 27  1  0
 27 28  2  0
 28 29  1  0
 12 30  1  0
 17 31  1  0
 31 32  1  0
 31 33  2  0
 32 34  3  0
 34 35  1  0
 16 36  1  6
M  END
","InChI=1S/C26H23N7O2/c1-2-6-21(34)32-15-5-7-19(32)25-31-22(23-24(27)29-14-16-33(23)25)17-9-11-18(12-10-17)26(35)30-20-8-3-4-13-28-20/h3-4,8-14,16,19H,5,7,15H2,1H3,(H2,27,29)(H,28,30,35)/t19-/m0/s1",WDENQIQQYWYTPO-IBGZPJMESA-N,CC#CC(=O)N1CCC[C@H]1c1nc(-c2ccc(C(=O)Nc3ccccn3)cc2)c2c(N)nccn12
322351,CHEMBL371405,MARIZOMIB,INHIBITOR,,CHEMBL3831201,20S proteasome,Glioblastoma,glioblastoma multiforme,3.0,322351.0,313.78,1.13,4.0,2.0,75.63,4.0,N,0.0,313.78,0.0,21.0,0.46,C15H20ClNO4,2.87,83593883.0,322351.0,1.0,322351.0,"
     RDKit          2D

 22 24  0  0  0  0  0  0  0  0999 V2000
    0.1125    0.2625    0.0000 C   0  0  0  0  0  0  0  0  0  0  0  0
   -0.7125    0.2625    0.0000 C   0  0  0  0  0  0  0  0  0  0  0  0
    0.1125    1.0875    0.0000 C   0  0  0  0  0  0  0  0  0  0  0  0
    0.3667   -0.5208    0.0000 N   0  0  0  0  0  0  0  0  0  0  0  0
   -0.7125    1.0875    0.0000 O   0  0  0  0  0  0  0  0  0  0  0  0
   -0.3000   -1.0083    0.0000 C   0  0  0  0  0  0  0  0  0  0  0  0
   -0.9667   -0.5208    0.0000 C   0  0  0  0  0  0  0  0  0  0  0  0
    0.9375    0.2625    0.0000 C   0  0  0  0  0  0  0  0  0  0  0  0
    0.3250    1.8833    0.0000 O   0  0  0  0  0  0  0  0  0  0  0  0
   -0.3000   -1.8333    0.0000 O   0  0  0  0  0  0  0  0  0  0  0  0
    1.3500   -0.4500    0.0000 C   0  0  0  0  0  0  0  0  0  0  0  0
    2.1750   -0.4500    0.0000 C   0  0  0  0  0  0  0  0  0  0  0  0
   -1.5375    0.2625    0.0000 C   0  0  0  0  0  0  0  0  0  0  0  0
    2.5875   -1.1667    0.0000 C   0  0  0  0  0  0  0  0  0  0  0  0
    1.3500    0.9792    0.0000 O   0  0  0  0  0  0  0  0  0  0  0  0
   -1.3792   -1.2375    0.0000 C   0  0  0  0  0  0  0  0  0  0  0  0
   -2.5917   -1.7375    0.0000 Cl  0  0  0  0  0  0  0  0  0  0  0  0
    2.1750   -1.8792    0.0000 C   0  0  0  0  0  0  0  0  0  0  0  0
   -2.1792   -1.0208    0.0000 C   0  0  0  0  0  0  0  0  0  0  0  0
    0.9375   -1.1667    0.0000 C   0  0  0  0  0  0  0  0  0  0  0  0
    1.3500   -1.8792    0.0000 C   0  0  0  0  0  0  0  0  0  0  0  0
    1.8506   -1.3157    0.0000 H   0  0  0  0  0  0  0  0  0  0  0  0
  2  1  1  0
  1  3  1  0
  1  4  1  6
  5  3  1  0
  6  4  1  0
  7  2  1  0
  8  1  1  0
  9  3  2  0
 10  6  2  0
 11  8  1  0
 12 11  1  0
  2 13  1  1
 14 12  2  0
  8 15  1  1
  7 16  1  6
 17 19  1  0
 18 14  1  0
 19 16  1  0
 20 11  1  0
 21 20  1  0
  2  5  1  0
  6  7  1  0
 18 21  1  0
 11 22  1  1
M  END
","InChI=1S/C15H20ClNO4/c1-14-10(7-8-16)12(19)17-15(14,13(20)21-14)11(18)9-5-3-2-4-6-9/h3,5,9-11,18H,2,4,6-8H2,1H3,(H,17,19)/t9-,10+,11+,14+,15+/m1/s1",NGWSFRIPKNWYAO-SHTIJGAHSA-N,C[C@@]12OC(=O)[C@]1([C@@H](O)[C@@H]1C=CCCC1)NC(=O)[C@@H]2CCCl
2208,CHEMBL38,TRETINOIN,AGONIST,,CHEMBL2363069,Retinoic acid receptor,Glioblastoma,glioblastoma multiforme,1.0,2208.0,300.44,5.6,1.0,1.0,37.3,5.0,N,1.0,300.44,0.0,22.0,0.53,C20H28O2,2.31,83806603.0,2208.0,49.0,2208.0,"
     RDKit          2D

 22 22  0  0  0  0  0  0  0  0999 V2000
   -0.9667   -4.5292    0.0000 C   0  0  0  0  0  0  0  0  0  0  0  0
   -0.3500   -4.1792    0.0000 C   0  0  0  0  0  0  0  0  0  0  0  0
   -0.9667   -5.2417    0.0000 C   0  0  0  0  0  0  0  0  0  0  0  0
   -1.5792   -4.1792    0.0000 C   0  0  0  0  0  0  0  0  0  0  0  0
    0.2625   -4.5333    0.0000 C   0  0  0  0  0  0  0  0  0  0  0  0
    3.9417   -4.5333    0.0000 C   0  0  0  0  0  0  0  0  0  0  0  0
    4.5542   -4.1792    0.0000 C   0  0  0  0  0  0  0  0  0  0  0  0
    2.1000   -4.1792    0.0000 C   0  0  0  0  0  0  0  0  0  0  0  0
    3.3292   -4.1792    0.0000 C   0  0  0  0  0  0  0  0  0  0  0  0
    0.8750   -4.1792    0.0000 C   0  0  0  0  0  0  0  0  0  0  0  0
    2.7167   -4.5333    0.0000 C   0  0  0  0  0  0  0  0  0  0  0  0
    1.4875   -4.5333    0.0000 C   0  0  0  0  0  0  0  0  0  0  0  0
    4.5542   -3.4708    0.0000 O   0  0  0  0  0  0  0  0  0  0  0  0
    5.1708   -4.5333    0.0000 O   0  0  0  0  0  0  0  0  0  0  0  0
   -1.5792   -5.5917    0.0000 C   0  0  0  0  0  0  0  0  0  0  0  0
   -2.1875   -4.5292    0.0000 C   0  0  0  0  0  0  0  0  0  0  0  0
   -0.3500   -5.5917    0.0000 C   0  0  0  0  0  0  0  0  0  0  0  0
   -1.9375   -3.5625    0.0000 C   0  0  0  0  0  0  0  0  0  0  0  0
   -1.2333   -3.5625    0.0000 C   0  0  0  0  0  0  0  0  0  0  0  0
   -2.1875   -5.2417    0.0000 C   0  0  0  0  0  0  0  0  0  0  0  0
    3.3292   -3.4708    0.0000 C   0  0  0  0  0  0  0  0  0  0  0  0
    0.8750   -3.4708    0.0000 C   0  0  0  0  0  0  0  0  0  0  0  0
  2  1  1  0
  3  1  2  0
  4  1  1  0
  5  2  2  0
  6  9  2  0
  7  6  1  0
  8 12  1  0
  9 11  1  0
 10  5  1  0
 11  8  2  0
 12 10  2  0
 13  7  2  0
 14  7  1  0
 15  3  1  0
 16  4  1  0
 17  3  1  0
 18  4  1  0
 19  4  1  0
 20 16  1  0
 21  9  1  0
 22 10  1  0
 15 20  1  0
M  END
","InChI=1S/C20H28O2/c1-15(8-6-9-16(2)14-19(21)22)11-12-18-17(3)10-7-13-20(18,4)5/h6,8-9,11-12,14H,7,10,13H2,1-5H3,(H,21,22)/b9-6+,12-11+,15-8+,16-14+",SHGAZHPCJJPHSC-YCNIQYBTSA-N,CC1=C(/C=C/C(C)=C/C=C/C(C)=C/C(=O)O)C(C)(C)CCC1
2089439,CHEMBL3813842,PAXALISIB,INHIBITOR,,CHEMBL3559703,PI3-kinase class I,Glioblastoma,glioblastoma multiforme,2.0,2089439.0,382.43,0.97,10.0,1.0,117.1,2.0,N,0.0,382.43,3.0,28.0,0.69,C18H22N8O2,-0.99,,,,2089439.0,"
     RDKit          2D

 28 32  0  0  0  0  0  0  0  0999 V2000
   -3.6088    1.5481    0.0000 N   0  0  0  0  0  0  0  0  0  0  0  0
   -3.3131    2.3183    0.0000 C   0  0  0  0  0  0  0  0  0  0  0  0
   -3.8323    2.9594    0.0000 N   0  0  0  0  0  0  0  0  0  0  0  0
   -3.0896    0.9069    0.0000 C   0  0  0  0  0  0  0  0  0  0  0  0
   -2.2747    1.0360    0.0000 C   0  0  0  0  0  0  0  0  0  0  0  0
   -1.9791    1.8062    0.0000 C   0  0  0  0  0  0  0  0  0  0  0  0
   -2.4983    2.4473    0.0000 N   0  0  0  0  0  0  0  0  0  0  0  0
   -2.0512   -0.3754    0.0000 N   0  0  0  0  0  0  0  0  0  0  0  0
   -1.7556    0.3948    0.0000 C   0  0  0  0  0  0  0  0  0  0  0  0
   -1.5321   -1.0166    0.0000 C   0  0  0  0  0  0  0  0  0  0  0  0
   -0.7172   -0.8876    0.0000 C   0  0  0  0  0  0  0  0  0  0  0  0
   -0.4215   -0.1174    0.0000 C   0  0  0  0  0  0  0  0  0  0  0  0
   -0.9407    0.5238    0.0000 N   0  0  0  0  0  0  0  0  0  0  0  0
   -1.8278   -1.7868    0.0000 N   0  0  0  0  0  0  0  0  0  0  0  0
   -1.3086   -2.4280    0.0000 C   0  0  0  0  0  0  0  0  0  0  0  0
   -2.6426   -1.9158    0.0000 C   0  0  0  0  0  0  0  0  0  0  0  0
   -2.9384   -2.6860    0.0000 C   0  0  0  0  0  0  0  0  0  0  0  0
   -2.4192   -3.3271    0.0000 O   0  0  0  0  0  0  0  0  0  0  0  0
   -1.6044   -3.1981    0.0000 C   0  0  0  0  0  0  0  0  0  0  0  0
   -0.0761   -1.4068    0.0000 N   0  0  0  0  0  0  0  0  0  0  0  0
    0.6158   -0.9575    0.0000 C   0  0  0  0  0  0  0  0  0  0  0  0
    0.4023   -0.1606    0.0000 N   0  0  0  0  0  0  0  0  0  0  0  0
    1.4127   -1.1710    0.0000 C   0  0  0  0  0  0  0  0  0  0  0  0
    1.9961   -0.5877    0.0000 O   0  0  0  0  0  0  0  0  0  0  0  0
    1.7826    0.2092    0.0000 C   0  0  0  0  0  0  0  0  0  0  0  0
    0.9857    0.4228    0.0000 C   0  0  0  0  0  0  0  0  0  0  0  0
    1.1440   -1.9511    0.0000 C   0  0  0  0  0  0  0  0  0  0  0  0
    2.0353   -1.7123    0.0000 C   0  0  0  0  0  0  0  0  0  0  0  0
  1  2  2  0
  2  3  1  0
  4  5  2  0
  5  6  1  0
  6  7  2  0
  1  4  1  0
  2  7  1  0
  8  9  2  0
  5  9  1  0
 10 11  2  0
 11 12  1  0
 12 13  2  0
  8 10  1  0
  9 13  1  0
 14 15  1  0
 10 14  1  0
 16 17  1  0
 17 18  1  0
 18 19  1  0
 14 16  1  0
 15 19  1  0
 20 21  2  0
 21 22  1  0
 11 20  1  0
 12 22  1  0
 23 24  1  0
 24 25  1  0
 25 26  1  0
 21 23  1  0
 22 26  1  0
 23 27  1  0
 23 28  1  0
M  END","InChI=1S/C18H22N8O2/c1-18(2)16-22-12-14(25-3-6-27-7-4-25)23-13(11-9-20-17(19)21-10-11)24-15(12)26(16)5-8-28-18/h9-10H,3-8H2,1-2H3,(H2,19,20,21)",LGWACEZVCMBSKW-UHFFFAOYSA-N,CC1(C)OCCn2c1nc1c(N3CCOCC3)nc(-c3cnc(N)nc3)nc12
2089491,CHEMBL3813873,PEXIDARTINIB,INHIBITOR,,CHEMBL1844,Macrophage colony-stimulating factor 1 receptor,Glioblastoma,glioblastoma multiforme,2.0,2089491.0,417.82,5.23,4.0,2.0,66.49,5.0,N,1.0,417.82,4.0,29.0,0.47,C20H15ClF3N5,-1.35,,,,2089491.0,"
     RDKit          2D

 29 32  0  0  0  0  0  0  0  0999 V2000
   -8.4934    3.1237    0.0000 N   0  0  0  0  0  0  0  0  0  0  0  0
   -9.2080    2.7112    0.0000 C   0  0  0  0  0  0  0  0  0  0  0  0
   -9.2080    1.8862    0.0000 C   0  0  0  0  0  0  0  0  0  0  0  0
   -8.4934    1.4737    0.0000 C   0  0  0  0  0  0  0  0  0  0  0  0
   -7.7790    1.8862    0.0000 C   0  0  0  0  0  0  0  0  0  0  0  0
   -7.7790    2.7112    0.0000 C   0  0  0  0  0  0  0  0  0  0  0  0
   -5.3804    1.2882    0.0000 C   0  0  0  0  0  0  0  0  0  0  0  0
   -5.9325    0.6751    0.0000 C   0  0  0  0  0  0  0  0  0  0  0  0
   -5.6776   -0.1095    0.0000 C   0  0  0  0  0  0  0  0  0  0  0  0
   -4.8705   -0.2811    0.0000 C   0  0  0  0  0  0  0  0  0  0  0  0
   -4.3186    0.3320    0.0000 C   0  0  0  0  0  0  0  0  0  0  0  0
   -4.5735    1.1167    0.0000 N   0  0  0  0  0  0  0  0  0  0  0  0
   -1.6006    1.2152    0.0000 C   0  0  0  0  0  0  0  0  0  0  0  0
   -2.1526    0.6021    0.0000 C   0  0  0  0  0  0  0  0  0  0  0  0
   -1.8977   -0.1826    0.0000 C   0  0  0  0  0  0  0  0  0  0  0  0
   -1.0907   -0.3541    0.0000 N   0  0  0  0  0  0  0  0  0  0  0  0
   -0.5387    0.2590    0.0000 C   0  0  0  0  0  0  0  0  0  0  0  0
   -0.7936    1.0436    0.0000 C   0  0  0  0  0  0  0  0  0  0  0  0
   -6.5095    2.2987    0.0000 C   0  0  0  0  0  0  0  0  0  0  0  0
   -6.9944    2.9661    0.0000 N   0  0  0  0  0  0  0  0  0  0  0  0
   -6.9944    1.6313    0.0000 C   0  0  0  0  0  0  0  0  0  0  0  0
   -9.9224    1.4737    0.0000 Cl  0  0  0  0  0  0  0  0  0  0  0  0
   -6.7395    0.8466    0.0000 C   0  0  0  0  0  0  0  0  0  0  0  0
   -3.5115    0.1605    0.0000 N   0  0  0  0  0  0  0  0  0  0  0  0
   -2.9596    0.7735    0.0000 C   0  0  0  0  0  0  0  0  0  0  0  0
    0.2683    0.0874    0.0000 C   0  0  0  0  0  0  0  0  0  0  0  0
    0.9073    0.6606    0.0000 F   0  0  0  0  0  0  0  0  0  0  0  0
    1.0753   -0.0840    0.0000 F   0  0  0  0  0  0  0  0  0  0  0  0
    0.6228   -0.6611    0.0000 F   0  0  0  0  0  0  0  0  0  0  0  0
  1  2  2  0
  2  3  1  0
  3  4  2  0
  4  5  1  0
  5  6  2  0
  1  6  1  0
  7  8  1  0
  8  9  2  0
  9 10  1  0
 10 11  2  0
 11 12  1  0
  7 12  2  0
 13 14  1  0
 14 15  2  0
 15 16  1  0
 16 17  2  0
 17 18  1  0
 13 18  2  0
 19 20  1  0
 19 21  2  0
 20  6  1  0
  5 21  1  0
  3 22  1  0
 21 23  1  0
 23  8  1  0
 11 24  1  0
 24 25  1  0
 25 14  1  0
 17 26  1  0
 26 27  1  0
 26 28  1  0
 26 29  1  0
M  END
","InChI=1S/C20H15ClF3N5/c21-15-6-16-14(10-28-19(16)29-11-15)5-12-2-4-18(26-7-12)27-9-13-1-3-17(25-8-13)20(22,23)24/h1-4,6-8,10-11H,5,9H2,(H,26,27)(H,28,29)",JGWRKYUXBBNENE-UHFFFAOYSA-N,FC(F)(F)c1ccc(CNc2ccc(Cc3c[nH]c4ncc(Cl)cc34)cn2)cn1
340939,CHEMBL383322,RESIQUIMOD,AGONIST,,CHEMBL5805,Toll-like receptor 8,Astrocytoma,anaplastic astrocytoma,2.0,340939.0,314.39,2.47,6.0,2.0,86.19,5.0,N,0.0,314.39,3.0,23.0,0.76,C17H22N4O2,-0.62,,,,340939.0,"
     RDKit          2D

 23 25  0  0  0  0  0  0  0  0999 V2000
    0.4625   -0.6792    0.0000 C   0  0  0  0  0  0  0  0  0  0  0  0
   -0.0375    0.5083    0.0000 N   0  0  0  0  0  0  0  0  0  0  0  0
    1.0750   -0.1375    0.0000 N   0  0  0  0  0  0  0  0  0  0  0  0
   -0.2000   -0.2792    0.0000 C   0  0  0  0  0  0  0  0  0  0  0  0
    0.7542    0.5708    0.0000 C   0  0  0  0  0  0  0  0  0  0  0  0
    0.4625   -1.4667    0.0000 C   0  0  0  0  0  0  0  0  0  0  0  0
   -0.2000   -1.8667    0.0000 N   0  0  0  0  0  0  0  0  0  0  0  0
   -0.8833   -0.6792    0.0000 C   0  0  0  0  0  0  0  0  0  0  0  0
   -0.8833   -1.4667    0.0000 C   0  0  0  0  0  0  0  0  0  0  0  0
   -0.7458    0.9000    0.0000 C   0  0  0  0  0  0  0  0  0  0  0  0
   -0.7750    1.6750    0.0000 C   0  0  0  0  0  0  0  0  0  0  0  0
    1.1417   -1.8875    0.0000 N   0  0  0  0  0  0  0  0  0  0  0  0
    1.3542    0.9625    0.0000 C   0  0  0  0  0  0  0  0  0  0  0  0
   -1.4625    2.0708    0.0000 O   0  0  0  0  0  0  0  0  0  0  0  0
   -1.5583   -0.2792    0.0000 C   0  0  0  0  0  0  0  0  0  0  0  0
   -1.5583   -1.8667    0.0000 C   0  0  0  0  0  0  0  0  0  0  0  0
    2.0250    0.6125    0.0000 O   0  0  0  0  0  0  0  0  0  0  0  0
   -0.0250    1.3750    0.0000 C   0  0  0  0  0  0  0  0  0  0  0  0
   -0.5875    2.5875    0.0000 C   0  0  0  0  0  0  0  0  0  0  0  0
    2.7167    0.9833    0.0000 C   0  0  0  0  0  0  0  0  0  0  0  0
   -2.2583   -0.6792    0.0000 C   0  0  0  0  0  0  0  0  0  0  0  0
    3.3875    0.5708    0.0000 C   0  0  0  0  0  0  0  0  0  0  0  0
   -2.2583   -1.4667    0.0000 C   0  0  0  0  0  0  0  0  0  0  0  0
  2  4  1  0
  3  1  1  0
  4  1  2  0
  5  3  2  0
  6  1  1  0
  7  6  2  0
  8  4  1  0
  9  7  1  0
 10  2  1  0
 11 10  1  0
 12  6  1  0
 13  5  1  0
 14 11  1  0
 15  8  1  0
 16  9  1  0
 17 13  1  0
 18 11  1  0
 19 11  1  0
 20 17  1  0
 21 15  2  0
 22 20  1  0
 23 16  2  0
  2  5  1  0
  8  9  2  0
 21 23  1  0
M  END
","InChI=1S/C17H22N4O2/c1-4-23-9-13-20-14-15(21(13)10-17(2,3)22)11-7-5-6-8-12(11)19-16(14)18/h5-8,22H,4,9-10H2,1-3H3,(H2,18,19)",BXNMTOQRYBFHNZ-UHFFFAOYSA-N,CCOCc1nc2c(N)nc3ccccc3c2n1CC(C)(C)O
365281,CHEMBL384467,DEXAMETHASONE,AGONIST,,CHEMBL2034,Glucocorticoid receptor,Brain Neoplasms,brain cancer,2.0,365281.0,392.47,1.9,5.0,3.0,94.83,2.0,N,0.0,392.47,0.0,28.0,0.67,C22H29FO5,2.21,86296703.0,365281.0,1029.0,365281.0,"
     RDKit          2D

 30 33  0  0  0  0  0  0  0  0999 V2000
    2.0329   -0.4066    0.0000 C   0  0  0  0  0  0  0  0  0  0  0  0
    2.8450   -0.2614    0.0000 C   0  0  0  0  0  0  0  0  0  0  0  0
    3.1253    0.5145    0.0000 C   0  0  0  0  0  0  0  0  0  0  0  0
    2.5935    1.1452    0.0000 C   0  0  0  0  0  0  0  0  0  0  0  0
    1.7813    1.0000    0.0000 C   0  0  0  0  0  0  0  0  0  0  0  0
    1.2495    1.6307    0.0000 C   0  0  0  0  0  0  0  0  0  0  0  0
    0.4374    1.4855    0.0000 C   0  0  0  0  0  0  0  0  0  0  0  0
    0.1571    0.7096    0.0000 C   0  0  0  0  0  0  0  0  0  0  0  0
    0.6889    0.0789    0.0000 C   0  0  0  0  0  0  0  0  0  0  0  0
    1.5010    0.2241    0.0000 C   0  0  0  0  0  0  0  0  0  0  0  0
    0.4086   -0.6970    0.0000 C   0  0  0  0  0  0  0  0  0  0  0  0
   -0.4035   -0.8423    0.0000 C   0  0  0  0  0  0  0  0  0  0  0  0
   -0.9353   -0.2116    0.0000 C   0  0  0  0  0  0  0  0  0  0  0  0
   -0.6550    0.5644    0.0000 C   0  0  0  0  0  0  0  0  0  0  0  0
   -1.3063    1.0707    0.0000 C   0  0  0  0  0  0  0  0  0  0  0  0
   -1.9892    0.6077    0.0000 C   0  0  0  0  0  0  0  0  0  0  0  0
   -1.7599   -0.1847    0.0000 C   0  0  0  0  0  0  0  0  0  0  0  0
   -1.2952   -0.9539    0.0000 C   0  0  0  0  0  0  0  0  0  0  0  0
    1.2207   -0.5518    0.0000 C   0  0  0  0  0  0  0  0  0  0  0  0
   -2.5208   -0.5036    0.0000 C   0  0  0  0  0  0  0  0  0  0  0  0
   -2.6250   -1.3220    0.0000 C   0  0  0  0  0  0  0  0  0  0  0  0
   -2.7651    0.8880    0.0000 C   0  0  0  0  0  0  0  0  0  0  0  0
    0.7485   -0.7440    0.0000 F   0  0  0  0  0  0  0  0  0  0  0  0
    3.9374    0.6597    0.0000 O   0  0  0  0  0  0  0  0  0  0  0  0
    0.9404   -1.3278    0.0000 O   0  0  0  0  0  0  0  0  0  0  0  0
   -1.8813   -1.0008    0.0000 O   0  0  0  0  0  0  0  0  0  0  0  0
   -3.1774   -0.0041    0.0000 O   0  0  0  0  0  0  0  0  0  0  0  0
   -1.9685   -1.8215    0.0000 O   0  0  0  0  0  0  0  0  0  0  0  0
   -0.4154    1.5353    0.0000 H   0  0  0  0  0  0  0  0  0  0  0  0
   -0.4875    1.4741    0.0000 H   0  0  0  0  0  0  0  0  0  0  0  0
  1  2  2  0
  1 10  1  0
  2  3  1  0
  3  4  1  0
  3 24  2  0
  4  5  2  0
  5  6  1  0
 10  5  1  0
  6  7  1  0
  8  7  1  0
  8  9  1  0
 14  8  1  0
 10  9  1  0
 11  9  1  0
  9 23  1  6
 10 19  1  1
 11 12  1  0
 11 25  1  1
 12 13  1  0
 13 14  1  0
 13 17  1  0
 13 18  1  1
 14 15  1  0
 15 16  1  0
 16 17  1  0
 16 22  1  6
 17 20  1  0
 17 26  1  6
 20 21  1  0
 20 27  2  0
 21 28  1  0
 14 29  1  6
  8 30  1  1
M  END
","InChI=1S/C22H29FO5/c1-12-8-16-15-5-4-13-9-14(25)6-7-19(13,2)21(15,23)17(26)10-20(16,3)22(12,28)18(27)11-24/h6-7,9,12,15-17,24,26,28H,4-5,8,10-11H2,1-3H3/t12-,15+,16+,17+,19+,20+,21+,22+/m1/s1",UREBDLICKHMUKA-CXSFZGCWSA-N,C[C@@H]1C[C@H]2[C@@H]3CCC4=CC(=O)C=C[C@]4(C)[C@@]3(F)[C@@H](O)C[C@]2(C)[C@@]1(O)C(=O)CO
2099025,CHEMBL3889654,LAROTRECTINIB,INHIBITOR,,CHEMBL3559684,Neurotrophic tyrosine kinase receptor,Diffuse Intrinsic Pontine Glioma,diffuse intrinsic pontine glioma,0.5,2099025.0,428.44,2.95,6.0,2.0,86.0,3.0,N,0.0,428.44,3.0,31.0,0.67,C21H22F2N6O2,-1.76,,,,2099025.0,"
     RDKit          2D

 31 35  0  0  0  0  0  0  0  0999 V2000
   -5.4196    2.0227    0.0000 C   0  0  0  0  0  0  0  0  0  0  0  0
   -6.1114    1.5734    0.0000 C   0  0  0  0  0  0  0  0  0  0  0  0
   -5.8979    0.7765    0.0000 C   0  0  0  0  0  0  0  0  0  0  0  0
   -5.0740    0.7334    0.0000 N   0  0  0  0  0  0  0  0  0  0  0  0
   -4.7784    1.5035    0.0000 C   0  0  0  0  0  0  0  0  0  0  0  0
   -6.8465    1.9479    0.0000 O   0  0  0  0  0  0  0  0  0  0  0  0
   -4.6247    0.0415    0.0000 C   0  0  0  0  0  0  0  0  0  0  0  0
   -5.0372   -0.6730    0.0000 O   0  0  0  0  0  0  0  0  0  0  0  0
   -3.8008    0.0847    0.0000 N   0  0  0  0  0  0  0  0  0  0  0  0
   -3.3515   -0.6072    0.0000 C   0  0  0  0  0  0  0  0  0  0  0  0
   -2.5276   -0.6504    0.0000 C   0  0  0  0  0  0  0  0  0  0  0  0
   -3.6471   -1.3774    0.0000 C   0  0  0  0  0  0  0  0  0  0  0  0
   -3.0060   -1.8966    0.0000 N   0  0  0  0  0  0  0  0  0  0  0  0
   -2.3141   -1.4473    0.0000 N   0  0  0  0  0  0  0  0  0  0  0  0
   -1.1474   -0.2806    0.0000 C   0  0  0  0  0  0  0  0  0  0  0  0
   -1.9443   -0.0671    0.0000 N   0  0  0  0  0  0  0  0  0  0  0  0
   -1.5172   -1.6608    0.0000 C   0  0  0  0  0  0  0  0  0  0  0  0
   -0.9339   -1.0775    0.0000 C   0  0  0  0  0  0  0  0  0  0  0  0
   -0.5640    0.3028    0.0000 N   0  0  0  0  0  0  0  0  0  0  0  0
    0.2508    0.1737    0.0000 C   0  0  0  0  0  0  0  0  0  0  0  0
    0.6254    0.9087    0.0000 C   0  0  0  0  0  0  0  0  0  0  0  0
    0.0420    1.4921    0.0000 C   0  0  0  0  0  0  0  0  0  0  0  0
   -0.6930    1.1176    0.0000 C   0  0  0  0  0  0  0  0  0  0  0  0
   -1.4281    1.4922    0.0000 C   0  0  0  0  0  0  0  0  0  0  0  0
   -2.1425    2.7297    0.0000 C   0  0  0  0  0  0  0  0  0  0  0  0
   -2.8570    2.3172    0.0000 C   0  0  0  0  0  0  0  0  0  0  0  0
   -2.8570    1.4922    0.0000 C   0  0  0  0  0  0  0  0  0  0  0  0
   -2.1426    1.0797    0.0000 C   0  0  0  0  0  0  0  0  0  0  0  0
   -1.4281    2.3172    0.0000 C   0  0  0  0  0  0  0  0  0  0  0  0
   -2.0994    0.2558    0.0000 F   0  0  0  0  0  0  0  0  0  0  0  0
   -2.1425    3.5547    0.0000 F   0  0  0  0  0  0  0  0  0  0  0  0
  1  2  1  0
  2  3  1  0
  3  4  1  0
  4  5  1  0
  1  5  1  0
  2  6  1  1
  4  7  1  0
  7  8  2  0
  7  9  1  0
  9 10  1  0
 12 13  2  0
 13 14  1  0
 11 14  1  0
 11 10  2  0
 10 12  1  0
 15 16  2  0
 17 18  2  0
 15 18  1  0
 14 17  1  0
 16 11  1  0
 15 19  1  0
 20 21  1  0
 21 22  1  0
 22 23  1  0
 19 20  1  0
 19 23  1  0
 23 24  1  1
 25 26  1  0
 26 27  2  0
 27 28  1  0
 25 29  2  0
 28 24  2  0
 24 29  1  0
 28 30  1  0
 25 31  1  0
M  END
","InChI=1S/C21H22F2N6O2/c22-13-3-4-16(23)15(10-13)18-2-1-7-28(18)19-6-9-29-20(26-19)17(11-24-29)25-21(31)27-8-5-14(30)12-27/h3-4,6,9-11,14,18,30H,1-2,5,7-8,12H2,(H,25,31)/t14-,18+/m0/s1",NYNZQNWKBKUAII-KBXCAEBGSA-N,O=C(Nc1cnn2ccc(N3CCC[C@@H]3c3cc(F)ccc3F)nc12)N1CC[C@H](O)C1
2197385,CHEMBL3989514,IRINOTECAN HYDROCHLORIDE,INHIBITOR,,CHEMBL1781,DNA topoisomerase 1,Astrocytoma,anaplastic astrocytoma,2.0,2197385.0,586.69,4.09,9.0,1.0,114.2,4.0,N,1.0,677.19,3.0,43.0,0.36,C33H45ClN4O9,0.26,86701603.0,2197385.0,1030.0,2197385.0,"
     RDKit          2D

 47 49  0  0  0  0  0  0  0  0999 V2000
    0.9429   -9.3991    0.0000 O   0  0  0  0  0  0  0  0  0  0  0  0
    4.8655   -7.4588    0.0000 N   0  0  0  0  0  0  0  0  0  0  0  0
    6.0333   -8.2908    0.0000 C   0  0  0  0  0  0  0  0  0  0  0  0
    4.3936   -8.1254    0.0000 C   0  0  0  0  0  0  0  0  0  0  0  0
    5.5516   -8.9623    0.0000 C   0  0  0  0  0  0  0  0  0  0  0  0
    5.6975   -7.5367    0.0000 C   0  0  0  0  0  0  0  0  0  0  0  0
    3.6102   -7.8772    0.0000 C   0  0  0  0  0  0  0  0  0  0  0  0
    3.6053   -7.0598    0.0000 C   0  0  0  0  0  0  0  0  0  0  0  0
    4.7342   -8.8796    0.0000 C   0  0  0  0  0  0  0  0  0  0  0  0
    2.9096   -8.2908    0.0000 N   0  0  0  0  0  0  0  0  0  0  0  0
    5.8824   -9.7116    0.0000 C   0  0  0  0  0  0  0  0  0  0  0  0
    4.3790   -6.7971    0.0000 C   0  0  0  0  0  0  0  0  0  0  0  0
   -0.6568   -7.0939    0.0000 C   0  0  0  0  0  0  0  0  0  0  0  0
    2.8950   -6.6609    0.0000 C   0  0  0  0  0  0  0  0  0  0  0  0
   -1.3721   -6.6803    0.0000 N   0  0  0  0  0  0  0  0  0  0  0  0
    6.7047   -9.7992    0.0000 C   0  0  0  0  0  0  0  0  0  0  0  0
    2.1944   -7.0744    0.0000 C   0  0  0  0  0  0  0  0  0  0  0  0
    2.1992   -7.8918    0.0000 C   0  0  0  0  0  0  0  0  0  0  0  0
    6.8555   -8.3735    0.0000 C   0  0  0  0  0  0  0  0  0  0  0  0
    7.1912   -9.1277    0.0000 O   0  0  0  0  0  0  0  0  0  0  0  0
   -3.5178   -5.4494    0.0000 N   0  0  0  0  0  0  0  0  0  0  0  0
    0.0584   -6.6803    0.0000 O   0  0  0  0  0  0  0  0  0  0  0  0
   -2.8074   -5.8629    0.0000 C   0  0  0  0  0  0  0  0  0  0  0  0
    6.1792   -6.8653    0.0000 O   0  0  0  0  0  0  0  0  0  0  0  0
    1.4839   -6.6706    0.0000 C   0  0  0  0  0  0  0  0  0  0  0  0
   -2.8025   -6.6901    0.0000 C   0  0  0  0  0  0  0  0  0  0  0  0
   -2.0922   -5.4445    0.0000 C   0  0  0  0  0  0  0  0  0  0  0  0
   -2.0873   -7.0988    0.0000 C   0  0  0  0  0  0  0  0  0  0  0  0
   -1.3721   -5.8581    0.0000 C   0  0  0  0  0  0  0  0  0  0  0  0
   -0.6568   -7.9210    0.0000 O   0  0  0  0  0  0  0  0  0  0  0  0
    0.7785   -7.0890    0.0000 C   0  0  0  0  0  0  0  0  0  0  0  0
    7.0452  -10.5533    0.0000 O   0  0  0  0  0  0  0  0  0  0  0  0
    1.5034   -8.3054    0.0000 C   0  0  0  0  0  0  0  0  0  0  0  0
    5.1380  -10.0570    0.0000 O   0  0  0  0  0  0  0  0  0  0  0  0
    0.7931   -7.9064    0.0000 C   0  0  0  0  0  0  0  0  0  0  0  0
    5.8045  -10.5387    0.0000 C   0  0  0  0  0  0  0  0  0  0  0  0
    2.8901   -5.8337    0.0000 C   0  0  0  0  0  0  0  0  0  0  0  0
   -4.2330   -5.8678    0.0000 C   0  0  0  0  0  0  0  0  0  0  0  0
   -3.5227   -4.6271    0.0000 C   0  0  0  0  0  0  0  0  0  0  0  0
    5.0553  -10.8841    0.0000 C   0  0  0  0  0  0  0  0  0  0  0  0
    3.6004   -5.4104    0.0000 C   0  0  0  0  0  0  0  0  0  0  0  0
   -4.2427   -4.2184    0.0000 C   0  0  0  0  0  0  0  0  0  0  0  0
   -4.9482   -5.4640    0.0000 C   0  0  0  0  0  0  0  0  0  0  0  0
   -4.9579   -4.6368    0.0000 C   0  0  0  0  0  0  0  0  0  0  0  0
   -1.0898   -9.6191    0.0000 Cl  0  0  0  0  0  0  0  0  0  0  0  0
    0.1460   -9.6532    0.0000 O   0  0  0  0  0  0  0  0  0  0  0  0
    1.0018  -10.5777    0.0000 O   0  0  0  0  0  0  0  0  0  0  0  0
  3  6  1  0
  4  2  1  0
  5  9  1  0
  6  2  1  0
  7  4  1  0
  8 12  1  0
  9  4  2  0
 10  7  2  0
 11  5  1  0
 12  2  1  0
 13 22  1  0
 14  8  2  0
 15 13  1  0
 16 11  1  0
 17 14  1  0
 18 10  1  0
 19  3  1  0
 20 19  1  0
 21 23  1  0
 22 31  1  0
 23 27  1  0
 24  6  2  0
 25 17  1  0
 26 28  1  0
 27 29  1  0
 28 15  1  0
 29 15  1  0
 30 13  2  0
 31 25  2  0
 32 16  2  0
 33 18  1  0
 34 11  1  0
 35 33  2  0
 11 36  1  6
 37 14  1  0
 38 21  1  0
 39 21  1  0
 40 36  1  0
 41 37  1  0
 42 39  1  0
 43 38  1  0
 44 42  1  0
  8  7  1  0
  5  3  2  0
 17 18  2  0
 16 20  1  0
 35 31  1  0
 23 26  1  0
 44 43  1  0
M  END
","InChI=1S/C33H38N4O6.ClH.3H2O/c1-3-22-23-16-21(43-32(40)36-14-10-20(11-15-36)35-12-6-5-7-13-35)8-9-27(23)34-29-24(22)18-37-28(29)17-26-25(30(37)38)19-42-31(39)33(26,41)4-2;;;;/h8-9,16-17,20,41H,3-7,10-15,18-19H2,1-2H3;1H;3*1H2/t33-;;;;/m0..../s1",KLEAIHJJLUAXIQ-JDRGBKBRSA-N,CCc1c2c(nc3ccc(OC(=O)N4CCC(N5CCCCC5)CC4)cc13)-c1cc3c(c(=O)n1C2)COC(=O)[C@]3(O)CC.Cl.O.O.O
2197736,CHEMBL3989865,MIPSAGARGIN,INHIBITOR,,CHEMBL3831290,Sarcoplasmic/endoplasmic reticulum calcium ATPase,Glioblastoma,glioblastoma multiforme,2.0,2197736.0,1409.54,,,,,,,,1409.54,,,,C66H100N6O27,,,,,2197736.0,"
     RDKit          2D

101103  0  0  0  0  0  0  0  0999 V2000
    3.9244    1.4599    0.0000 O   0  0  0  0  0  0  0  0  0  0  0  0
    3.9244    0.6349    0.0000 C   0  0  0  0  0  0  0  0  0  0  0  0
    4.6389    0.2224    0.0000 O   0  0  0  0  0  0  0  0  0  0  0  0
    3.2100    0.2224    0.0000 C   0  0  0  0  0  0  0  0  0  0  0  0
    5.3534    0.6349    0.0000 C   0  0  0  0  0  0  0  0  0  0  0  0
    5.4396    1.4554    0.0000 C   0  0  0  0  0  0  0  0  0  0  0  0
    6.1071    0.2993    0.0000 C   0  0  0  0  0  0  0  0  0  0  0  0
    6.6591    0.9124    0.0000 C   0  0  0  0  0  0  0  0  0  0  0  0
    6.2466    1.6269    0.0000 C   0  0  0  0  0  0  0  0  0  0  0  0
    4.8265    2.0074    0.0000 C   0  0  0  0  0  0  0  0  0  0  0  0
    6.5480    2.3949    0.0000 C   0  0  0  0  0  0  0  0  0  0  0  0
    6.2786   -0.5076    0.0000 O   0  0  0  0  0  0  0  0  0  0  0  0
    5.6655   -1.0597    0.0000 C   0  0  0  0  0  0  0  0  0  0  0  0
    4.8809   -0.8047    0.0000 O   0  0  0  0  0  0  0  0  0  0  0  0
    5.8370   -1.8666    0.0000 C   0  0  0  0  0  0  0  0  0  0  0  0
    5.2239   -2.4187    0.0000 C   0  0  0  0  0  0  0  0  0  0  0  0
    5.3955   -3.2256    0.0000 C   0  0  0  0  0  0  0  0  0  0  0  0
    4.7824   -3.7777    0.0000 C   0  0  0  0  0  0  0  0  0  0  0  0
    4.9539   -4.5846    0.0000 C   0  0  0  0  0  0  0  0  0  0  0  0
    4.3408   -5.1367    0.0000 C   0  0  0  0  0  0  0  0  0  0  0  0
    4.5123   -5.9437    0.0000 C   0  0  0  0  0  0  0  0  0  0  0  0
    7.4749    0.7895    0.0000 C   0  0  0  0  0  0  0  0  0  0  0  0
    8.0796    1.3506    0.0000 C   0  0  0  0  0  0  0  0  0  0  0  0
    7.7181    0.0011    0.0000 O   0  0  0  0  0  0  0  0  0  0  0  0
    8.5224   -0.1825    0.0000 C   0  0  0  0  0  0  0  0  0  0  0  0
    9.0835    0.4223    0.0000 C   0  0  0  0  0  0  0  0  0  0  0  0
    8.7655   -0.9708    0.0000 O   0  0  0  0  0  0  0  0  0  0  0  0
    8.0180    2.1733    0.0000 C   0  0  0  0  0  0  0  0  0  0  0  0
    7.3363    2.6380    0.0000 C   0  0  0  0  0  0  0  0  0  0  0  0
    6.0731    3.0695    0.0000 O   0  0  0  0  0  0  0  0  0  0  0  0
    6.5680    3.7296    0.0000 C   0  0  0  0  0  0  0  0  0  0  0  0
    7.3487    3.4630    0.0000 C   0  0  0  0  0  0  0  0  0  0  0  0
    6.3248    4.5179    0.0000 O   0  0  0  0  0  0  0  0  0  0  0  0
    7.7033    4.2079    0.0000 O   0  0  0  0  0  0  0  0  0  0  0  0
    8.1695    3.5455    0.0000 C   0  0  0  0  0  0  0  0  0  0  0  0
    8.0686    3.0181    0.0000 O   0  0  0  0  0  0  0  0  0  0  0  0
    5.7289    2.2964    0.0000 H   0  0  0  0  0  0  0  0  0  0  0  0
    8.7325    2.5858    0.0000 O   0  0  0  0  0  0  0  0  0  0  0  0
    9.4469    2.1733    0.0000 C   0  0  0  0  0  0  0  0  0  0  0  0
   10.1614    2.5858    0.0000 C   0  0  0  0  0  0  0  0  0  0  0  0
    9.4469    1.3483    0.0000 O   0  0  0  0  0  0  0  0  0  0  0  0
   10.8759    2.1733    0.0000 C   0  0  0  0  0  0  0  0  0  0  0  0
   11.5903    2.5858    0.0000 C   0  0  0  0  0  0  0  0  0  0  0  0
   12.3048    2.1733    0.0000 C   0  0  0  0  0  0  0  0  0  0  0  0
   13.0193    2.5858    0.0000 C   0  0  0  0  0  0  0  0  0  0  0  0
   13.7338    2.1733    0.0000 C   0  0  0  0  0  0  0  0  0  0  0  0
   14.4482    2.5858    0.0000 C   0  0  0  0  0  0  0  0  0  0  0  0
   15.1627    2.1733    0.0000 C   0  0  0  0  0  0  0  0  0  0  0  0
   15.8772    2.5858    0.0000 C   0  0  0  0  0  0  0  0  0  0  0  0
   16.5916    2.1733    0.0000 C   0  0  0  0  0  0  0  0  0  0  0  0
   17.3061    2.5858    0.0000 C   0  0  0  0  0  0  0  0  0  0  0  0
   18.0206    2.1733    0.0000 N   0  0  0  0  0  0  0  0  0  0  0  0
   18.7351    2.5858    0.0000 C   0  0  0  0  0  0  0  0  0  0  0  0
   19.4495    2.1733    0.0000 C   0  0  0  0  0  0  0  0  0  0  0  0
   18.7351    3.4108    0.0000 O   0  0  0  0  0  0  0  0  0  0  0  0
   20.1640    2.5858    0.0000 C   0  0  0  0  0  0  0  0  0  0  0  0
   20.8785    2.1733    0.0000 C   0  0  0  0  0  0  0  0  0  0  0  0
   25.1653    2.1733    0.0000 N   0  0  0  0  0  0  0  0  0  0  0  0
   20.8785    1.3483    0.0000 O   0  0  0  0  0  0  0  0  0  0  0  0
   20.1640    3.4108    0.0000 N   0  0  0  0  0  0  0  0  0  0  0  0
   25.8798    2.5858    0.0000 C   0  0  0  0  0  0  0  0  0  0  0  0
   26.5942    2.1733    0.0000 C   0  0  0  0  0  0  0  0  0  0  0  0
   27.3087    2.5858    0.0000 C   0  0  0  0  0  0  0  0  0  0  0  0
   28.0232    2.1733    0.0000 C   0  0  0  0  0  0  0  0  0  0  0  0
   35.8824    2.5858    0.0000 O   0  0  0  0  0  0  0  0  0  0  0  0
   28.0232    1.3483    0.0000 O   0  0  0  0  0  0  0  0  0  0  0  0
   25.8798    3.4108    0.0000 C   0  0  0  0  0  0  0  0  0  0  0  0
   26.5942    3.8233    0.0000 O   0  0  0  0  0  0  0  0  0  0  0  0
   25.1653    3.8233    0.0000 O   0  0  0  0  0  0  0  0  0  0  0  0
   32.3100    2.1733    0.0000 N   0  0  0  0  0  0  0  0  0  0  0  0
   33.0245    2.5858    0.0000 C   0  0  0  0  0  0  0  0  0  0  0  0
   33.7389    2.1733    0.0000 C   0  0  0  0  0  0  0  0  0  0  0  0
   34.4534    2.5858    0.0000 C   0  0  0  0  0  0  0  0  0  0  0  0
   35.1679    2.1733    0.0000 C   0  0  0  0  0  0  0  0  0  0  0  0
   35.1679    1.3483    0.0000 O   0  0  0  0  0  0  0  0  0  0  0  0
   33.0245    3.4108    0.0000 C   0  0  0  0  0  0  0  0  0  0  0  0
   33.7389    3.8233    0.0000 O   0  0  0  0  0  0  0  0  0  0  0  0
   32.3100    3.8233    0.0000 O   0  0  0  0  0  0  0  0  0  0  0  0
   28.7377    2.5858    0.0000 N   0  0  0  0  0  0  0  0  0  0  0  0
   29.4521    2.1733    0.0000 C   0  0  0  0  0  0  0  0  0  0  0  0
   30.1666    2.5858    0.0000 C   0  0  0  0  0  0  0  0  0  0  0  0
   30.8811    2.1733    0.0000 C   0  0  0  0  0  0  0  0  0  0  0  0
   31.5955    2.5858    0.0000 C   0  0  0  0  0  0  0  0  0  0  0  0
   31.5955    3.4108    0.0000 O   0  0  0  0  0  0  0  0  0  0  0  0
   29.4521    1.3483    0.0000 C   0  0  0  0  0  0  0  0  0  0  0  0
   30.1666    0.9358    0.0000 O   0  0  0  0  0  0  0  0  0  0  0  0
   28.7377    0.9358    0.0000 O   0  0  0  0  0  0  0  0  0  0  0  0
   21.5929    2.5858    0.0000 N   0  0  0  0  0  0  0  0  0  0  0  0
   22.3074    2.1733    0.0000 C   0  0  0  0  0  0  0  0  0  0  0  0
   23.0219    2.5858    0.0000 C   0  0  0  0  0  0  0  0  0  0  0  0
   23.7364    2.1733    0.0000 C   0  0  0  0  0  0  0  0  0  0  0  0
   24.4508    2.5858    0.0000 C   0  0  0  0  0  0  0  0  0  0  0  0
   24.4508    3.4108    0.0000 O   0  0  0  0  0  0  0  0  0  0  0  0
   22.3074    1.3483    0.0000 C   0  0  0  0  0  0  0  0  0  0  0  0
   23.0219    0.9358    0.0000 O   0  0  0  0  0  0  0  0  0  0  0  0
   21.5929    0.9358    0.0000 O   0  0  0  0  0  0  0  0  0  0  0  0
    8.2718    0.5760    0.0000 C   0  0  0  0  0  0  0  0  0  0  0  0
    3.2100   -0.6026    0.0000 C   0  0  0  0  0  0  0  0  0  0  0  0
    2.4955    0.6349    0.0000 C   0  0  0  0  0  0  0  0  0  0  0  0
    3.9245   -1.0151    0.0000 C   0  0  0  0  0  0  0  0  0  0  0  0
    6.8726    0.1155    0.0000 H   0  0  0  0  0  0  0  0  0  0  0  0
  1  2  2  0
  2  3  1  0
  2  4  1  0
  5  3  1  1
  7  8  1  0
  8  9  1  0
  6  9  2  0
  6  5  1  0
  5  7  1  0
  6 10  1  0
  9 11  1  0
  7 12  1  6
 12 13  1  0
 13 14  2  0
 13 15  1  0
 15 16  1  0
 16 17  1  0
 17 18  1  0
 18 19  1  0
 19 20  1  0
 20 21  1  0
  8 22  1  0
 22 23  1  0
 22 24  1  0
 24 25  1  0
 25 26  1  0
 25 27  2  0
 23 28  1  0
 28 29  1  0
 29 11  1  0
 30 31  1  0
 31 32  1  0
 29 32  1  0
 11 30  1  0
 31 33  2  0
 32 34  1  1
 32 35  1  0
 29 36  1  6
 11 37  1  1
 28 38  1  1
 38 39  1  0
 39 40  1  0
 39 41  2  0
 40 42  1  0
 42 43  1  0
 43 44  1  0
 44 45  1  0
 45 46  1  0
 46 47  1  0
 47 48  1  0
 48 49  1  0
 49 50  1  0
 50 51  1  0
 51 52  1  0
 52 53  1  0
 53 54  1  0
 53 55  2  0
 54 56  1  0
 56 57  1  0
 57 59  2  0
 56 60  1  6
 58 61  1  0
 61 62  1  0
 62 63  1  0
 63 64  1  0
 64 66  2  0
 61 67  1  6
 67 68  1  0
 67 69  2  0
 70 71  1  0
 71 72  1  0
 71 76  1  6
 72 73  1  0
 73 74  1  0
 74 75  2  0
 76 77  1  0
 76 78  2  0
 79 80  1  0
 80 81  1  0
 80 85  1  1
 81 82  1  0
 82 83  1  0
 83 84  2  0
 85 86  1  0
 85 87  2  0
 88 89  1  0
 89 90  1  0
 89 94  1  1
 90 91  1  0
 91 92  1  0
 92 93  2  0
 94 95  1  0
 94 96  2  0
 92 58  1  0
 64 79  1  0
 83 70  1  0
 57 88  1  0
 65 74  1  0
 22 97  1  1
  4 98  2  0
  4 99  1  0
 98100  1  0
  8101  1  6
M  END
","InChI=1S/C66H100N6O27/c1-8-10-11-17-20-24-51(81)96-55-53-52(37(4)54(55)97-62(91)36(3)9-2)56-66(94,65(7,93)63(92)98-56)44(35-64(53,6)99-38(5)73)95-50(80)23-21-18-15-13-12-14-16-19-22-33-68-48(77)34-39(67)57(82)72-43(61(89)90)27-31-47(76)70-41(59(85)86)25-29-45(74)69-40(58(83)84)26-30-46(75)71-42(60(87)88)28-32-49(78)79/h9,39-44,53-56,93-94H,8,10-35,67H2,1-7H3,(H,68,77)(H,69,74)(H,70,76)(H,71,75)(H,72,82)(H,78,79)(H,83,84)(H,85,86)(H,87,88)(H,89,90)/b36-9-/t39-,40-,41-,42-,43-,44-,53+,54-,55-,56-,64-,65+,66+/m0/s1",UPYNTAIBQVNPIH-ODMLWHIESA-N,C/C=C(/C)C(=O)O[C@H]1C(C)=C2[C@H]([C@@H]1OC(=O)CCCCCCC)[C@@](C)(OC(C)=O)C[C@H](OC(=O)CCCCCCCCCCCNC(=O)C[C@H](N)C(=O)N[C@@H](CCC(=O)N[C@@H](CCC(=O)N[C@@H](CCC(=O)N[C@@H](CCC(=O)O)C(=O)O)C(=O)O)C(=O)O)C(=O)O)[C@@]1(O)[C@H]2OC(=O)[C@@]1(C)O
2197800,CHEMBL3989929,AZELIRAGON,ANTAGONIST,,CHEMBL2176846,Advanced glycosylation end product-specific receptor,Glioblastoma,glioblastoma multiforme,2.0,2197800.0,532.13,8.44,5.0,0.0,39.52,14.0,N,2.0,532.13,4.0,38.0,0.15,C32H38ClN3O2,-1.21,84082708.0,2197800.0,63.0,2197800.0,"
     RDKit          2D

 38 41  0  0  0  0  0  0  0  0999 V2000
   -6.5687    0.7729    0.0000 C   0  0  0  0  0  0  0  0  0  0  0  0
   -7.2832    0.3604    0.0000 C   0  0  0  0  0  0  0  0  0  0  0  0
   -7.2832   -0.4646    0.0000 C   0  0  0  0  0  0  0  0  0  0  0  0
   -6.5687   -0.8771    0.0000 C   0  0  0  0  0  0  0  0  0  0  0  0
   -5.8543   -0.4646    0.0000 C   0  0  0  0  0  0  0  0  0  0  0  0
   -5.8543    0.3604    0.0000 C   0  0  0  0  0  0  0  0  0  0  0  0
   -3.7680    0.8542    0.0000 C   0  0  0  0  0  0  0  0  0  0  0  0
   -4.4783    0.4347    0.0000 C   0  0  0  0  0  0  0  0  0  0  0  0
   -4.4702   -0.3903    0.0000 C   0  0  0  0  0  0  0  0  0  0  0  0
   -3.7517   -0.7957    0.0000 C   0  0  0  0  0  0  0  0  0  0  0  0
   -3.0414   -0.3762    0.0000 C   0  0  0  0  0  0  0  0  0  0  0  0
   -3.0495    0.4488    0.0000 C   0  0  0  0  0  0  0  0  0  0  0  0
   -0.2381    1.2474    0.0000 C   0  0  0  0  0  0  0  0  0  0  0  0
    0.1693    0.5300    0.0000 C   0  0  0  0  0  0  0  0  0  0  0  0
    0.9943    0.5240    0.0000 C   0  0  0  0  0  0  0  0  0  0  0  0
    1.4119    1.2355    0.0000 C   0  0  0  0  0  0  0  0  0  0  0  0
    1.0046    1.9529    0.0000 C   0  0  0  0  0  0  0  0  0  0  0  0
    0.1796    1.9589    0.0000 C   0  0  0  0  0  0  0  0  0  0  0  0
   -1.0621    1.2874    0.0000 C   0  0  0  0  0  0  0  0  0  0  0  0
   -1.5767    1.9322    0.0000 N   0  0  0  0  0  0  0  0  0  0  0  0
   -2.3489    1.6422    0.0000 C   0  0  0  0  0  0  0  0  0  0  0  0
   -2.3117    0.8180    0.0000 N   0  0  0  0  0  0  0  0  0  0  0  0
   -1.5164    0.5987    0.0000 C   0  0  0  0  0  0  0  0  0  0  0  0
   -7.9751    0.8097    0.0000 Cl  0  0  0  0  0  0  0  0  0  0  0  0
   -5.1571   -0.8557    0.0000 O   0  0  0  0  0  0  0  0  0  0  0  0
   -3.0376    2.0965    0.0000 C   0  0  0  0  0  0  0  0  0  0  0  0
   -3.7753    1.7273    0.0000 C   0  0  0  0  0  0  0  0  0  0  0  0
   -4.4640    2.1816    0.0000 C   0  0  0  0  0  0  0  0  0  0  0  0
   -5.2017    1.8124    0.0000 C   0  0  0  0  0  0  0  0  0  0  0  0
    2.2369    1.2295    0.0000 O   0  0  0  0  0  0  0  0  0  0  0  0
    2.6442    0.5121    0.0000 C   0  0  0  0  0  0  0  0  0  0  0  0
    3.4692    0.5061    0.0000 C   0  0  0  0  0  0  0  0  0  0  0  0
    3.8765   -0.2113    0.0000 C   0  0  0  0  0  0  0  0  0  0  0  0
    4.7015   -0.2173    0.0000 N   0  0  0  0  0  0  0  0  0  0  0  0
    5.1192    0.4942    0.0000 C   0  0  0  0  0  0  0  0  0  0  0  0
    5.9441    0.4882    0.0000 C   0  0  0  0  0  0  0  0  0  0  0  0
    5.1088   -0.9347    0.0000 C   0  0  0  0  0  0  0  0  0  0  0  0
    5.9338   -0.9407    0.0000 C   0  0  0  0  0  0  0  0  0  0  0  0
  1  2  1  0
  2  3  2  0
  3  4  1  0
  4  5  2  0
  5  6  1  0
  1  6  2  0
  7  8  2  0
  8  9  1  0
  9 10  2  0
 10 11  1  0
 11 12  2  0
  7 12  1  0
 13 14  2  0
 14 15  1  0
 15 16  2  0
 16 17  1  0
 17 18  2  0
 13 18  1  0
 19 20  1  0
 20 21  2  0
 21 22  1  0
 22 23  1  0
 19 23  2  0
  2 24  1  0
  5 25  1  0
 25  9  1  0
 12 22  1  0
 19 13  1  0
 21 26  1  0
 26 27  1  0
 27 28  1  0
 28 29  1  0
 16 30  1  0
 30 31  1  0
 31 32  1  0
 32 33  1  0
 33 34  1  0
 34 35  1  0
 35 36  1  0
 34 37  1  0
 37 38  1  0
M  END
","InChI=1S/C32H38ClN3O2/c1-4-7-9-32-34-31(25-10-16-28(17-11-25)37-23-8-22-35(5-2)6-3)24-36(32)27-14-20-30(21-15-27)38-29-18-12-26(33)13-19-29/h10-21,24H,4-9,22-23H2,1-3H3",KJNNWYBAOPXVJY-UHFFFAOYSA-N,CCCCc1nc(-c2ccc(OCCCN(CC)CC)cc2)cn1-c1ccc(Oc2ccc(Cl)cc2)cc1
2197829,CHEMBL3989958,IVOSIDENIB,INHIBITOR,,CHEMBL2007625,Isocitrate dehydrogenase [NADP] cytoplasmic,Paraganglioma,Paraganglioma,2.0,2197829.0,582.97,4.32,6.0,1.0,119.29,7.0,N,1.0,582.97,3.0,41.0,0.44,C28H22ClF3N6O3,-1.57,87245194.0,2197829.0,1040.0,2197829.0,"
     RDKit          2D

 41 45  0  0  0  0  0  0  0  0999 V2000
   -3.0974   -2.0386    0.0000 C   0  0  0  0  0  0  0  0  0  0  0  0
   -3.8119   -2.4511    0.0000 C   0  0  0  0  0  0  0  0  0  0  0  0
   -3.8119   -3.2761    0.0000 N   0  0  0  0  0  0  0  0  0  0  0  0
   -3.0974   -3.6887    0.0000 C   0  0  0  0  0  0  0  0  0  0  0  0
   -2.3828   -3.2761    0.0000 C   0  0  0  0  0  0  0  0  0  0  0  0
   -2.3828   -2.4511    0.0000 C   0  0  0  0  0  0  0  0  0  0  0  0
   -2.3828   -0.8011    0.0000 C   0  0  0  0  0  0  0  0  0  0  0  0
   -3.0974   -1.2136    0.0000 N   0  0  0  0  0  0  0  0  0  0  0  0
   -1.6685   -2.0386    0.0000 C   0  0  0  0  0  0  0  0  0  0  0  0
   -1.6685   -1.2136    0.0000 C   0  0  0  0  0  0  0  0  0  0  0  0
   -0.9540   -0.8011    0.0000 C   0  0  0  0  0  0  0  0  0  0  0  0
   -0.9540   -2.4511    0.0000 C   0  0  0  0  0  0  0  0  0  0  0  0
   -0.2395   -2.0386    0.0000 C   0  0  0  0  0  0  0  0  0  0  0  0
   -0.2395   -1.2136    0.0000 C   0  0  0  0  0  0  0  0  0  0  0  0
   -1.6685    0.4364    0.0000 N   0  0  0  0  0  0  0  0  0  0  0  0
   -2.3828    0.0239    0.0000 C   0  0  0  0  0  0  0  0  0  0  0  0
   -0.9540    0.0239    0.0000 Cl  0  0  0  0  0  0  0  0  0  0  0  0
   -3.8119   -0.8011    0.0000 C   0  0  0  0  0  0  0  0  0  0  0  0
   -4.5263   -1.2136    0.0000 C   0  0  0  0  0  0  0  0  0  0  0  0
   -4.5263   -2.0386    0.0000 C   0  0  0  0  0  0  0  0  0  0  0  0
   -5.0138    0.4391    0.0000 N   0  0  0  0  0  0  0  0  0  0  0  0
   -5.5659   -0.1739    0.0000 C   0  0  0  0  0  0  0  0  0  0  0  0
   -5.3110   -0.9587    0.0000 N   0  0  0  0  0  0  0  0  0  0  0  0
   -6.0757    1.3953    0.0000 C   0  0  0  0  0  0  0  0  0  0  0  0
   -6.6278    0.7822    0.0000 C   0  0  0  0  0  0  0  0  0  0  0  0
   -6.3728   -0.0025    0.0000 C   0  0  0  0  0  0  0  0  0  0  0  0
   -5.2688    1.2237    0.0000 C   0  0  0  0  0  0  0  0  0  0  0  0
   -7.4348    0.9537    0.0000 C   0  0  0  0  0  0  0  0  0  0  0  0
   -5.7958   -1.6261    0.0000 C   0  0  0  0  0  0  0  0  0  0  0  0
   -5.3110   -2.2935    0.0000 C   0  0  0  0  0  0  0  0  0  0  0  0
   -6.6209   -1.6261    0.0000 O   0  0  0  0  0  0  0  0  0  0  0  0
   -3.8119    0.0239    0.0000 O   0  0  0  0  0  0  0  0  0  0  0  0
   -1.6910   -3.7255    0.0000 F   0  0  0  0  0  0  0  0  0  0  0  0
   -3.0974    0.4364    0.0000 O   0  0  0  0  0  0  0  0  0  0  0  0
   -1.7116    1.2603    0.0000 C   0  0  0  0  0  0  0  0  0  0  0  0
   -2.3247    1.8123    0.0000 C   0  0  0  0  0  0  0  0  0  0  0  0
   -1.1596    1.8734    0.0000 C   0  0  0  0  0  0  0  0  0  0  0  0
   -1.7727    2.4253    0.0000 C   0  0  0  0  0  0  0  0  0  0  0  0
   -1.2966    3.0992    0.0000 F   0  0  0  0  0  0  0  0  0  0  0  0
   -2.3561    3.0088    0.0000 F   0  0  0  0  0  0  0  0  0  0  0  0
   -8.2418    1.1252    0.0000 N   0  0  0  0  0  0  0  0  0  0  0  0
  1  2  1  0
  2  3  2  0
  3  4  1  0
  4  5  2  0
  5  6  1  0
  1  6  2  0
  7  8  1  0
 12 13  1  0
 13 14  2  0
 11 14  1  0
  9 12  2  0
 11 10  2  0
 10  9  1  0
 15 16  1  0
 16  7  1  0
  7 10  1  6
 11 17  1  0
 19 20  1  0
 18  8  1  0
  1  8  1  0
 21 22  2  0
 22 23  1  0
 23 19  1  0
 19 18  1  6
 24 25  1  0
 25 26  2  0
 24 27  2  0
 21 27  1  0
 26 22  1  0
 25 28  1  0
 23 29  1  0
 29 30  1  0
 30 20  1  0
 29 31  2  0
 18 32  2  0
  5 33  1  0
 16 34  2  0
 15 35  1  0
 35 36  1  0
 35 37  1  0
 37 38  1  0
 38 36  1  0
 38 39  1  0
 38 40  1  0
 28 41  3  0
M  END
","InChI=1S/C28H22ClF3N6O3/c29-21-4-2-1-3-20(21)25(26(40)36-18-11-28(31,32)12-18)37(19-10-17(30)14-34-15-19)27(41)22-5-6-24(39)38(22)23-9-16(13-33)7-8-35-23/h1-4,7-10,14-15,18,22,25H,5-6,11-12H2,(H,36,40)/t22-,25-/m0/s1",WIJZXSAJMHAVGX-DHLKQENFSA-N,N#Cc1ccnc(N2C(=O)CC[C@H]2C(=O)N(c2cncc(F)c2)[C@H](C(=O)NC2CC(F)(F)C2)c2ccccc2Cl)c1
435188,CHEMBL408513,BELINOSTAT,INHIBITOR,,CHEMBL2093865,Histone deacetylase,Glioblastoma,glioblastoma multiforme,2.0,435188.0,318.35,2.01,4.0,3.0,95.5,5.0,N,0.0,318.35,2.0,22.0,0.45,C15H14N2O4S,-1.01,84447108.0,435188.0,105.0,435188.0,"
     RDKit          2D

 22 23  0  0  0  0  0  0  0  0999 V2000
    2.3361   -6.6541    0.0000 C   0  0  0  0  0  0  0  0  0  0  0  0
    2.3349   -7.4815    0.0000 C   0  0  0  0  0  0  0  0  0  0  0  0
    3.0497   -7.8944    0.0000 C   0  0  0  0  0  0  0  0  0  0  0  0
    3.7662   -7.4810    0.0000 C   0  0  0  0  0  0  0  0  0  0  0  0
    3.7633   -6.6505    0.0000 C   0  0  0  0  0  0  0  0  0  0  0  0
    3.0479   -6.2414    0.0000 C   0  0  0  0  0  0  0  0  0  0  0  0
    4.4762   -6.2353    0.0000 N   0  0  0  0  0  0  0  0  0  0  0  0
    5.1922   -6.6451    0.0000 S   0  0  0  0  0  0  0  0  0  0  0  0
    5.9052   -6.2299    0.0000 C   0  0  0  0  0  0  0  0  0  0  0  0
    6.6196   -6.6432    0.0000 C   0  0  0  0  0  0  0  0  0  0  0  0
    7.3320   -6.2287    0.0000 C   0  0  0  0  0  0  0  0  0  0  0  0
    7.3293   -5.4028    0.0000 C   0  0  0  0  0  0  0  0  0  0  0  0
    6.6083   -4.9932    0.0000 C   0  0  0  0  0  0  0  0  0  0  0  0
    5.8988   -5.4100    0.0000 C   0  0  0  0  0  0  0  0  0  0  0  0
    4.7750   -7.3542    0.0000 O   0  0  0  0  0  0  0  0  0  0  0  0
    5.6000   -7.3542    0.0000 O   0  0  0  0  0  0  0  0  0  0  0  0
    8.0478   -6.6388    0.0000 C   0  0  0  0  0  0  0  0  0  0  0  0
    8.7609   -6.2240    0.0000 C   0  0  0  0  0  0  0  0  0  0  0  0
    9.4768   -6.6341    0.0000 C   0  0  0  0  0  0  0  0  0  0  0  0
    9.4795   -7.4591    0.0000 O   0  0  0  0  0  0  0  0  0  0  0  0
   10.1899   -6.2193    0.0000 N   0  0  0  0  0  0  0  0  0  0  0  0
   10.9057   -6.6294    0.0000 O   0  0  0  0  0  0  0  0  0  0  0  0
 10 11  1  0
  5  6  2  0
 11 12  2  0
  6  1  1  0
 12 13  1  0
  1  2  2  0
 13 14  2  0
 14  9  1  0
  5  7  1  0
  8 15  2  0
  3  4  2  0
  8 16  2  0
  7  8  1  0
 11 17  1  0
 17 18  2  0
  8  9  1  0
 18 19  1  0
  4  5  1  0
 19 20  2  0
  9 10  2  0
 19 21  1  0
  2  3  1  0
 21 22  1  0
M  END
","InChI=1S/C15H14N2O4S/c18-15(16-19)10-9-12-5-4-8-14(11-12)22(20,21)17-13-6-2-1-3-7-13/h1-11,17,19H,(H,16,18)/b10-9+",NCNRHFGMJRPRSK-MDZDMXLPSA-N,O=C(/C=C/c1cccc(S(=O)(=O)Nc2ccccc2)c1)NO
2252281,CHEMBL4112930,PAMIPARIB,INHIBITOR,,CHEMBL3105,Poly [ADP-ribose] polymerase 1,Glioblastoma,glioblastoma multiforme,1.0,2252281.0,298.32,2.08,3.0,2.0,60.49,0.0,N,0.0,298.32,2.0,22.0,0.78,C16H15FN4O,-0.1,,,,2252281.0,"
     RDKit          2D

 22 26  0  0  0  0  0  0  0  0999 V2000
   -3.7454    0.8280    0.0000 C   0  0  0  0  0  0  0  0  0  0  0  0
   -4.4648    0.4241    0.0000 C   0  0  0  0  0  0  0  0  0  0  0  0
   -4.4748   -0.4008    0.0000 N   0  0  0  0  0  0  0  0  0  0  0  0
   -3.7654   -0.8219    0.0000 C   0  0  0  0  0  0  0  0  0  0  0  0
   -2.9966   -0.4172    0.0000 C   0  0  0  0  0  0  0  0  0  0  0  0
   -3.0360    0.4068    0.0000 C   0  0  0  0  0  0  0  0  0  0  0  0
   -5.2463    0.6886    0.0000 C   0  0  0  0  0  0  0  0  0  0  0  0
   -5.7392    0.0271    0.0000 C   0  0  0  0  0  0  0  0  0  0  0  0
   -5.2625   -0.6462    0.0000 C   0  0  0  0  0  0  0  0  0  0  0  0
   -3.5641    1.6328    0.0000 N   0  0  0  0  0  0  0  0  0  0  0  0
   -2.4162    0.9514    0.0000 C   0  0  0  0  0  0  0  0  0  0  0  0
   -2.7426    1.7091    0.0000 C   0  0  0  0  0  0  0  0  0  0  0  0
   -1.4303    2.2744    0.0000 C   0  0  0  0  0  0  0  0  0  0  0  0
   -2.2496    2.3706    0.0000 C   0  0  0  0  0  0  0  0  0  0  0  0
   -1.6041    0.8064    0.0000 C   0  0  0  0  0  0  0  0  0  0  0  0
   -1.1039    1.5167    0.0000 C   0  0  0  0  0  0  0  0  0  0  0  0
   -2.3278   -0.9003    0.0000 N   0  0  0  0  0  0  0  0  0  0  0  0
   -1.5332   -0.6785    0.0000 N   0  0  0  0  0  0  0  0  0  0  0  0
   -1.2111    0.0810    0.0000 C   0  0  0  0  0  0  0  0  0  0  0  0
   -0.3870    0.1203    0.0000 O   0  0  0  0  0  0  0  0  0  0  0  0
   -4.5411    1.2456    0.0000 C   0  0  0  0  0  0  0  0  0  0  0  0
   -0.9373    2.9359    0.0000 F   0  0  0  0  0  0  0  0  0  0  0  0
  1  2  1  0
  2  3  1  0
  3  4  1  0
  4  5  1  0
  5  6  1  0
  1  6  2  0
  7  8  1  0
  8  9  1  0
 11 12  1  0
 10 12  1  0
 13 14  1  0
 15 16  1  0
 13 16  2  0
  9  3  1  0
  7  2  1  0
  6 11  1  0
 10  1  1  0
 11 15  2  0
 14 12  2  0
  5 17  2  0
 17 18  1  0
 18 19  1  0
 19 15  1  0
 19 20  2  0
  2 21  1  1
 13 22  1  0
M  END
","InChI=1S/C16H15FN4O/c1-16-3-2-4-21(16)7-11-13-12-9(15(22)20-19-11)5-8(17)6-10(12)18-14(13)16/h5-6,18H,2-4,7H2,1H3,(H,20,22)/t16-/m1/s1",DENYZIUJOTUUNY-MRXNPFEDSA-N,C[C@]12CCCN1CC1=NNC(=O)c3cc(F)cc4[nH]c2c1c34
441100,CHEMBL411907,SONOLISIB,INHIBITOR,,CHEMBL3559703,PI3-kinase class I,Glioblastoma,glioblastoma multiforme,2.0,441100.0,525.6,3.13,9.0,1.0,119.44,8.0,N,1.0,525.6,0.0,38.0,0.29,C29H35NO8,1.83,84712255.0,441100.0,110.0,441100.0,"
     RDKit          2D

 39 42  0  0  1  0  0  0  0  0999 V2000
    8.2586  -24.0662    0.0000 C   0  0  0  0  0  0  0  0  0  0  0  0
    8.9716  -23.6550    0.0000 C   0  0  0  0  0  0  0  0  0  0  0  0
    7.5432  -23.6555    0.0000 C   0  0  0  0  0  0  0  0  0  0  0  0
    7.5473  -22.8280    0.0000 C   0  0  0  0  0  0  0  0  0  0  0  0
    6.8362  -22.4109    0.0000 C   0  0  0  0  0  0  0  0  0  0  0  0
    6.1164  -22.8208    0.0000 O   0  0  0  0  0  0  0  0  0  0  0  0
    6.1123  -23.6483    0.0000 C   0  0  0  0  0  0  0  0  0  0  0  0
    6.8279  -24.0658    0.0000 C   0  0  0  0  0  0  0  0  0  0  0  0
    6.1290  -21.1668    0.0000 O   0  0  0  0  0  0  0  0  0  0  0  0
    5.4114  -21.5767    0.0000 C   0  0  0  0  0  0  0  0  0  0  0  0
    8.2568  -22.4132    0.0000 C   0  0  0  0  0  0  0  0  0  0  0  0
    8.9718  -22.8272    0.0000 C   0  0  0  0  0  0  0  0  0  0  0  0
    8.9651  -21.1696    0.0000 C   0  0  0  0  0  0  0  0  0  0  0  0
    8.2504  -21.5873    0.0000 C   0  0  0  0  0  0  0  0  0  0  0  0
    9.6841  -21.5836    0.0000 C   0  0  0  0  0  0  0  0  0  0  0  0
    9.6817  -22.4074    0.0000 C   0  0  0  0  0  0  0  0  0  0  0  0
   10.4648  -22.6630    0.0000 C   0  0  0  0  0  0  0  0  0  0  0  0
   10.9527  -22.0012    0.0000 C   0  0  0  0  0  0  0  0  0  0  0  0
   10.4686  -21.3325    0.0000 C   0  0  0  0  0  0  0  0  0  0  0  0
   10.7287  -20.5484    0.0000 O   0  0  0  0  0  0  0  0  0  0  0  0
    9.6768  -20.7550    0.0000 C   0  0  0  0  0  0  0  0  0  0  0  0
    9.6768  -23.2302    0.0000 H   0  0  0  0  0  0  0  0  0  0  0  0
    7.5417  -21.9988    0.0000 C   0  0  0  0  0  0  0  0  0  0  0  0
    9.6865  -24.0656    0.0000 O   0  0  0  0  0  0  0  0  0  0  0  0
    6.8249  -24.8908    0.0000 C   0  0  0  0  0  0  0  0  0  0  0  0
    8.2584  -24.8913    0.0000 O   0  0  0  0  0  0  0  0  0  0  0  0
    7.2213  -25.6144    0.0000 N   0  0  0  0  0  0  0  0  0  0  0  0
    5.3948  -24.0545    0.0000 O   0  0  0  0  0  0  0  0  0  0  0  0
    7.5335  -21.1799    0.0000 O   0  0  0  0  0  0  0  0  0  0  0  0
    6.7869  -26.3177    0.0000 C   0  0  0  0  0  0  0  0  0  0  0  0
    8.0460  -25.6373    0.0000 C   0  0  0  0  0  0  0  0  0  0  0  0
    7.1816  -27.0440    0.0000 C   0  0  0  0  0  0  0  0  0  0  0  0
    8.4364  -26.3635    0.0000 C   0  0  0  0  0  0  0  0  0  0  0  0
    6.8203  -21.5935    0.0000 C   0  0  0  0  0  0  0  0  0  0  0  0
    7.5299  -20.3549    0.0000 C   0  0  0  0  0  0  0  0  0  0  0  0
    6.8130  -19.9435    0.0000 C   0  0  0  0  0  0  0  0  0  0  0  0
    8.2432  -19.9372    0.0000 O   0  0  0  0  0  0  0  0  0  0  0  0
    6.7529  -27.7441    0.0000 C   0  0  0  0  0  0  0  0  0  0  0  0
    9.2569  -26.3883    0.0000 C   0  0  0  0  0  0  0  0  0  0  0  0
 16 17  1  0
 17 18  1  0
 18 19  1  0
 15 19  1  0
  5 34  1  6
 19 20  2  0
  3  1  2  0
 15 21  1  1
 34  9  1  0
 16 22  1  6
  4 23  1  1
  9 10  1  0
  2 24  2  0
 11 12  2  0
  8 25  2  0
  1  2  1  0
  1 26  1  0
  2 12  1  0
 25 27  1  0
 11  4  1  0
  7 28  2  0
  3  4  1  0
 14 29  1  6
 11 14  1  0
 27 30  1  0
 12 16  1  0
 27 31  1  0
 15 13  1  0
 30 32  1  0
 13 14  1  0
 31 33  1  0
 15 16  1  0
  3  8  1  0
 29 35  1  0
  4  5  1  0
 35 36  1  0
  5  6  1  0
 35 37  2  0
  6  7  1  0
 32 38  2  0
  7  8  1  0
 33 39  2  0
M  END
","InChI=1S/C29H35NO8/c1-7-11-30(12-8-2)14-17-23-26(34)25(33)22-18-9-10-20(32)28(18,4)13-19(37-16(3)31)24(22)29(23,5)21(15-36-6)38-27(17)35/h7-8,14,18-19,21,34H,1-2,9-13,15H2,3-6H3/b17-14+/t18-,19+,21+,28-,29-/m0/s1",QIUASFSNWYMDFS-NILGECQDSA-N,C=CCN(/C=C1/C(=O)O[C@H](COC)[C@@]2(C)C1=C(O)C(=O)C1=C2[C@H](OC(C)=O)C[C@]2(C)C(=O)CC[C@@H]12)CC=C
923,CHEMBL413,SIROLIMUS,INHIBITOR,,CHEMBL1902,Peptidyl-prolyl cis-trans isomerase FKBP1A,Glioblastoma,glioblastoma multiforme,2.0,923.0,914.19,6.18,13.0,3.0,195.43,6.0,N,3.0,914.19,0.0,65.0,0.16,C51H79NO13,1.94,84340999.0,923.0,93.0,923.0,"
     RDKit          2D

 68 71  0  0  1  0  0  0  0  0999 V2000
   -1.7083  -10.6250    0.0000 C   0  0  0  0  0  0  0  0  0  0  0  0
   -1.7083  -11.3292    0.0000 C   0  0  0  0  0  0  0  0  0  0  0  0
   -1.0958  -10.2667    0.0000 C   0  0  0  0  0  0  0  0  0  0  0  0
   -1.0958   -9.5625    0.0000 N   0  0  0  0  0  0  0  0  0  0  0  0
    0.1292   -9.5625    0.0000 C   0  0  0  0  0  0  0  0  0  0  0  0
    3.1958  -13.4542    0.0000 C   0  0  0  0  0  0  0  0  0  0  0  0
    0.7417   -9.2042    0.0000 O   0  0  0  0  0  0  0  0  0  0  0  0
    3.8083  -13.8125    0.0000 C   0  0  0  0  0  0  0  0  0  0  0  0
    2.5833  -12.3917    0.0000 C   0  0  0  0  0  0  0  0  0  0  0  0
   -0.4833   -9.2042    0.0000 C   0  0  0  0  0  0  0  0  0  0  0  0
   -1.0958  -11.6792    0.0000 O   0  0  0  0  0  0  0  0  0  0  0  0
    3.1958  -12.7500    0.0000 C   0  0  0  0  0  0  0  0  0  0  0  0
    2.5833  -11.6875    0.0000 C   0  0  0  0  0  0  0  0  0  0  0  0
    1.3542   -9.5625    0.0000 C   0  0  0  0  0  0  0  0  0  0  0  0
    1.9708  -10.6250    0.0000 C   0  0  0  0  0  0  0  0  0  0  0  0
    1.3542  -10.2667    0.0000 C   0  0  0  0  0  0  0  0  0  0  0  0
    3.8083  -14.5167    0.0000 C   0  0  0  0  0  0  0  0  0  0  0  0
    1.9708  -11.3292    0.0000 C   0  0  0  0  0  0  0  0  0  0  0  0
    0.1292  -13.7875    0.0000 C   0  0  0  0  0  0  0  0  0  0  0  0
   -0.4833  -13.4375    0.0000 C   0  0  0  0  0  0  0  0  0  0  0  0
   -2.3250  -10.2708    0.0000 O   0  0  0  0  0  0  0  0  0  0  0  0
   -2.3167  -11.6792    0.0000 C   0  0  0  0  0  0  0  0  0  0  0  0
   -0.4833  -12.7292    0.0000 C   0  0  0  0  0  0  0  0  0  0  0  0
   -0.4833  -10.6208    0.0000 O   0  0  0  0  0  0  0  0  0  0  0  0
   -1.0917  -12.3792    0.0000 C   0  0  0  0  0  0  0  0  0  0  0  0
    0.1292  -10.2667    0.0000 O   0  0  0  0  0  0  0  0  0  0  0  0
    3.8042   -8.1458    0.0000 C   0  0  0  0  0  0  0  0  0  0  0  0
    1.9708   -9.2042    0.0000 C   0  0  0  0  0  0  0  0  0  0  0  0
    4.4250  -13.4542    0.0000 O   0  0  0  0  0  0  0  0  0  0  0  0
    0.1292  -14.4917    0.0000 C   0  0  0  0  0  0  0  0  0  0  0  0
   -1.0958  -10.9667    0.0000 O   0  0  0  0  0  0  0  0  0  0  0  0
    3.0542  -14.8667    0.0000 C   0  0  0  0  0  0  0  0  0  0  0  0
    3.1917   -8.5000    0.0000 C   0  0  0  0  0  0  0  0  0  0  0  0
    2.5833  -10.2667    0.0000 O   0  0  0  0  0  0  0  0  0  0  0  0
    1.9708   -8.5000    0.0000 C   0  0  0  0  0  0  0  0  0  0  0  0
    3.8083   -7.4375    0.0000 C   0  0  0  0  0  0  0  0  0  0  0  0
    0.7417  -14.8417    0.0000 C   0  0  0  0  0  0  0  0  0  0  0  0
    2.5833   -8.1417    0.0000 C   0  0  0  0  0  0  0  0  0  0  0  0
    0.7417  -15.5500    0.0000 C   0  0  0  0  0  0  0  0  0  0  0  0
    1.3583  -15.9000    0.0000 C   0  0  0  0  0  0  0  0  0  0  0  0
    1.9708  -15.5417    0.0000 C   0  0  0  0  0  0  0  0  0  0  0  0
   -2.3167  -12.3875    0.0000 C   0  0  0  0  0  0  0  0  0  0  0  0
    3.1958   -7.0833    0.0000 C   0  0  0  0  0  0  0  0  0  0  0  0
    2.5833  -13.8125    0.0000 O   0  0  0  0  0  0  0  0  0  0  0  0
   -1.7125   -9.2083    0.0000 C   0  0  0  0  0  0  0  0  0  0  0  0
    3.8083  -12.3917    0.0000 O   0  0  0  0  0  0  0  0  0  0  0  0
   -1.7042  -12.7375    0.0000 C   0  0  0  0  0  0  0  0  0  0  0  0
    2.6792  -15.5417    0.0000 C   0  0  0  0  0  0  0  0  0  0  0  0
    2.5750   -7.4375    0.0000 C   0  0  0  0  0  0  0  0  0  0  0  0
   -1.1000  -13.7917    0.0000 O   0  0  0  0  0  0  0  0  0  0  0  0
    4.4167   -8.5042    0.0000 O   0  0  0  0  0  0  0  0  0  0  0  0
    1.9708  -12.7500    0.0000 C   0  0  0  0  0  0  0  0  0  0  0  0
    4.4208   -7.0875    0.0000 O   0  0  0  0  0  0  0  0  0  0  0  0
   -0.4833   -8.5000    0.0000 C   0  0  0  0  0  0  0  0  0  0  0  0
    0.7417  -13.4292    0.0000 C   0  0  0  0  0  0  0  0  0  0  0  0
    4.4042  -14.9000    0.0000 C   0  0  0  0  0  0  0  0  0  0  0  0
    1.3542  -11.6875    0.0000 C   0  0  0  0  0  0  0  0  0  0  0  0
    2.5833   -9.5625    0.0000 C   0  0  0  0  0  0  0  0  0  0  0  0
   -2.9292  -11.3292    0.0000 C   0  0  0  0  0  0  0  0  0  0  0  0
    1.9708  -13.4542    0.0000 C   0  0  0  0  0  0  0  0  0  0  0  0
    5.0292   -8.1542    0.0000 C   0  0  0  0  0  0  0  0  0  0  0  0
   -1.7125  -13.4375    0.0000 C   0  0  0  0  0  0  0  0  0  0  0  0
    3.0375  -16.1500    0.0000 C   0  0  0  0  0  0  0  0  0  0  0  0
   -1.7083   -8.5000    0.0000 C   0  0  0  0  0  0  0  0  0  0  0  0
   -1.0958   -8.1458    0.0000 C   0  0  0  0  0  0  0  0  0  0  0  0
   -1.0881  -13.3792    0.0000 H   0  0  0  0  0  0  0  0  0  0  0  0
    0.4868  -10.0600    0.0000 H   0  0  0  0  0  0  0  0  0  0  0  0
    0.3841   -8.7067    0.0000 H   0  0  0  0  0  0  0  0  0  0  0  0
  2  1  1  0
  3  1  1  0
  4  3  1  0
  5 10  1  0
  6 12  1  0
  7  5  1  0
  8  6  1  0
  9 13  2  0
 10  4  1  0
 11  2  1  0
 12  9  1  0
 13 18  1  0
 14  7  1  0
 15 16  1  0
 16 14  1  0
 17 32  1  0
 18 15  1  0
 19 20  1  0
 20 23  1  0
 21  1  2  0
 22  2  1  0
 23 25  1  0
 24  3  2  0
 25 11  1  0
 26  5  2  0
 27 33  1  0
 28 14  1  0
 29  8  2  0
 30 19  2  0
  2 31  1  1
 32 48  1  0
 33 38  1  0
 34 15  2  0
 35 28  1  0
 36 43  1  0
 37 30  1  0
 38 35  1  6
 39 37  2  0
 40 39  1  0
 41 40  2  0
 42 22  1  0
 43 49  1  0
  6 44  1  6
 45  4  1  0
 12 46  1  1
 47 42  1  0
 48 41  1  0
 49 38  1  0
 20 50  1  1
 27 51  1  6
 52  9  1  0
 36 53  1  1
 54 10  1  0
 55 19  1  0
 17 56  1  6
 18 57  1  1
 28 58  1  1
 22 59  1  1
 60 44  1  0
 61 51  1  0
 62 50  1  0
 48 63  1  6
 64 45  1  0
 65 64  1  0
 25 66  1  1
 25 47  1  0
 65 54  1  0
 36 27  1  0
 17  8  1  0
 14 67  1  1
 10 68  1  6
M  END
","InChI=1S/C51H79NO13/c1-30-16-12-11-13-17-31(2)42(61-8)28-38-21-19-36(7)51(60,65-38)48(57)49(58)52-23-15-14-18-39(52)50(59)64-43(33(4)26-37-20-22-40(53)44(27-37)62-9)29-41(54)32(3)25-35(6)46(56)47(63-10)45(55)34(5)24-30/h11-13,16-17,25,30,32-34,36-40,42-44,46-47,53,56,60H,14-15,18-24,26-29H2,1-10H3/b13-11+,16-12+,31-17+,35-25+/t30-,32-,33-,34-,36-,37+,38+,39+,40-,42+,43+,44-,46-,47+,51-/m1/s1",QFJCIRLUMZQUOT-HPLJOQBZSA-N,CO[C@H]1C[C@@H]2CC[C@@H](C)[C@@](O)(O2)C(=O)C(=O)N2CCCC[C@H]2C(=O)O[C@H]([C@H](C)C[C@@H]2CC[C@@H](O)[C@H](OC)C2)CC(=O)[C@H](C)/C=C(\C)[C@@H](O)[C@@H](OC)C(=O)[C@H](C)C[C@H](C)/C=C/C=C/C=C/1C
2270391,CHEMBL4167360,IDH305,INHIBITOR,,CHEMBL2007625,Isocitrate dehydrogenase [NADP] cytoplasmic,Paraganglioma,Paraganglioma,2.0,2270391.0,490.46,5.12,7.0,1.0,93.13,6.0,N,1.0,490.46,3.0,35.0,0.48,C23H22F4N6O2,-0.79,,,,2270391.0,"
     RDKit          2D

 36 39  0  0  0  0  0  0  0  0999 V2000
    3.2111  -17.2331    0.0000 C   0  0  0  0  0  0  0  0  0  0  0  0
    3.2098  -18.0605    0.0000 N   0  0  0  0  0  0  0  0  0  0  0  0
    3.9247  -18.4734    0.0000 C   0  0  0  0  0  0  0  0  0  0  0  0
    4.6411  -18.0599    0.0000 C   0  0  0  0  0  0  0  0  0  0  0  0
    4.6383  -17.2295    0.0000 C   0  0  0  0  0  0  0  0  0  0  0  0
    3.9229  -16.8203    0.0000 C   0  0  0  0  0  0  0  0  0  0  0  0
    3.9245  -19.2984    0.0000 C   0  0  0  0  0  0  0  0  0  0  0  0
    5.3512  -16.8143    0.0000 C   0  0  0  0  0  0  0  0  0  0  0  0
    6.0644  -17.2271    0.0000 C   0  0  0  0  0  0  0  0  0  0  0  0
    6.7769  -16.8127    0.0000 C   0  0  0  0  0  0  0  0  0  0  0  0
    6.7741  -15.9867    0.0000 C   0  0  0  0  0  0  0  0  0  0  0  0
    6.0531  -15.5772    0.0000 N   0  0  0  0  0  0  0  0  0  0  0  0
    5.3436  -15.9940    0.0000 C   0  0  0  0  0  0  0  0  0  0  0  0
    7.4865  -15.5706    0.0000 C   0  0  0  0  0  0  0  0  0  0  0  0
    8.2031  -15.9795    0.0000 C   0  0  0  0  0  0  0  0  0  0  0  0
    7.4823  -14.7456    0.0000 N   0  0  0  0  0  0  0  0  0  0  0  0
    8.1947  -14.3295    0.0000 C   0  0  0  0  0  0  0  0  0  0  0  0
    8.9108  -14.7402    0.0000 N   0  0  0  0  0  0  0  0  0  0  0  0
    9.6228  -14.3247    0.0000 C   0  0  0  0  0  0  0  0  0  0  0  0
    9.6189  -13.4988    0.0000 C   0  0  0  0  0  0  0  0  0  0  0  0
    8.8974  -13.0902    0.0000 C   0  0  0  0  0  0  0  0  0  0  0  0
    8.1885  -13.5079    0.0000 N   0  0  0  0  0  0  0  0  0  0  0  0
   10.3392  -14.7339    0.0000 N   0  0  0  0  0  0  0  0  0  0  0  0
   10.4252  -15.5524    0.0000 C   0  0  0  0  0  0  0  0  0  0  0  0
   11.2329  -15.7202    0.0000 C   0  0  0  0  0  0  0  0  0  0  0  0
   11.6421  -15.0039    0.0000 O   0  0  0  0  0  0  0  0  0  0  0  0
   11.0871  -14.3934    0.0000 C   0  0  0  0  0  0  0  0  0  0  0  0
   11.2534  -13.5853    0.0000 O   0  0  0  0  0  0  0  0  0  0  0  0
   10.0082  -16.2624    0.0000 C   0  0  0  0  0  0  0  0  0  0  0  0
    3.2099  -19.7107    0.0000 F   0  0  0  0  0  0  0  0  0  0  0  0
    4.6389  -19.7110    0.0000 F   0  0  0  0  0  0  0  0  0  0  0  0
    3.9166  -20.1206    0.0000 F   0  0  0  0  0  0  0  0  0  0  0  0
    6.0653  -18.0521    0.0000 C   0  0  0  0  0  0  0  0  0  0  0  0
   10.4154  -16.9798    0.0000 F   0  0  0  0  0  0  0  0  0  0  0  0
    9.1832  -16.2562    0.0000 C   0  0  0  0  0  0  0  0  0  0  0  0
    9.6249  -15.3332    0.0000 H   0  0  0  0  0  0  0  0  0  0  0  0
  1  2  2  0
  2  3  1  0
  3  4  2  0
  4  5  1  0
  5  6  2  0
  6  1  1  0
  3  7  1  0
  5  8  1  0
  8  9  2  0
  9 10  1  0
 10 11  2  0
 11 12  1  0
 12 13  2  0
 13  8  1  0
 11 14  1  0
 14 15  1  1
 14 16  1  0
 16 17  1  0
 17 18  2  0
 18 19  1  0
 19 20  2  0
 20 21  1  0
 21 22  2  0
 22 17  1  0
 19 23  1  0
 24 23  1  0
 24 25  1  0
 25 26  1  0
 26 27  1  0
 27 23  1  0
 27 28  2  0
 24 29  1  0
  7 30  1  0
  7 31  1  0
  7 32  1  0
  9 33  1  0
 29 34  1  6
 29 35  1  0
 24 36  1  1
M  END","InChI=1S/C23H22F4N6O2/c1-12-8-17(30-10-16(12)15-4-6-28-19(9-15)23(25,26)27)14(3)31-21-29-7-5-20(32-21)33-18(13(2)24)11-35-22(33)34/h4-10,13-14,18H,11H2,1-3H3,(H,29,31,32)/t13-,14+,18-/m1/s1",DCGDPJCUIKLTDU-QWQRMKEZSA-N,Cc1cc([C@H](C)Nc2nccc(N3C(=O)OC[C@@H]3[C@@H](C)F)n2)ncc1-c1ccnc(C(F)(F)F)c1
2282945,CHEMBL4204794,AVAPRITINIB,INHIBITOR,,CHEMBL1936,Mast/stem cell growth factor receptor Kit,Glioma,central nervous system cancer,1.0,2282945.0,498.57,2.61,10.0,1.0,106.29,5.0,N,0.0,498.57,5.0,37.0,0.39,C26H27FN10,-1.68,,,,2282945.0,"
     RDKit          2D

 37 42  0  0  0  0  0  0  0  0999 V2000
   -5.8631   -0.7284    0.0000 C   0  0  0  0  0  0  0  0  0  0  0  0
   -6.6837   -0.8146    0.0000 C   0  0  0  0  0  0  0  0  0  0  0  0
   -6.8552   -1.6216    0.0000 N   0  0  0  0  0  0  0  0  0  0  0  0
   -6.1407   -2.0341    0.0000 N   0  0  0  0  0  0  0  0  0  0  0  0
   -5.5277   -1.4821    0.0000 C   0  0  0  0  0  0  0  0  0  0  0  0
   -5.1731    1.2918    0.0000 N   0  0  0  0  0  0  0  0  0  0  0  0
   -5.7862    0.7397    0.0000 C   0  0  0  0  0  0  0  0  0  0  0  0
   -5.4507   -0.0139    0.0000 C   0  0  0  0  0  0  0  0  0  0  0  0
   -4.6302    0.0723    0.0000 C   0  0  0  0  0  0  0  0  0  0  0  0
   -4.4587    0.8792    0.0000 C   0  0  0  0  0  0  0  0  0  0  0  0
   -4.4586    2.5292    0.0000 C   0  0  0  0  0  0  0  0  0  0  0  0
   -5.1731    2.1168    0.0000 N   0  0  0  0  0  0  0  0  0  0  0  0
   -3.7442    1.2917    0.0000 C   0  0  0  0  0  0  0  0  0  0  0  0
   -3.7442    2.1166    0.0000 N   0  0  0  0  0  0  0  0  0  0  0  0
   -6.0976   -2.8580    0.0000 C   0  0  0  0  0  0  0  0  0  0  0  0
   -3.0768    0.8068    0.0000 N   0  0  0  0  0  0  0  0  0  0  0  0
   -2.3623    1.2193    0.0000 C   0  0  0  0  0  0  0  0  0  0  0  0
   -3.0768   -0.0182    0.0000 C   0  0  0  0  0  0  0  0  0  0  0  0
   -2.3623   -0.4307    0.0000 C   0  0  0  0  0  0  0  0  0  0  0  0
   -1.6478   -0.0182    0.0000 N   0  0  0  0  0  0  0  0  0  0  0  0
   -1.6478    0.8068    0.0000 C   0  0  0  0  0  0  0  0  0  0  0  0
   -0.9333   -0.4307    0.0000 C   0  0  0  0  0  0  0  0  0  0  0  0
   -0.2189   -0.0182    0.0000 N   0  0  0  0  0  0  0  0  0  0  0  0
   -0.9333   -1.2557    0.0000 N   0  0  0  0  0  0  0  0  0  0  0  0
   -0.2189   -1.6682    0.0000 C   0  0  0  0  0  0  0  0  0  0  0  0
    0.4956   -1.2557    0.0000 C   0  0  0  0  0  0  0  0  0  0  0  0
    0.4956   -0.4307    0.0000 C   0  0  0  0  0  0  0  0  0  0  0  0
    1.2101   -1.6682    0.0000 C   0  0  0  0  0  0  0  0  0  0  0  0
    1.9245   -1.2557    0.0000 C   0  0  0  0  0  0  0  0  0  0  0  0
    0.9144   -2.4022    0.0000 C   0  0  0  0  0  0  0  0  0  0  0  0
    1.7102   -2.2366    0.0000 N   0  0  0  0  0  0  0  0  0  0  0  0
    2.6389   -0.0182    0.0000 C   0  0  0  0  0  0  0  0  0  0  0  0
    1.9245   -0.4307    0.0000 C   0  0  0  0  0  0  0  0  0  0  0  0
    2.6389   -1.6682    0.0000 C   0  0  0  0  0  0  0  0  0  0  0  0
    3.3535   -1.2557    0.0000 C   0  0  0  0  0  0  0  0  0  0  0  0
    3.3534   -0.4307    0.0000 C   0  0  0  0  0  0  0  0  0  0  0  0
    4.0679   -0.0182    0.0000 F   0  0  0  0  0  0  0  0  0  0  0  0
  1  2  1  0
  2  3  2  0
  3  4  1  0
  4  5  1  0
  1  5  2  0
  6  7  1  0
  7  8  2  0
  8  9  1  0
  9 10  2  0
 11 12  2  0
 13 14  2  0
 11 14  1  0
 10 13  1  0
 12  6  1  0
  6 10  1  0
  8  1  1  0
  4 15  1  0
 13 16  1  0
 18 19  1  0
 19 20  1  0
 20 21  1  0
 17 21  1  0
 17 16  1  0
 16 18  1  0
 20 22  1  0
 24 25  1  0
 25 26  2  0
 26 27  1  0
 23 27  2  0
 23 22  1  0
 22 24  2  0
 26 28  1  0
 28 29  1  0
 28 30  1  1
 28 31  1  6
 32 33  1  0
 34 35  2  0
 35 36  1  0
 32 36  2  0
 33 29  2  0
 29 34  1  0
 36 37  1  0
M  END
","InChI=1S/C26H27FN10/c1-26(28,20-3-5-22(27)6-4-20)21-13-29-25(30-14-21)36-9-7-35(8-10-36)24-23-11-18(16-37(23)33-17-31-24)19-12-32-34(2)15-19/h3-6,11-17H,7-10,28H2,1-2H3/t26-/m0/s1",DWYRIWUZIJHQKQ-SANMLTNESA-N,Cn1cc(-c2cc3c(N4CCN(c5ncc([C@@](C)(N)c6ccc(F)cc6)cn5)CC4)ncnn3c2)cn1
1223,CHEMBL421,SULFASALAZINE,INHIBITOR,,CHEMBL2094253,Cyclooxygenase,Glioblastoma,glioblastoma multiforme,1.0,1223.0,398.4,3.7,7.0,3.0,141.31,6.0,N,0.0,398.4,3.0,28.0,0.54,C18H14N4O5S,-1.07,84330892.0,1223.0,92.0,1223.0,"
     RDKit          2D

 28 30  0  0  0  0  0  0  0  0999 V2000
    6.4542   -4.4375    0.0000 S   0  0  0  0  0  0  0  0  0  0  0  0
    7.0667   -4.0833    0.0000 N   0  0  0  0  0  0  0  0  0  0  0  0
    1.5542   -3.0333    0.0000 C   0  0  0  0  0  0  0  0  0  0  0  0
    0.9417   -3.3875    0.0000 C   0  0  0  0  0  0  0  0  0  0  0  0
    5.8375   -4.0833    0.0000 C   0  0  0  0  0  0  0  0  0  0  0  0
    3.3875   -3.3792    0.0000 N   0  0  0  0  0  0  0  0  0  0  0  0
    4.0000   -3.0250    0.0000 N   0  0  0  0  0  0  0  0  0  0  0  0
    7.6792   -4.4375    0.0000 C   0  0  0  0  0  0  0  0  0  0  0  0
    6.8042   -5.0500    0.0000 O   0  0  0  0  0  0  0  0  0  0  0  0
    6.0917   -5.0500    0.0000 O   0  0  0  0  0  0  0  0  0  0  0  0
    1.5500   -2.3208    0.0000 C   0  0  0  0  0  0  0  0  0  0  0  0
    2.1667   -3.3833    0.0000 C   0  0  0  0  0  0  0  0  0  0  0  0
    8.2917   -4.0833    0.0000 N   0  0  0  0  0  0  0  0  0  0  0  0
    0.9458   -4.0958    0.0000 O   0  0  0  0  0  0  0  0  0  0  0  0
    2.7750   -3.0292    0.0000 C   0  0  0  0  0  0  0  0  0  0  0  0
    5.8417   -3.3792    0.0000 C   0  0  0  0  0  0  0  0  0  0  0  0
    5.2292   -4.4417    0.0000 C   0  0  0  0  0  0  0  0  0  0  0  0
    2.1625   -1.9667    0.0000 C   0  0  0  0  0  0  0  0  0  0  0  0
    4.6167   -3.3792    0.0000 C   0  0  0  0  0  0  0  0  0  0  0  0
    0.3250   -3.0375    0.0000 O   0  0  0  0  0  0  0  0  0  0  0  0
    2.7750   -2.3167    0.0000 C   0  0  0  0  0  0  0  0  0  0  0  0
    5.2292   -3.0250    0.0000 C   0  0  0  0  0  0  0  0  0  0  0  0
    4.6167   -4.0917    0.0000 C   0  0  0  0  0  0  0  0  0  0  0  0
    0.9375   -1.9667    0.0000 O   0  0  0  0  0  0  0  0  0  0  0  0
    8.9042   -4.4375    0.0000 C   0  0  0  0  0  0  0  0  0  0  0  0
    7.6792   -5.1500    0.0000 C   0  0  0  0  0  0  0  0  0  0  0  0
    8.9042   -5.1500    0.0000 C   0  0  0  0  0  0  0  0  0  0  0  0
    8.2917   -5.5042    0.0000 C   0  0  0  0  0  0  0  0  0  0  0  0
  2  1  1  0
  3 12  2  0
  4  3  1  0
  5  1  1  0
  6  7  2  0
  7 19  1  0
  8  2  1  0
  9  1  2  0
 10  1  2  0
 11  3  1  0
 12 15  1  0
 13  8  1  0
 14  4  2  0
 15  6  1  0
 16  5  2  0
 17  5  1  0
 18 21  1  0
 19 22  2  0
 20  4  1  0
 21 15  2  0
 22 16  1  0
 23 17  2  0
 24 11  1  0
 25 13  2  0
 26  8  2  0
 27 28  2  0
 28 26  1  0
 23 19  1  0
 25 27  1  0
 11 18  2  0
M  END
","InChI=1S/C18H14N4O5S/c23-16-9-6-13(11-15(16)18(24)25)21-20-12-4-7-14(8-5-12)28(26,27)22-17-3-1-2-10-19-17/h1-11,23H,(H,19,22)(H,24,25)/b21-20+",NCEXYHBECQHGNR-QZQOTICOSA-N,O=C(O)c1cc(/N=N/c2ccc(S(=O)(=O)Nc3ccccn3)cc2)ccc1O
2318498,CHEMBL4279047,VORASIDENIB,INHIBITOR,,CHEMBL4523659,IDH1/IDH2,Astrocytoma,astrocytoma,4.0,2318498.0,414.74,4.31,6.0,2.0,75.62,5.0,N,0.0,414.74,2.0,27.0,0.56,C14H13ClF6N6,-0.76,83846199.0,2318498.0,57.0,2318498.0,"
     RDKit          2D

 27 28  0  0  0  0  0  0  0  0999 V2000
   -1.2468   -0.4997    0.0000 C   0  0  0  0  0  0  0  0  0  0  0  0
   -1.9612   -0.9122    0.0000 N   0  0  0  0  0  0  0  0  0  0  0  0
   -1.9612   -1.7372    0.0000 C   0  0  0  0  0  0  0  0  0  0  0  0
   -1.2468   -2.1497    0.0000 C   0  0  0  0  0  0  0  0  0  0  0  0
   -0.5323   -1.7372    0.0000 C   0  0  0  0  0  0  0  0  0  0  0  0
   -0.5323   -0.9122    0.0000 C   0  0  0  0  0  0  0  0  0  0  0  0
   -1.2468    1.9754    0.0000 N   0  0  0  0  0  0  0  0  0  0  0  0
   -1.9612    1.5629    0.0000 C   0  0  0  0  0  0  0  0  0  0  0  0
   -1.9612    0.7379    0.0000 N   0  0  0  0  0  0  0  0  0  0  0  0
   -1.2468    0.3254    0.0000 C   0  0  0  0  0  0  0  0  0  0  0  0
   -0.5323    0.7378    0.0000 N   0  0  0  0  0  0  0  0  0  0  0  0
   -0.5323    1.5629    0.0000 C   0  0  0  0  0  0  0  0  0  0  0  0
   -2.5652    0.7378    0.0000 F   0  0  0  0  0  0  0  0  0  0  0  0
   -2.6757   -2.1497    0.0000 Cl  0  0  0  0  0  0  0  0  0  0  0  0
    0.1822    1.9754    0.0000 N   0  0  0  0  0  0  0  0  0  0  0  0
    0.0716    0.7378    0.0000 F   0  0  0  0  0  0  0  0  0  0  0  0
    0.8966    0.7378    0.0000 C   0  0  0  0  0  0  0  0  0  0  0  0
    0.8966    1.5629    0.0000 C   0  0  0  0  0  0  0  0  0  0  0  0
    1.6111    1.9754    0.0000 C   0  0  0  0  0  0  0  0  0  0  0  0
    1.7216    0.7378    0.0000 F   0  0  0  0  0  0  0  0  0  0  0  0
   -2.6757    1.9753    0.0000 N   0  0  0  0  0  0  0  0  0  0  0  0
   -3.3902    1.5628    0.0000 C   0  0  0  0  0  0  0  0  0  0  0  0
   -3.3902    0.7378    0.0000 C   0  0  0  0  0  0  0  0  0  0  0  0
   -4.1046    1.9753    0.0000 C   0  0  0  0  0  0  0  0  0  0  0  0
   -4.2152    0.7378    0.0000 F   0  0  0  0  0  0  0  0  0  0  0  0
   -3.4334   -0.0861    0.0000 F   0  0  0  0  0  0  0  0  0  0  0  0
    0.8966   -0.0872    0.0000 F   0  0  0  0  0  0  0  0  0  0  0  0
  1  2  2  0
  2  3  1  0
  3  4  2  0
  4  5  1  0
  5  6  2  0
  1  6  1  0
  7  8  2  0
  8  9  1  0
  9 10  2  0
 10 11  1  0
 11 12  2  0
  7 12  1  0
  1 10  1  0
  3 14  1  0
 16 17  1  0
 17 18  1  0
 15 18  1  0
 15 12  1  0
 17 20  1  0
 18 19  1  6
 21 22  1  0
 22 23  1  0
 23 13  1  0
 21  8  1  0
 22 24  1  1
 25 23  1  0
 23 26  1  0
 17 27  1  0
M  END","InChI=1S/C14H13ClF6N6/c1-6(13(16,17)18)22-11-25-10(8-4-3-5-9(15)24-8)26-12(27-11)23-7(2)14(19,20)21/h3-7H,1-2H3,(H2,22,23,25,26,27)/t6-,7-/m1/s1",QCZAWDGAVJMPTA-RNFRBKRXSA-N,C[C@@H](Nc1nc(N[C@H](C)C(F)(F)F)nc(-c2cccc(Cl)n2)n1)C(F)(F)F
8062,CHEMBL428647,PACLITAXEL,INHIBITOR,Beta tubulin paclitaxel binding site,CHEMBL2095182,Tubulin,Paraganglioma,Paraganglioma,3.0,8062.0,853.92,3.74,14.0,4.0,221.29,10.0,N,2.0,853.92,3.0,62.0,0.13,C47H51NO14,1.87,83820324.0,8062.0,56.0,8062.0,"
     RDKit          2D

 63 69  0  0  1  0  0  0  0  0999 V2000
    7.8542   -4.9542    0.0000 C   0  0  0  0  0  0  0  0  0  0  0  0
    8.5667   -6.1875    0.0000 C   0  0  0  0  0  0  0  0  0  0  0  0
    6.2875   -6.4000    0.0000 C   0  0  0  0  0  0  0  0  0  0  0  0
    7.8542   -5.7792    0.0000 C   0  0  0  0  0  0  0  0  0  0  0  0
    6.2292   -4.9750    0.0000 C   0  0  0  0  0  0  0  0  0  0  0  0
    6.6667   -5.6667    0.0000 C   0  0  0  0  0  0  0  0  0  0  0  0
    7.4417   -4.2417    0.0000 C   0  0  0  0  0  0  0  0  0  0  0  0
    6.7250   -7.0917    0.0000 C   0  0  0  0  0  0  0  0  0  0  0  0
    6.6167   -4.2417    0.0000 C   0  0  0  0  0  0  0  0  0  0  0  0
    5.4042   -5.0042    0.0000 C   0  0  0  0  0  0  0  0  0  0  0  0
    5.4625   -6.4292    0.0000 C   0  0  0  0  0  0  0  0  0  0  0  0
    5.0167   -5.7292    0.0000 C   0  0  0  0  0  0  0  0  0  0  0  0
    3.4792   -5.3500    0.0000 C   0  0  0  0  0  0  0  0  0  0  0  0
    8.5667   -4.5417    0.0000 C   0  0  0  0  0  0  0  0  0  0  0  0
    2.7625   -5.7542    0.0000 C   0  0  0  0  0  0  0  0  0  0  0  0
    9.2792   -5.7792    0.0000 C   0  0  0  0  0  0  0  0  0  0  0  0
    2.0500   -4.5167    0.0000 N   0  0  0  0  0  0  0  0  0  0  0  0
    6.6625   -7.9167    0.0000 O   0  0  0  0  0  0  0  0  0  0  0  0
    2.0500   -5.3417    0.0000 C   0  0  0  0  0  0  0  0  0  0  0  0
    1.3292   -4.1042    0.0000 C   0  0  0  0  0  0  0  0  0  0  0  0
    5.9167   -8.2792    0.0000 C   0  0  0  0  0  0  0  0  0  0  0  0
    4.1917   -5.7625    0.0000 O   0  0  0  0  0  0  0  0  0  0  0  0
    8.9750   -6.9000    0.0000 C   0  0  0  0  0  0  0  0  0  0  0  0
    9.2792   -4.9542    0.0000 C   0  0  0  0  0  0  0  0  0  0  0  0
    8.3500   -6.9792    0.0000 O   0  0  0  0  0  0  0  0  0  0  0  0
    9.6875   -6.4917    0.0000 O   0  0  0  0  0  0  0  0  0  0  0  0
    6.2000   -3.5292    0.0000 O   0  0  0  0  0  0  0  0  0  0  0  0
    8.9292   -7.5667    0.0000 C   0  0  0  0  0  0  0  0  0  0  0  0
    6.6125   -2.8125    0.0000 C   0  0  0  0  0  0  0  0  0  0  0  0
    7.8542   -3.5292    0.0000 O   0  0  0  0  0  0  0  0  0  0  0  0
    3.4792   -4.5250    0.0000 O   0  0  0  0  0  0  0  0  0  0  0  0
    0.6167   -4.5167    0.0000 O   0  0  0  0  0  0  0  0  0  0  0  0
    5.2375   -7.8125    0.0000 O   0  0  0  0  0  0  0  0  0  0  0  0
    5.8667   -7.1125    0.0000 O   0  0  0  0  0  0  0  0  0  0  0  0
    1.3375   -3.2792    0.0000 C   0  0  0  0  0  0  0  0  0  0  0  0
    5.8542   -9.1000    0.0000 C   0  0  0  0  0  0  0  0  0  0  0  0
    1.3292   -5.7542    0.0000 C   0  0  0  0  0  0  0  0  0  0  0  0
    9.7292   -7.3542    0.0000 O   0  0  0  0  0  0  0  0  0  0  0  0
    7.4375   -2.8042    0.0000 O   0  0  0  0  0  0  0  0  0  0  0  0
    7.8500   -4.1292    0.0000 C   0  0  0  0  0  0  0  0  0  0  0  0
    2.7625   -6.5792    0.0000 O   0  0  0  0  0  0  0  0  0  0  0  0
    8.5667   -3.7167    0.0000 O   0  0  0  0  0  0  0  0  0  0  0  0
    7.0750   -4.9542    0.0000 C   0  0  0  0  0  0  0  0  0  0  0  0
    7.4625   -5.8792    0.0000 C   0  0  0  0  0  0  0  0  0  0  0  0
    4.9750   -4.3042    0.0000 C   0  0  0  0  0  0  0  0  0  0  0  0
    6.1917   -2.1000    0.0000 C   0  0  0  0  0  0  0  0  0  0  0  0
    8.7125   -8.3625    0.0000 C   0  0  0  0  0  0  0  0  0  0  0  0
    0.6250   -2.8750    0.0000 C   0  0  0  0  0  0  0  0  0  0  0  0
    6.5417   -9.5625    0.0000 C   0  0  0  0  0  0  0  0  0  0  0  0
    5.1167   -9.4542    0.0000 C   0  0  0  0  0  0  0  0  0  0  0  0
    2.0500   -2.8750    0.0000 C   0  0  0  0  0  0  0  0  0  0  0  0
    0.6167   -5.3417    0.0000 C   0  0  0  0  0  0  0  0  0  0  0  0
    1.3375   -6.5792    0.0000 C   0  0  0  0  0  0  0  0  0  0  0  0
    2.0542   -2.0500    0.0000 C   0  0  0  0  0  0  0  0  0  0  0  0
    0.6167   -2.0542    0.0000 C   0  0  0  0  0  0  0  0  0  0  0  0
    0.6250   -6.9917    0.0000 C   0  0  0  0  0  0  0  0  0  0  0  0
    5.0542  -10.2792    0.0000 C   0  0  0  0  0  0  0  0  0  0  0  0
    6.4792  -10.3792    0.0000 C   0  0  0  0  0  0  0  0  0  0  0  0
   -0.0958   -5.7542    0.0000 C   0  0  0  0  0  0  0  0  0  0  0  0
    1.3375   -1.6375    0.0000 C   0  0  0  0  0  0  0  0  0  0  0  0
   -0.0958   -6.5792    0.0000 C   0  0  0  0  0  0  0  0  0  0  0  0
    5.7375  -10.7417    0.0000 C   0  0  0  0  0  0  0  0  0  0  0  0
    7.8500   -6.6042    0.0000 H   0  0  0  0  0  0  0  0  0  0  0  0
  2  4  1  0
  3  8  1  0
  4  1  1  0
  5  9  1  0
  6  5  1  0
  7  1  1  0
  8  4  1  0
  9  7  1  0
 10  5  2  0
 11  3  1  0
 12 10  1  0
 13 22  1  0
 14  1  1  0
 15 13  1  0
 16 24  1  0
 19 17  1  6
  8 18  1  6
 19 15  1  0
 20 17  1  0
 21 18  1  0
 12 22  1  6
  2 23  1  1
 24 14  1  0
  2 25  1  6
 16 26  1  1
  9 27  1  1
 28 25  1  0
 29 27  1  0
 30  7  2  0
 31 13  2  0
 32 20  2  0
 33 21  2  0
  3 34  1  1
 35 20  1  0
 36 21  1  0
 37 19  1  0
 38 28  2  0
 39 29  2  0
  1 40  1  1
 15 41  1  6
 14 42  1  1
  6 43  1  0
  6 44  1  0
 45 10  1  0
 46 29  1  0
 47 28  1  0
 48 35  1  0
 49 36  1  0
 50 36  2  0
 51 35  2  0
 52 37  2  0
 53 37  1  0
 54 51  1  0
 55 48  2  0
 56 53  2  0
 57 50  1  0
 58 49  2  0
 59 52  1  0
 60 54  2  0
 61 56  1  0
 62 57  2  0
  4 63  1  6
 16  2  1  0
 23 26  1  0
  3  6  1  0
 11 12  1  0
 58 62  1  0
 59 61  2  0
 55 60  1  0
M  END
","InChI=1S/C47H51NO14/c1-25-31(60-43(56)36(52)35(28-16-10-7-11-17-28)48-41(54)29-18-12-8-13-19-29)23-47(57)40(61-42(55)30-20-14-9-15-21-30)38-45(6,32(51)22-33-46(38,24-58-33)62-27(3)50)39(53)37(59-26(2)49)34(25)44(47,4)5/h7-21,31-33,35-38,40,51-52,57H,22-24H2,1-6H3,(H,48,54)/t31-,32-,33+,35-,36+,37+,38-,40-,45+,46-,47+/m0/s1",RCINICONZNJXQF-MZXODVADSA-N,CC(=O)O[C@H]1C(=O)[C@@]2(C)[C@H]([C@H](OC(=O)c3ccccc3)[C@]3(O)C[C@H](OC(=O)[C@H](O)[C@@H](NC(=O)c4ccccc4)c4ccccc4)C(C)=C1C3(C)C)[C@]1(OC(C)=O)CO[C@@H]1C[C@@H]2O
2335271,CHEMBL4297300,LB-100,INHIBITOR,,CHEMBL2435,Serine/threonine-protein phosphatase 2A catalytic subunit beta isoform,Glioblastoma,glioblastoma multiforme,2.0,2335271.0,268.31,-0.36,4.0,1.0,70.08,2.0,N,0.0,268.31,0.0,19.0,0.74,C13H20N2O4,-0.09,,,,2335271.0,"
     RDKit          2D

 19 21  0  0  1  0  0  0  0  0999 V2000
   13.6160   -8.1632    0.0000 C   0  0  0  0  0  0  0  0  0  0  0  0
   13.6160   -6.9821    0.0000 N   0  0  0  0  0  0  0  0  0  0  0  0
   14.6389   -6.3916    0.0000 C   0  0  0  0  0  0  0  0  0  0  0  0
   14.6389   -5.2105    0.0000 C   0  0  0  0  0  0  0  0  0  0  0  0
   13.6160   -4.6199    0.0000 N   0  0  0  0  0  0  0  0  0  0  0  0
   13.6160   -3.4388    0.0000 C   0  0  0  0  0  0  0  0  0  0  0  0
   12.5931   -5.2105    0.0000 C   0  0  0  0  0  0  0  0  0  0  0  0
   12.5931   -6.3916    0.0000 C   0  0  0  0  0  0  0  0  0  0  0  0
   12.5931   -8.7538    0.0000 C   0  0  0  0  0  0  0  0  0  0  0  0
   12.5931   -9.9349    0.0000 C   0  0  0  0  0  0  0  0  0  0  0  0
   13.6160  -10.5254    0.0000 C   0  0  0  0  0  0  0  0  0  0  0  0
   13.6160  -11.7065    0.0000 O   0  0  0  0  0  0  0  0  0  0  0  0
   14.6389   -9.9349    0.0000 O   0  0  0  0  0  0  0  0  0  0  0  0
   11.5703  -10.5254    0.0000 C   0  0  0  0  0  0  0  0  0  0  0  0
   10.5474   -9.9349    0.0000 C   0  0  0  0  0  0  0  0  0  0  0  0
   10.5474   -8.7538    0.0000 C   0  0  0  0  0  0  0  0  0  0  0  0
   11.5703   -8.1632    0.0000 C   0  0  0  0  0  0  0  0  0  0  0  0
   12.2522   -9.3443    0.0000 O   0  0  0  0  0  0  0  0  0  0  0  0
   14.6389   -8.7538    0.0000 O   0  0  0  0  0  0  0  0  0  0  0  0
  1  2  1  0
  2  3  1  0
  3  4  1  0
  4  5  1  0
  5  6  1  0
  7  5  1  0
  8  7  1  0
  2  8  1  0
  1  9  1  0
  9 10  1  0
 10 11  1  0
 11 12  2  0
 11 13  1  0
 10 14  1  0
 14 15  1  0
 16 15  1  0
 17 16  1  0
  9 17  1  0
 14 18  1  6
 17 18  1  6
  1 19  2  0
M  END
","InChI=1S/C13H20N2O4/c1-14-4-6-15(7-5-14)12(16)10-8-2-3-9(19-8)11(10)13(17)18/h8-11H,2-7H2,1H3,(H,17,18)/t8-,9+,10?,11?/m0/s1",JUQMLSGOTNKJKI-IZUQBHJASA-N,CN1CCN(C(=O)C2C(C(=O)O)[C@H]3CC[C@@H]2O3)CC1
2335393,CHEMBL4297422,RG-4733,INHIBITOR,,CHEMBL2094135,Gamma-secretase,Brain Neoplasms,brain neoplasm,2.0,2335393.0,469.41,3.8,3.0,3.0,87.3,5.0,N,0.0,469.41,2.0,33.0,0.46,C22H20F5N3O3,-0.23,84250230.0,2335393.0,72.0,2335393.0,"
     RDKit          2D

 33 35  0  0  1  0  0  0  0  0999 V2000
    1.7708   -9.3958    0.0000 C   0  0  0  0  0  0  0  0  0  0  0  0
    2.7833   -8.8000    0.0000 N   0  0  0  0  0  0  0  0  0  0  0  0
    3.8083   -9.3792    0.0000 C   0  0  0  0  0  0  0  0  0  0  0  0
    4.8208   -8.7833    0.0000 C   0  0  0  0  0  0  0  0  0  0  0  0
    5.8458   -9.3625    0.0000 C   0  0  0  0  0  0  0  0  0  0  0  0
    6.8583   -8.7667    0.0000 N   0  0  0  0  0  0  0  0  0  0  0  0
    7.8833   -9.3458    0.0000 C   0  0  0  0  0  0  0  0  0  0  0  0
    8.8958   -8.7500    0.0000 C   0  0  0  0  0  0  0  0  0  0  0  0
    9.9208   -9.3292    0.0000 C   0  0  0  0  0  0  0  0  0  0  0  0
   10.9333   -8.7333    0.0000 F   0  0  0  0  0  0  0  0  0  0  0  0
    9.9312  -10.5083    0.0000 F   0  0  0  0  0  0  0  0  0  0  0  0
   10.9417   -9.9167    0.0000 F   0  0  0  0  0  0  0  0  0  0  0  0
    8.3042   -7.7333    0.0000 F   0  0  0  0  0  0  0  0  0  0  0  0
    9.4750   -7.7250    0.0000 F   0  0  0  0  0  0  0  0  0  0  0  0
    5.8562  -10.5416    0.0000 O   0  0  0  0  0  0  0  0  0  0  0  0
    3.8187  -10.5583    0.0000 O   0  0  0  0  0  0  0  0  0  0  0  0
    4.2292   -7.7667    0.0000 C   0  0  0  0  0  0  0  0  0  0  0  0
    5.4000   -7.7583    0.0000 C   0  0  0  0  0  0  0  0  0  0  0  0
    0.8468   -8.6581    0.0000 C   0  0  0  0  0  0  0  0  0  0  0  0
   -0.3084   -8.9234    0.0000 N   0  0  0  0  0  0  0  0  0  0  0  0
    1.7701  -10.5725    0.0000 C   0  0  0  0  0  0  0  0  0  0  0  0
    0.8452  -11.3159    0.0000 C   0  0  0  0  0  0  0  0  0  0  0  0
    1.0275  -12.4856    0.0000 C   0  0  0  0  0  0  0  0  0  0  0  0
    2.1338  -12.9136    0.0000 C   0  0  0  0  0  0  0  0  0  0  0  0
    3.0586  -12.1630    0.0000 C   0  0  0  0  0  0  0  0  0  0  0  0
    2.8716  -10.9959    0.0000 C   0  0  0  0  0  0  0  0  0  0  0  0
   -0.3054  -11.0580    0.0000 C   0  0  0  0  0  0  0  0  0  0  0  0
   -0.8182   -9.9928    0.0000 C   0  0  0  0  0  0  0  0  0  0  0  0
   -1.9945   -9.9059    0.0000 C   0  0  0  0  0  0  0  0  0  0  0  0
   -2.6593  -10.8830    0.0000 C   0  0  0  0  0  0  0  0  0  0  0  0
   -2.1394  -11.9498    0.0000 C   0  0  0  0  0  0  0  0  0  0  0  0
   -0.9647  -12.0315    0.0000 C   0  0  0  0  0  0  0  0  0  0  0  0
    1.1084   -7.5083    0.0000 O   0  0  0  0  0  0  0  0  0  0  0  0
  4 17  1  0
  8  9  1  0
  4 18  1  0
  4  5  1  0
  9 10  1  0
  2  3  1  0
  9 11  1  0
  5  6  1  0
  9 12  1  0
  1  2  1  1
  8 13  1  0
  6  7  1  0
  8 14  1  0
  3  4  1  0
  5 15  2  0
  7  8  1  0
  3 16  2  0
 19 20  1  0
 24 25  1  0
 20 28  1  0
 25 26  2  0
 26 21  1  0
  1 19  1  0
 27 28  2  0
 21 22  2  0
 28 29  1  0
 22 27  1  0
 29 30  2  0
 22 23  1  0
 30 31  1  0
  1 21  1  0
 31 32  2  0
 32 27  1  0
 23 24  2  0
 19 33  2  0
M  END
","InChI=1S/C22H20F5N3O3/c1-20(2,18(32)28-11-21(23,24)22(25,26)27)19(33)30-16-14-9-4-3-7-12(14)13-8-5-6-10-15(13)29-17(16)31/h3-10,16H,11H2,1-2H3,(H,28,32)(H,29,31)(H,30,33)/t16-/m0/s1",OJPLJFIFUQPSJR-INIZCTEOSA-N,CC(C)(C(=O)NCC(F)(F)C(F)(F)F)C(=O)N[C@@H]1C(=O)Nc2ccccc2-c2ccccc21
2335569,CHEMBL4297598,LINRODOSTAT,INHIBITOR,,CHEMBL4685,"Indoleamine 2,3-dioxygenase 1",Glioblastoma,glioblastoma multiforme,1.0,2335569.0,410.92,6.58,2.0,1.0,41.99,4.0,N,1.0,410.92,3.0,29.0,0.53,C24H24ClFN2O,-1.14,,,,2335569.0,"
     RDKit          2D

 29 32  0  0  0  0  0  0  0  0999 V2000
   -8.7593    1.0856    0.0000 C   0  0  0  0  0  0  0  0  0  0  0  0
   -8.7593    0.2606    0.0000 C   0  0  0  0  0  0  0  0  0  0  0  0
   -8.0449   -0.1519    0.0000 C   0  0  0  0  0  0  0  0  0  0  0  0
   -7.3304    0.2606    0.0000 C   0  0  0  0  0  0  0  0  0  0  0  0
   -7.3304    1.0855    0.0000 C   0  0  0  0  0  0  0  0  0  0  0  0
   -8.0449    1.4980    0.0000 C   0  0  0  0  0  0  0  0  0  0  0  0
   -8.0449    2.3230    0.0000 N   0  0  0  0  0  0  0  0  0  0  0  0
   -6.6159    1.4980    0.0000 C   0  0  0  0  0  0  0  0  0  0  0  0
   -6.6159    2.3231    0.0000 C   0  0  0  0  0  0  0  0  0  0  0  0
   -7.3304    2.7356    0.0000 C   0  0  0  0  0  0  0  0  0  0  0  0
   -5.8888    1.1084    0.0000 C   0  0  0  0  0  0  0  0  0  0  0  0
   -5.8888    0.2833    0.0000 C   0  0  0  0  0  0  0  0  0  0  0  0
   -5.1743   -0.1292    0.0000 C   0  0  0  0  0  0  0  0  0  0  0  0
   -4.4598    0.2834    0.0000 C   0  0  0  0  0  0  0  0  0  0  0  0
   -4.4598    1.1084    0.0000 C   0  0  0  0  0  0  0  0  0  0  0  0
   -5.1743    1.5209    0.0000 C   0  0  0  0  0  0  0  0  0  0  0  0
   -3.0309    1.1083    0.0000 O   0  0  0  0  0  0  0  0  0  0  0  0
   -3.0309    0.2834    0.0000 C   0  0  0  0  0  0  0  0  0  0  0  0
   -3.7453   -0.1291    0.0000 C   0  0  0  0  0  0  0  0  0  0  0  0
   -1.6018    1.1083    0.0000 C   0  0  0  0  0  0  0  0  0  0  0  0
   -1.6019    0.2833    0.0000 C   0  0  0  0  0  0  0  0  0  0  0  0
   -2.3163   -0.1292    0.0000 N   0  0  0  0  0  0  0  0  0  0  0  0
   -0.8874    1.5208    0.0000 C   0  0  0  0  0  0  0  0  0  0  0  0
   -0.1729    1.1083    0.0000 C   0  0  0  0  0  0  0  0  0  0  0  0
   -0.1729    0.2833    0.0000 C   0  0  0  0  0  0  0  0  0  0  0  0
   -0.8874   -0.1292    0.0000 C   0  0  0  0  0  0  0  0  0  0  0  0
   -8.0407   -0.9758    0.0000 F   0  0  0  0  0  0  0  0  0  0  0  0
   -3.7454   -0.9542    0.0000 C   0  0  0  0  0  0  0  0  0  0  0  0
    0.5613    1.5023    0.0000 Cl  0  0  0  0  0  0  0  0  0  0  0  0
  1  2  1  0
  2  3  2  0
  3  4  1  0
  4  5  2  0
  5  6  1  0
  1  6  2  0
  8  9  2  0
  9 10  1  0
  7 10  2  0
  5  8  1  0
  7  6  1  0
 11 12  1  0
 12 13  1  0
 13 14  1  0
 14 15  1  0
 15 16  1  0
 11 16  1  0
 18 19  1  0
 19 14  1  0
 20 21  1  0
 21 22  1  0
 22 18  1  0
 17 18  2  0
 23 24  1  0
 24 25  2  0
 25 26  1  0
 20 23  2  0
 26 21  2  0
  3 27  1  0
 11  8  1  0
 19 28  1  6
 24 29  1  0
M  END
","InChI=1S/C24H24ClFN2O/c1-15(24(29)28-20-9-6-18(25)7-10-20)16-2-4-17(5-3-16)21-12-13-27-23-11-8-19(26)14-22(21)23/h6-17H,2-5H2,1H3,(H,28,29)/t15-,16?,17?/m1/s1",KRTIYQIPSAGSBP-KLAILNCOSA-N,C[C@@H](C(=O)Nc1ccc(Cl)cc1)C1CCC(c2ccnc3ccc(F)cc23)CC1
433425,CHEMBL429876,CILENGITIDE,ANTAGONIST,,CHEMBL1907598,Integrin alpha-V/beta-3,Glioblastoma,adult glioblastoma,3.0,433425.0,588.67,-1.97,7.0,8.0,235.91,9.0,N,2.0,588.67,1.0,42.0,0.09,C27H40N8O7,1.05,83941137.0,433425.0,63.0,433425.0,"
     RDKit          2D

 42 43  0  0  1  0  0  0  0  0999 V2000
    0.2292   -1.2792    0.0000 N   0  0  0  0  0  0  0  0  0  0  0  0
    0.2667   -0.6667    0.0000 C   0  0  0  0  0  0  0  0  0  0  0  0
   -1.0583   -1.2792    0.0000 C   0  0  0  0  0  0  0  0  0  0  0  0
    0.8542    0.2250    0.0000 N   0  0  0  0  0  0  0  0  0  0  0  0
   -1.4208   -0.5125    0.0000 N   0  0  0  0  0  0  0  0  0  0  0  0
    0.8167   -0.3917    0.0000 C   0  0  0  0  0  0  0  0  0  0  0  0
   -0.3333   -1.5167    0.0000 C   0  0  0  0  0  0  0  0  0  0  0  0
    1.3792    0.5458    0.0000 C   0  0  0  0  0  0  0  0  0  0  0  0
    1.3667    1.1625    0.0000 C   0  0  0  0  0  0  0  0  0  0  0  0
    0.8292    1.4625    0.0000 N   0  0  0  0  0  0  0  0  0  0  0  0
   -0.7583    0.5625    0.0000 C   0  0  0  0  0  0  0  0  0  0  0  0
   -0.7500    1.1833    0.0000 N   0  0  0  0  0  0  0  0  0  0  0  0
    1.8917    1.4708    0.0000 C   0  0  0  0  0  0  0  0  0  0  0  0
   -2.9708    2.3708    0.0000 C   0  0  0  0  0  0  0  0  0  0  0  0
    0.3042    1.1708    0.0000 C   0  0  0  0  0  0  0  0  0  0  0  0
   -1.4208    0.1750    0.0000 C   0  0  0  0  0  0  0  0  0  0  0  0
    1.8792    2.0875    0.0000 C   0  0  0  0  0  0  0  0  0  0  0  0
   -1.4208   -1.7542    0.0000 O   0  0  0  0  0  0  0  0  0  0  0  0
   -0.2458   -0.3375    0.0000 O   0  0  0  0  0  0  0  0  0  0  0  0
   -3.5083    2.0833    0.0000 N   0  0  0  0  0  0  0  0  0  0  0  0
    1.5375   -0.8667    0.0000 C   0  0  0  0  0  0  0  0  0  0  0  0
    1.9167    0.2583    0.0000 O   0  0  0  0  0  0  0  0  0  0  0  0
   -0.2208    0.2500    0.0000 O   0  0  0  0  0  0  0  0  0  0  0  0
   -0.2250    1.4708    0.0000 C   0  0  0  0  0  0  0  0  0  0  0  0
    0.3000    0.5583    0.0000 O   0  0  0  0  0  0  0  0  0  0  0  0
    1.3417    2.3958    0.0000 O   0  0  0  0  0  0  0  0  0  0  0  0
   -2.4333    2.0458    0.0000 N   0  0  0  0  0  0  0  0  0  0  0  0
   -2.9583    2.9958    0.0000 N   0  0  0  0  0  0  0  0  0  0  0  0
    0.7375   -1.6375    0.0000 C   0  0  0  0  0  0  0  0  0  0  0  0
   -0.4208   -2.1167    0.0000 C   0  0  0  0  0  0  0  0  0  0  0  0
    2.4125    2.4083    0.0000 O   0  0  0  0  0  0  0  0  0  0  0  0
    1.5250   -1.4792    0.0000 C   0  0  0  0  0  0  0  0  0  0  0  0
   -1.9583    0.5000    0.0000 C   0  0  0  0  0  0  0  0  0  0  0  0
   -2.4500    1.4333    0.0000 C   0  0  0  0  0  0  0  0  0  0  0  0
   -0.9833   -2.3542    0.0000 C   0  0  0  0  0  0  0  0  0  0  0  0
    0.0792   -2.4917    0.0000 C   0  0  0  0  0  0  0  0  0  0  0  0
    2.0667   -1.8000    0.0000 C   0  0  0  0  0  0  0  0  0  0  0  0
    1.0000   -1.8000    0.0000 C   0  0  0  0  0  0  0  0  0  0  0  0
   -1.9250    1.1208    0.0000 C   0  0  0  0  0  0  0  0  0  0  0  0
    1.0000   -2.4042    0.0000 C   0  0  0  0  0  0  0  0  0  0  0  0
    2.0667   -2.4042    0.0000 C   0  0  0  0  0  0  0  0  0  0  0  0
    1.5292   -2.7250    0.0000 C   0  0  0  0  0  0  0  0  0  0  0  0
  2  1  1  0
  3  7  1  0
  4  6  1  0
  5  3  1  0
  6  2  1  0
  7  1  1  0
  8  4  1  0
  9  8  1  0
 10  9  1  0
 11 16  1  0
 12 11  1  0
  9 13  1  1
 14 27  1  0
 15 10  1  0
 16  5  1  0
 17 13  1  0
 18  3  2  0
 19  2  2  0
 20 14  2  0
  6 21  1  6
 22  8  2  0
 23 11  2  0
 24 12  1  0
 25 15  2  0
 26 17  2  0
 27 34  1  0
 28 14  1  0
 29  1  1  0
  7 30  1  1
 31 17  1  0
 32 21  1  0
 16 33  1  1
 34 39  1  0
 35 30  1  0
 36 30  1  0
 37 32  1  0
 38 32  2  0
 39 33  1  0
 40 38  1  0
 41 37  2  0
 42 40  2  0
 15 24  1  0
 41 42  1  0
M  END
","InChI=1S/C27H40N8O7/c1-15(2)22-25(41)33-17(10-7-11-30-27(28)29)23(39)31-14-20(36)32-18(13-21(37)38)24(40)34-19(26(42)35(22)3)12-16-8-5-4-6-9-16/h4-6,8-9,15,17-19,22H,7,10-14H2,1-3H3,(H,31,39)(H,32,36)(H,33,41)(H,34,40)(H,37,38)(H4,28,29,30)/t17-,18-,19+,22-/m0/s1",AMLYAMJWYAIXIA-VWNVYAMZSA-N,CC(C)[C@H]1C(=O)N[C@@H](CCCNC(=N)N)C(=O)NCC(=O)N[C@@H](CC(=O)O)C(=O)N[C@H](Cc2ccccc2)C(=O)N1C
441579,CHEMBL429910,DAPAGLIFLOZIN,INHIBITOR,,CHEMBL3884,Sodium/glucose cotransporter 2,Brain Neoplasms,brain neoplasm,1.0,441579.0,408.88,1.84,6.0,4.0,99.38,6.0,N,0.0,408.88,2.0,28.0,0.58,C21H25ClO6,0.61,,,,441579.0,"
     RDKit          2D

 28 30  0  0  0  0  0  0  0  0999 V2000
    6.1792  -24.6708    0.0000 C   0  0  0  0  0  0  0  0  0  0  0  0
    6.1792  -25.4958    0.0000 C   0  0  0  0  0  0  0  0  0  0  0  0
    6.8912  -25.9042    0.0000 C   0  0  0  0  0  0  0  0  0  0  0  0
    7.6032  -25.4958    0.0000 C   0  0  0  0  0  0  0  0  0  0  0  0
    7.6032  -24.6708    0.0000 C   0  0  0  0  0  0  0  0  0  0  0  0
    6.8912  -24.2542    0.0000 O   0  0  0  0  0  0  0  0  0  0  0  0
    8.3189  -24.2604    0.0000 C   0  0  0  0  0  0  0  0  0  0  0  0
    5.4635  -24.2604    0.0000 C   0  0  0  0  0  0  0  0  0  0  0  0
    8.3171  -25.9094    0.0000 O   0  0  0  0  0  0  0  0  0  0  0  0
    5.4653  -25.9094    0.0000 O   0  0  0  0  0  0  0  0  0  0  0  0
    6.8912  -26.7292    0.0000 O   0  0  0  0  0  0  0  0  0  0  0  0
    5.4611  -23.4354    0.0000 O   0  0  0  0  0  0  0  0  0  0  0  0
    9.0288  -24.6788    0.0000 C   0  0  0  0  0  0  0  0  0  0  0  0
    9.7439  -24.2691    0.0000 C   0  0  0  0  0  0  0  0  0  0  0  0
    9.7468  -23.4432    0.0000 C   0  0  0  0  0  0  0  0  0  0  0  0
    9.0285  -23.0288    0.0000 C   0  0  0  0  0  0  0  0  0  0  0  0
    8.3163  -23.4409    0.0000 C   0  0  0  0  0  0  0  0  0  0  0  0
   10.4619  -23.0319    0.0000 Cl  0  0  0  0  0  0  0  0  0  0  0  0
   10.4570  -24.6840    0.0000 C   0  0  0  0  0  0  0  0  0  0  0  0
   11.1729  -24.2740    0.0000 C   0  0  0  0  0  0  0  0  0  0  0  0
   11.8817  -24.6920    0.0000 C   0  0  0  0  0  0  0  0  0  0  0  0
   12.5971  -24.2827    0.0000 C   0  0  0  0  0  0  0  0  0  0  0  0
   12.6004  -23.4568    0.0000 C   0  0  0  0  0  0  0  0  0  0  0  0
   11.8823  -23.0420    0.0000 C   0  0  0  0  0  0  0  0  0  0  0  0
   11.1698  -23.4538    0.0000 C   0  0  0  0  0  0  0  0  0  0  0  0
   13.3157  -23.0458    0.0000 O   0  0  0  0  0  0  0  0  0  0  0  0
   14.0293  -23.4598    0.0000 C   0  0  0  0  0  0  0  0  0  0  0  0
   14.7446  -23.0488    0.0000 C   0  0  0  0  0  0  0  0  0  0  0  0
 13 14  1  0
  5  7  1  1
 14 15  2  0
  1  2  1  0
 15 16  1  0
  1  8  1  1
 16 17  2  0
 17  7  1  0
  1  6  1  0
 15 18  1  0
  4  9  1  6
 14 19  1  0
  2  3  1  0
 19 20  1  0
  2 10  1  6
 20 21  2  0
  3  4  1  0
 21 22  1  0
  3 11  1  1
 22 23  2  0
  4  5  1  0
 23 24  1  0
  8 12  1  0
 24 25  2  0
 25 20  1  0
  5  6  1  0
 23 26  1  0
  7 13  2  0
 26 27  1  0
 27 28  1  0
M  END
","InChI=1S/C21H25ClO6/c1-2-27-15-6-3-12(4-7-15)9-14-10-13(5-8-16(14)22)21-20(26)19(25)18(24)17(11-23)28-21/h3-8,10,17-21,23-26H,2,9,11H2,1H3/t17-,18-,19+,20-,21+/m1/s1",JVHXJTBJCFBINQ-ADAARDCZSA-N,CCOc1ccc(Cc2cc([C@@H]3O[C@H](CO)[C@@H](O)[C@H](O)[C@H]3O)ccc2Cl)cc1
2341072,CHEMBL4303201,CATEQUENTINIB,INHIBITOR,,CHEMBL1913,Platelet-derived growth factor receptor beta,Glioblastoma,glioblastoma multiforme,2.0,2341072.0,407.45,4.83,5.0,2.0,82.39,6.0,N,0.0,407.45,4.0,30.0,0.48,C23H22FN3O3,-0.22,,,,2341072.0,"
     RDKit          2D

 30 34  0  0  0  0  0  0  0  0999 V2000
   -7.3092   -2.8433    0.0000 N   0  0  0  0  0  0  0  0  0  0  0  0
   -6.9605   -3.5910    0.0000 C   0  0  0  0  0  0  0  0  0  0  0  0
   -6.2460   -3.1785    0.0000 C   0  0  0  0  0  0  0  0  0  0  0  0
   -5.5315   -3.5910    0.0000 O   0  0  0  0  0  0  0  0  0  0  0  0
   -4.8171   -3.1785    0.0000 C   0  0  0  0  0  0  0  0  0  0  0  0
   -4.8171   -2.3535    0.0000 C   0  0  0  0  0  0  0  0  0  0  0  0
   -4.1026   -1.9410    0.0000 C   0  0  0  0  0  0  0  0  0  0  0  0
   -4.1026   -3.5910    0.0000 C   0  0  0  0  0  0  0  0  0  0  0  0
   -3.3881   -3.1785    0.0000 C   0  0  0  0  0  0  0  0  0  0  0  0
   -3.3881   -2.3535    0.0000 C   0  0  0  0  0  0  0  0  0  0  0  0
   -4.8171   -4.8285    0.0000 C   0  0  0  0  0  0  0  0  0  0  0  0
   -4.1026   -4.4160    0.0000 O   0  0  0  0  0  0  0  0  0  0  0  0
   -3.3881   -0.7034    0.0000 C   0  0  0  0  0  0  0  0  0  0  0  0
   -4.1026   -1.1160    0.0000 N   0  0  0  0  0  0  0  0  0  0  0  0
   -2.6737   -1.9410    0.0000 C   0  0  0  0  0  0  0  0  0  0  0  0
   -2.6737   -1.1160    0.0000 C   0  0  0  0  0  0  0  0  0  0  0  0
   -1.9592   -2.3535    0.0000 O   0  0  0  0  0  0  0  0  0  0  0  0
   -1.2447   -1.9410    0.0000 C   0  0  0  0  0  0  0  0  0  0  0  0
   -1.2447   -1.1160    0.0000 C   0  0  0  0  0  0  0  0  0  0  0  0
   -0.5303   -0.7034    0.0000 C   0  0  0  0  0  0  0  0  0  0  0  0
   -0.5303   -2.3535    0.0000 C   0  0  0  0  0  0  0  0  0  0  0  0
    0.1842   -1.9410    0.0000 C   0  0  0  0  0  0  0  0  0  0  0  0
    0.1842   -1.1160    0.0000 C   0  0  0  0  0  0  0  0  0  0  0  0
    0.9688   -2.1959    0.0000 C   0  0  0  0  0  0  0  0  0  0  0  0
    1.4537   -1.5285    0.0000 C   0  0  0  0  0  0  0  0  0  0  0  0
    0.9688   -0.8611    0.0000 N   0  0  0  0  0  0  0  0  0  0  0  0
   -7.5687   -4.1483    0.0000 C   0  0  0  0  0  0  0  0  0  0  0  0
   -6.7819   -4.3964    0.0000 C   0  0  0  0  0  0  0  0  0  0  0  0
    2.2787   -1.5285    0.0000 C   0  0  0  0  0  0  0  0  0  0  0  0
   -0.5303   -3.1785    0.0000 F   0  0  0  0  0  0  0  0  0  0  0  0
  1  2  1  0
  2  3  1  0
  4  5  1  0
  5  6  2  0
  3  4  1  0
  8  9  2  0
  9 10  1  0
  7 10  1  0
  5  8  1  0
  7  6  1  0
 11 12  1  0
 12  8  1  0
 13 14  1  0
 15 16  1  0
 13 16  2  0
 10 15  2  0
 14  7  2  0
 17 18  1  0
 18 19  1  0
 15 17  1  0
 21 22  1  0
 22 23  2  0
 20 23  1  0
 18 21  2  0
 20 19  2  0
 24 25  2  0
 25 26  1  0
 22 24  1  0
 23 26  1  0
  2 27  1  0
  2 28  1  0
 28 27  1  0
 25 29  1  0
 21 30  1  0
M  END","InChI=1S/C23H22FN3O3/c1-13-9-15-16(27-13)3-4-19(22(15)24)30-18-5-8-26-17-11-21(20(28-2)10-14(17)18)29-12-23(25)6-7-23/h3-5,8-11,27H,6-7,12,25H2,1-2H3",KSMZEXLVHXZPEF-UHFFFAOYSA-N,COc1cc2c(Oc3ccc4[nH]c(C)cc4c3F)ccnc2cc1OCC1(N)CC1
222232,CHEMBL435191,EDOTECARIN,INHIBITOR,,CHEMBL1781,DNA topoisomerase 1,Glioblastoma,glioblastoma multiforme,3.0,222232.0,608.56,-0.73,13.0,10.0,241.2,6.0,N,3.0,608.56,5.0,44.0,0.11,C29H28N4O11,0.87,85339287.0,222232.0,133.0,222232.0,"
     RDKit          2D

 44 50  0  0  1  0  0  0  0  0999 V2000
    4.7667   -0.0917    0.0000 N   0  0  0  0  0  0  0  0  0  0  0  0
    3.8792   -3.3917    0.0000 N   0  0  0  0  0  0  0  0  0  0  0  0
    5.4292   -0.5625    0.0000 C   0  0  0  0  0  0  0  0  0  0  0  0
    4.1167   -0.5917    0.0000 C   0  0  0  0  0  0  0  0  0  0  0  0
    3.9000   -4.5917    0.0000 C   0  0  0  0  0  0  0  0  0  0  0  0
    4.4042   -2.7792    0.0000 C   0  0  0  0  0  0  0  0  0  0  0  0
    4.3792   -1.3625    0.0000 C   0  0  0  0  0  0  0  0  0  0  0  0
    5.2000   -1.3417    0.0000 C   0  0  0  0  0  0  0  0  0  0  0  0
    5.2292   -2.7542    0.0000 C   0  0  0  0  0  0  0  0  0  0  0  0
    3.9875   -2.0792    0.0000 C   0  0  0  0  0  0  0  0  0  0  0  0
    3.1292   -3.0792    0.0000 C   0  0  0  0  0  0  0  0  0  0  0  0
    5.6250   -2.0375    0.0000 C   0  0  0  0  0  0  0  0  0  0  0  0
    3.9000   -5.4167    0.0000 C   0  0  0  0  0  0  0  0  0  0  0  0
    5.8042   -3.3542    0.0000 N   0  0  0  0  0  0  0  0  0  0  0  0
    3.1917   -2.2750    0.0000 C   0  0  0  0  0  0  0  0  0  0  0  0
    3.1750   -4.1792    0.0000 O   0  0  0  0  0  0  0  0  0  0  0  0
    3.1750   -5.8292    0.0000 C   0  0  0  0  0  0  0  0  0  0  0  0
    6.5375   -2.9917    0.0000 C   0  0  0  0  0  0  0  0  0  0  0  0
    6.4292   -2.1875    0.0000 C   0  0  0  0  0  0  0  0  0  0  0  0
    2.4625   -5.4167    0.0000 C   0  0  0  0  0  0  0  0  0  0  0  0
    2.4625   -4.5917    0.0000 C   0  0  0  0  0  0  0  0  0  0  0  0
    4.7417    0.7208    0.0000 N   0  0  0  0  0  0  0  0  0  0  0  0
    2.4000   -3.4292    0.0000 C   0  0  0  0  0  0  0  0  0  0  0  0
    7.2875   -3.3042    0.0000 C   0  0  0  0  0  0  0  0  0  0  0  0
    2.5292   -1.8125    0.0000 C   0  0  0  0  0  0  0  0  0  0  0  0
    3.3292   -0.3542    0.0000 O   0  0  0  0  0  0  0  0  0  0  0  0
    6.2042   -0.2917    0.0000 O   0  0  0  0  0  0  0  0  0  0  0  0
    7.0750   -1.6917    0.0000 C   0  0  0  0  0  0  0  0  0  0  0  0
    5.4417    1.1458    0.0000 C   0  0  0  0  0  0  0  0  0  0  0  0
    4.6125   -5.8292    0.0000 O   0  0  0  0  0  0  0  0  0  0  0  0
    3.1750   -6.6625    0.0000 O   0  0  0  0  0  0  0  0  0  0  0  0
    1.7292   -2.9750    0.0000 C   0  0  0  0  0  0  0  0  0  0  0  0
    7.9375   -2.8042    0.0000 C   0  0  0  0  0  0  0  0  0  0  0  0
    1.7417   -5.8292    0.0000 O   0  0  0  0  0  0  0  0  0  0  0  0
    1.7917   -2.1625    0.0000 C   0  0  0  0  0  0  0  0  0  0  0  0
    7.8250   -1.9917    0.0000 C   0  0  0  0  0  0  0  0  0  0  0  0
    1.7417   -4.1792    0.0000 C   0  0  0  0  0  0  0  0  0  0  0  0
    8.6917   -3.1167    0.0000 O   0  0  0  0  0  0  0  0  0  0  0  0
    0.9917   -3.3250    0.0000 O   0  0  0  0  0  0  0  0  0  0  0  0
    1.1167   -4.7125    0.0000 O   0  0  0  0  0  0  0  0  0  0  0  0
    6.1167    2.3833    0.0000 O   0  0  0  0  0  0  0  0  0  0  0  0
    6.8542    1.1750    0.0000 O   0  0  0  0  0  0  0  0  0  0  0  0
    5.4167    1.9583    0.0000 C   0  0  0  0  0  0  0  0  0  0  0  0
    6.1542    0.7500    0.0000 C   0  0  0  0  0  0  0  0  0  0  0  0
  2  6  1  0
  3  1  1  0
  4  1  1  0
  5  2  1  1
  6 10  1  0
  7  4  1  0
  8  3  1  0
  9 12  1  0
 10  7  2  0
 11 15  2  0
 12  8  2  0
 13  5  1  0
 14  9  1  0
 15 10  1  0
 16  5  1  0
 17 13  1  0
 18 19  2  0
 19 12  1  0
 20 21  1  0
 21 16  1  0
 22  1  1  0
 23 11  1  0
 24 18  1  0
 25 15  1  0
 26  4  2  0
 27  3  2  0
 28 19  1  0
 29 22  1  0
 13 30  1  6
 17 31  1  1
 32 35  1  0
 33 36  1  0
 20 34  1  6
 35 25  2  0
 36 28  2  0
 21 37  1  1
 38 33  1  0
 39 32  1  0
 40 37  1  0
 41 43  1  0
 42 44  1  0
 43 29  1  0
 44 29  1  0
  7  8  1  0
  6  9  2  0
 11  2  1  0
 14 18  1  0
 32 23  2  0
 24 33  2  0
 17 20  1  0
M  END
","InChI=1S/C29H28N4O11/c34-7-10(8-35)31-33-27(42)20-18-13-3-1-11(37)5-15(13)30-22(18)23-19(21(20)28(33)43)14-4-2-12(38)6-16(14)32(23)29-26(41)25(40)24(39)17(9-36)44-29/h1-6,10,17,24-26,29-31,34-41H,7-9H2/t17-,24-,25+,26-,29-/m1/s1",QMVPQBFHUJZJCS-NTKFZFFISA-N,O=C1c2c(c3c4ccc(O)cc4n([C@@H]4O[C@H](CO)[C@@H](O)[C@H](O)[C@H]4O)c3c3[nH]c4cc(O)ccc4c23)C(=O)N1NC(CO)CO
2247,CHEMBL443,SULFAMETHOXAZOLE,INHIBITOR,,CHEMBL2364668,Dihydropteroate synthase,Astrocytoma,anaplastic astrocytoma,1.0,2247.0,253.28,1.37,5.0,2.0,98.22,3.0,N,0.0,253.28,2.0,17.0,0.8,C10H11N3O3S,-2.12,84198355.0,2247.0,66.0,2247.0,"
     RDKit          2D

 17 18  0  0  0  0  0  0  0  0999 V2000
    2.4458   -1.2375    0.0000 S   0  0  0  0  0  0  0  0  0  0  0  0
    3.0667   -0.8792    0.0000 N   0  0  0  0  0  0  0  0  0  0  0  0
    3.6792   -1.2375    0.0000 C   0  0  0  0  0  0  0  0  0  0  0  0
    4.2500   -0.8167    0.0000 N   0  0  0  0  0  0  0  0  0  0  0  0
    3.8917   -1.9042    0.0000 C   0  0  0  0  0  0  0  0  0  0  0  0
    4.8250   -1.2375    0.0000 O   0  0  0  0  0  0  0  0  0  0  0  0
    1.8375   -0.8792    0.0000 C   0  0  0  0  0  0  0  0  0  0  0  0
    4.6042   -1.9042    0.0000 C   0  0  0  0  0  0  0  0  0  0  0  0
    2.1042   -1.8500    0.0000 O   0  0  0  0  0  0  0  0  0  0  0  0
    2.8042   -1.8500    0.0000 O   0  0  0  0  0  0  0  0  0  0  0  0
    1.8375   -0.1667    0.0000 C   0  0  0  0  0  0  0  0  0  0  0  0
    1.2250   -1.2375    0.0000 C   0  0  0  0  0  0  0  0  0  0  0  0
    0.6125   -0.1667    0.0000 C   0  0  0  0  0  0  0  0  0  0  0  0
    0.0000    0.1875    0.0000 N   0  0  0  0  0  0  0  0  0  0  0  0
    1.2250    0.1833    0.0000 C   0  0  0  0  0  0  0  0  0  0  0  0
    0.6125   -0.8792    0.0000 C   0  0  0  0  0  0  0  0  0  0  0  0
    5.2167   -2.2542    0.0000 C   0  0  0  0  0  0  0  0  0  0  0  0
  2  1  1  0
  3  2  1  0
  4  3  2  0
  5  3  1  0
  6  4  1  0
  7  1  1  0
  8  5  2  0
  9  1  2  0
 10  1  2  0
 11  7  2  0
 12  7  1  0
 13 16  1  0
 14 13  1  0
 15 11  1  0
 16 12  2  0
 17  8  1  0
 15 13  2  0
  8  6  1  0
M  END
","InChI=1S/C10H11N3O3S/c1-7-6-10(12-16-7)13-17(14,15)9-4-2-8(11)3-5-9/h2-6H,11H2,1H3,(H,12,13)",JLKIGFTWXXRPMT-UHFFFAOYSA-N,Cc1cc(NS(=O)(=O)c2ccc(N)cc2)no1
68607,CHEMBL44657,ETOPOSIDE,INHIBITOR,,CHEMBL2094255,DNA topoisomerase II,Brain Neoplasms,brain cancer,3.0,68607.0,588.56,1.34,13.0,3.0,160.83,5.0,N,2.0,588.56,2.0,42.0,0.43,C29H32O13,1.89,86228021.0,68607.0,1028.0,68607.0,"
     RDKit          2D

 46 52  0  0  0  0  0  0  0  0999 V2000
    6.1583   -4.4125    0.0000 C   0  0  0  0  0  0  0  0  0  0  0  0
    5.4500   -4.8292    0.0000 C   0  0  0  0  0  0  0  0  0  0  0  0
    5.4458   -5.6500    0.0000 C   0  0  0  0  0  0  0  0  0  0  0  0
    6.1542   -6.0667    0.0000 C   0  0  0  0  0  0  0  0  0  0  0  0
    6.8750   -4.8250    0.0000 C   0  0  0  0  0  0  0  0  0  0  0  0
    6.8750   -5.6583    0.0000 C   0  0  0  0  0  0  0  0  0  0  0  0
    4.7333   -3.5917    0.0000 C   0  0  0  0  0  0  0  0  0  0  0  0
    4.7333   -1.9417    0.0000 C   0  0  0  0  0  0  0  0  0  0  0  0
    4.0250   -3.1792    0.0000 C   0  0  0  0  0  0  0  0  0  0  0  0
    4.0250   -2.3542    0.0000 C   0  0  0  0  0  0  0  0  0  0  0  0
    5.4458   -3.1792    0.0000 O   0  0  0  0  0  0  0  0  0  0  0  0
    4.7333   -4.4167    0.0000 O   0  0  0  0  0  0  0  0  0  0  0  0
    7.5875   -6.0708    0.0000 C   0  0  0  0  0  0  0  0  0  0  0  0
    5.4458   -2.3583    0.0000 C   0  0  0  0  0  0  0  0  0  0  0  0
    7.4875   -4.2750    0.0000 C   0  0  0  0  0  0  0  0  0  0  0  0
    4.7375   -1.1167    0.0000 O   0  0  0  0  0  0  0  0  0  0  0  0
    4.7375   -6.0542    0.0000 C   0  0  0  0  0  0  0  0  0  0  0  0
    6.1542   -6.8833    0.0000 C   0  0  0  0  0  0  0  0  0  0  0  0
    9.0083   -6.9042    0.0000 C   0  0  0  0  0  0  0  0  0  0  0  0
    7.1542   -3.5208    0.0000 O   0  0  0  0  0  0  0  0  0  0  0  0
    6.3333   -3.6083    0.0000 C   0  0  0  0  0  0  0  0  0  0  0  0
    8.2875   -7.3083    0.0000 C   0  0  0  0  0  0  0  0  0  0  0  0
    9.0125   -6.0792    0.0000 C   0  0  0  0  0  0  0  0  0  0  0  0
    5.4417   -7.2875    0.0000 C   0  0  0  0  0  0  0  0  0  0  0  0
    4.7333   -6.8792    0.0000 C   0  0  0  0  0  0  0  0  0  0  0  0
    7.5792   -6.8958    0.0000 C   0  0  0  0  0  0  0  0  0  0  0  0
    8.3000   -5.6583    0.0000 C   0  0  0  0  0  0  0  0  0  0  0  0
    6.1708   -1.1333    0.0000 O   0  0  0  0  0  0  0  0  0  0  0  0
    5.4583   -0.7125    0.0000 C   0  0  0  0  0  0  0  0  0  0  0  0
    4.1250   -7.4250    0.0000 O   0  0  0  0  0  0  0  0  0  0  0  0
    5.2708   -8.0917    0.0000 O   0  0  0  0  0  0  0  0  0  0  0  0
    6.1583   -1.9583    0.0000 C   0  0  0  0  0  0  0  0  0  0  0  0
    4.4542   -8.1750    0.0000 C   0  0  0  0  0  0  0  0  0  0  0  0
    8.2958   -4.4458    0.0000 O   0  0  0  0  0  0  0  0  0  0  0  0
    3.3083   -3.5958    0.0000 O   0  0  0  0  0  0  0  0  0  0  0  0
    3.3083   -1.9458    0.0000 O   0  0  0  0  0  0  0  0  0  0  0  0
    9.7208   -7.3208    0.0000 O   0  0  0  0  0  0  0  0  0  0  0  0
    9.7292   -5.6708    0.0000 O   0  0  0  0  0  0  0  0  0  0  0  0
    8.2833   -8.1333    0.0000 O   0  0  0  0  0  0  0  0  0  0  0  0
    5.4708    0.1125    0.0000 C   0  0  0  0  0  0  0  0  0  0  0  0
    7.5667   -8.5417    0.0000 C   0  0  0  0  0  0  0  0  0  0  0  0
   10.4417   -6.0875    0.0000 C   0  0  0  0  0  0  0  0  0  0  0  0
    5.4417   -4.0000    0.0000 H   0  0  0  0  0  0  0  0  0  0  0  0
    7.5875   -5.2375    0.0000 H   0  0  0  0  0  0  0  0  0  0  0  0
    6.1542   -2.7667    0.0000 H   0  0  0  0  0  0  0  0  0  0  0  0
    4.0167   -1.5292    0.0000 H   0  0  0  0  0  0  0  0  0  0  0  0
  2  1  1  0
  3  2  1  0
  4  6  1  0
  5  1  1  0
  6  5  1  0
  7 12  1  1
  8 14  1  0
  9  7  1  0
 10  9  1  0
 11  7  1  0
  2 12  1  1
  6 13  1  6
 14 11  1  0
 15  5  1  0
 16  8  1  0
 17  3  2  0
 18  4  2  0
 19 23  2  0
 20 21  1  0
 21  1  1  0
 22 26  2  0
 23 27  1  0
 24 18  1  0
 25 17  1  0
 26 13  1  0
 27 13  2  0
 28 32  1  0
 29 28  1  0
 30 25  1  0
 31 24  1  0
 32 14  1  0
 33 30  1  0
 34 15  2  0
  9 35  1  6
 10 36  1  1
 37 19  1  0
 38 23  1  0
 39 22  1  0
 29 40  1  6
 41 39  1  0
 42 38  1  0
  1 43  1  6
  5 44  1  1
 14 45  1  6
  8 46  1  1
 20 15  1  0
  3  4  1  0
 25 24  2  0
 19 22  1  0
  8 10  1  0
 31 33  1  0
 16 29  1  0
M  END","InChI=1S/C29H32O13/c1-11-36-9-20-27(40-11)24(31)25(32)29(41-20)42-26-14-7-17-16(38-10-39-17)6-13(14)21(22-15(26)8-37-28(22)33)12-4-18(34-2)23(30)19(5-12)35-3/h4-7,11,15,20-22,24-27,29-32H,8-10H2,1-3H3/t11-,15+,20-,21-,22+,24-,25-,26-,27-,29+/m1/s1",VJJPUSNTGOMMGY-MRVIYFEKSA-N,COc1cc([C@@H]2c3cc4c(cc3[C@@H](O[C@@H]3O[C@@H]5CO[C@@H](C)O[C@H]5[C@H](O)[C@H]3O)[C@H]3COC(=O)[C@H]23)OCO4)cc(OC)c1O
3183,CHEMBL46,ONDANSETRON,ANTAGONIST,,CHEMBL1899,5-hydroxytryptamine receptor 3A,Glioma,malignant glioma,2.0,3183.0,293.37,3.13,4.0,0.0,39.82,2.0,N,0.0,293.37,3.0,22.0,0.73,C18H19N3O,-0.54,86261542.0,3183.0,1029.0,3183.0,"
     RDKit          2D

 22 25  0  0  0  0  0  0  0  0999 V2000
   -0.3250    0.1000    0.0000 C   0  0  0  0  0  0  0  0  0  0  0  0
   -0.3375   -0.6125    0.0000 C   0  0  0  0  0  0  0  0  0  0  0  0
   -1.0125   -0.8292    0.0000 N   0  0  0  0  0  0  0  0  0  0  0  0
   -0.9917    0.3042    0.0000 C   0  0  0  0  0  0  0  0  0  0  0  0
    0.2833    0.4625    0.0000 C   0  0  0  0  0  0  0  0  0  0  0  0
   -1.4250   -0.2250    0.0000 C   0  0  0  0  0  0  0  0  0  0  0  0
    2.1167    0.1667    0.0000 N   0  0  0  0  0  0  0  0  0  0  0  0
    0.8958    0.1167    0.0000 C   0  0  0  0  0  0  0  0  0  0  0  0
    2.3125   -0.5292    0.0000 C   0  0  0  0  0  0  0  0  0  0  0  0
    3.0208   -0.5333    0.0000 N   0  0  0  0  0  0  0  0  0  0  0  0
    1.4917    0.4833    0.0000 C   0  0  0  0  0  0  0  0  0  0  0  0
    0.2792   -0.9583    0.0000 C   0  0  0  0  0  0  0  0  0  0  0  0
    3.2458    0.1542    0.0000 C   0  0  0  0  0  0  0  0  0  0  0  0
    2.6833    0.5500    0.0000 C   0  0  0  0  0  0  0  0  0  0  0  0
    0.9000   -0.6000    0.0000 C   0  0  0  0  0  0  0  0  0  0  0  0
    0.2833    1.1625    0.0000 O   0  0  0  0  0  0  0  0  0  0  0  0
   -1.2250   -1.5167    0.0000 C   0  0  0  0  0  0  0  0  0  0  0  0
   -1.2417    0.9750    0.0000 C   0  0  0  0  0  0  0  0  0  0  0  0
   -2.1292   -0.1375    0.0000 C   0  0  0  0  0  0  0  0  0  0  0  0
    1.9542   -1.1375    0.0000 C   0  0  0  0  0  0  0  0  0  0  0  0
   -1.9458    1.0875    0.0000 C   0  0  0  0  0  0  0  0  0  0  0  0
   -2.4042    0.5250    0.0000 C   0  0  0  0  0  0  0  0  0  0  0  0
  2  1  2  0
  3  2  1  0
  4  1  1  0
  5  1  1  0
  6  4  1  0
  7 11  1  0
  8  5  1  0
  9  7  1  0
 10  9  2  0
 11  8  1  0
 12  2  1  0
 13 14  2  0
 14  7  1  0
 15  8  1  0
 16  5  2  0
 17  3  1  0
 18  4  2  0
 19  6  2  0
 20  9  1  0
 21 18  1  0
 22 21  2  0
  3  6  1  0
 15 12  1  0
 22 19  1  0
 13 10  1  0
M  END
","InChI=1S/C18H19N3O/c1-12-19-9-10-21(12)11-13-7-8-16-17(18(13)22)14-5-3-4-6-15(14)20(16)2/h3-6,9-10,13H,7-8,11H2,1-2H3",FELGMEQIXOGIFQ-UHFFFAOYSA-N,Cc1nccn1CC1CCc2c(c3ccccc3n2C)C1=O
2486545,CHEMBL4650285,TEMUTERKIB,INHIBITOR,,CHEMBL1907606,Mitogen-activated protein kinase; ERK1/ERK2,Glioblastoma,glioblastoma multiforme,0.5,2486545.0,453.57,2.71,9.0,1.0,88.41,6.0,N,0.0,453.57,3.0,32.0,0.61,C22H27N7O2S,-1.55,,,,2486545.0,"
     RDKit          2D

 32 36  0  0  0  0  0  0  0  0999 V2000
   -3.7040    0.6379    0.0000 N   0  0  0  0  0  0  0  0  0  0  0  0
   -3.2915   -0.0765    0.0000 C   0  0  0  0  0  0  0  0  0  0  0  0
   -2.4664   -0.0765    0.0000 C   0  0  0  0  0  0  0  0  0  0  0  0
   -2.0539    0.6379    0.0000 C   0  0  0  0  0  0  0  0  0  0  0  0
   -2.4664    1.3524    0.0000 N   0  0  0  0  0  0  0  0  0  0  0  0
   -3.2915    1.3524    0.0000 C   0  0  0  0  0  0  0  0  0  0  0  0
   -3.7040    2.0669    0.0000 N   0  0  0  0  0  0  0  0  0  0  0  0
   -3.2915    2.7814    0.0000 C   0  0  0  0  0  0  0  0  0  0  0  0
   -2.9012    4.0579    0.0000 N   0  0  0  0  0  0  0  0  0  0  0  0
   -3.5600    3.5614    0.0000 N   0  0  0  0  0  0  0  0  0  0  0  0
   -2.4666    2.7958    0.0000 C   0  0  0  0  0  0  0  0  0  0  0  0
   -2.2254    3.5847    0.0000 C   0  0  0  0  0  0  0  0  0  0  0  0
   -4.3490    3.8026    0.0000 C   0  0  0  0  0  0  0  0  0  0  0  0
   -1.2289    0.6379    0.0000 C   0  0  0  0  0  0  0  0  0  0  0  0
   -0.7557    1.3138    0.0000 S   0  0  0  0  0  0  0  0  0  0  0  0
   -0.7325   -0.0209    0.0000 C   0  0  0  0  0  0  0  0  0  0  0  0
    0.0476    0.2477    0.0000 C   0  0  0  0  0  0  0  0  0  0  0  0
    0.0332    1.0725    0.0000 C   0  0  0  0  0  0  0  0  0  0  0  0
    0.8365    0.0065    0.0000 C   0  0  0  0  0  0  0  0  0  0  0  0
    1.3097    0.6823    0.0000 N   0  0  0  0  0  0  0  0  0  0  0  0
    0.8133    1.3411    0.0000 C   0  0  0  0  0  0  0  0  0  0  0  0
    0.5488    2.1226    0.0000 C   0  0  0  0  0  0  0  0  0  0  0  0
    1.4695    1.8411    0.0000 C   0  0  0  0  0  0  0  0  0  0  0  0
    1.1051   -0.7736    0.0000 O   0  0  0  0  0  0  0  0  0  0  0  0
    2.1347    0.6823    0.0000 C   0  0  0  0  0  0  0  0  0  0  0  0
    2.5472    1.3968    0.0000 C   0  0  0  0  0  0  0  0  0  0  0  0
    3.3722    1.3968    0.0000 N   0  0  0  0  0  0  0  0  0  0  0  0
    4.6097    2.1113    0.0000 C   0  0  0  0  0  0  0  0  0  0  0  0
    3.7847    2.1112    0.0000 C   0  0  0  0  0  0  0  0  0  0  0  0
    3.7847    0.6823    0.0000 C   0  0  0  0  0  0  0  0  0  0  0  0
    4.6097    0.6823    0.0000 C   0  0  0  0  0  0  0  0  0  0  0  0
    5.0222    1.3968    0.0000 O   0  0  0  0  0  0  0  0  0  0  0  0
  1  2  2  0
  2  3  1  0
  3  4  2  0
  4  5  1  0
  5  6  2  0
  1  6  1  0
  6  7  1  0
  7  8  1  0
  9 10  1  0
 11 12  1  0
  9 12  2  0
 10  8  1  0
  8 11  2  0
 10 13  1  0
  4 14  1  0
 16 17  1  0
 17 18  2  0
 15 18  1  0
 15 14  1  0
 14 16  2  0
 19 20  1  0
 20 21  1  0
 17 19  1  0
 18 21  1  0
 21 22  1  0
 21 23  1  0
 19 24  2  0
 20 25  1  0
 25 26  1  0
 26 27  1  0
 28 29  1  0
 30 31  1  0
 31 32  1  0
 28 32  1  0
 29 27  1  0
 27 30  1  0
M  END","InChI=1S/C22H27N7O2S/c1-22(2)19-15(20(30)29(22)9-8-28-10-12-31-13-11-28)14-17(32-19)16-4-6-23-21(25-16)26-18-5-7-24-27(18)3/h4-7,14H,8-13H2,1-3H3,(H,23,25,26)",JNPRPMBJODOFEC-UHFFFAOYSA-N,Cn1nccc1Nc1nccc(-c2cc3c(s2)C(C)(C)N(CCN2CCOCC2)C3=O)n1
4730,CHEMBL467,HYDROXYUREA,INHIBITOR,Ribonucleoside-diphosphate reductase M2 subunit,CHEMBL2095215,Ribonucleoside-diphosphate reductase RR1,Astrocytoma,astrocytoma,3.0,4730.0,76.05,-0.96,2.0,3.0,75.35,0.0,N,0.0,76.05,0.0,5.0,0.26,CH4N2O2,-0.32,84440913.0,4730.0,105.0,4730.0,"
     RDKit          2D

  5  4  0  0  0  0  0  0  0  0999 V2000
    4.7667   -5.0000    0.0000 C   0  0  0  0  0  0  0  0  0  0  0  0
    4.7667   -4.2917    0.0000 O   0  0  0  0  0  0  0  0  0  0  0  0
    5.3792   -5.3542    0.0000 N   0  0  0  0  0  0  0  0  0  0  0  0
    4.1500   -5.3542    0.0000 N   0  0  0  0  0  0  0  0  0  0  0  0
    6.0000   -5.0000    0.0000 O   0  0  0  0  0  0  0  0  0  0  0  0
  2  1  2  0
  3  1  1  0
  4  1  1  0
  5  3  1  0
M  END
","InChI=1S/CH4N2O2/c2-1(4)3-5/h5H,(H3,2,3,4)",VSNHCAURESNICA-UHFFFAOYSA-N,NC(=O)NO
5028,CHEMBL468,THALIDOMIDE,INHIBITOR,,CHEMBL3833061,CRL4(CRBN) E3 ubiquitin ligase,Glioblastoma,glioblastoma multiforme,2.0,5028.0,258.23,0.09,4.0,1.0,83.55,1.0,N,0.0,258.23,1.0,19.0,0.72,C13H10N2O4,-0.24,83812207.0,5028.0,52.0,5028.0,"
     RDKit          2D

 19 21  0  0  0  0  0  0  0  0999 V2000
    1.1250   -1.7125    0.0000 N   0  0  0  0  0  0  0  0  0  0  0  0
    0.7292   -1.1292    0.0000 C   0  0  0  0  0  0  0  0  0  0  0  0
    0.7292   -2.2667    0.0000 C   0  0  0  0  0  0  0  0  0  0  0  0
    2.1750   -2.3292    0.0000 C   0  0  0  0  0  0  0  0  0  0  0  0
    2.8792   -2.3167    0.0000 N   0  0  0  0  0  0  0  0  0  0  0  0
    1.8292   -1.7042    0.0000 C   0  0  0  0  0  0  0  0  0  0  0  0
    0.0417   -2.0625    0.0000 C   0  0  0  0  0  0  0  0  0  0  0  0
    0.0417   -1.3375    0.0000 C   0  0  0  0  0  0  0  0  0  0  0  0
    3.2417   -1.7125    0.0000 C   0  0  0  0  0  0  0  0  0  0  0  0
    0.9542   -0.4417    0.0000 O   0  0  0  0  0  0  0  0  0  0  0  0
    0.9542   -2.9542    0.0000 O   0  0  0  0  0  0  0  0  0  0  0  0
    2.1917   -1.0792    0.0000 C   0  0  0  0  0  0  0  0  0  0  0  0
    1.8125   -2.9417    0.0000 O   0  0  0  0  0  0  0  0  0  0  0  0
    3.9500   -1.7417    0.0000 O   0  0  0  0  0  0  0  0  0  0  0  0
    2.9000   -1.0917    0.0000 C   0  0  0  0  0  0  0  0  0  0  0  0
   -0.5625   -0.9792    0.0000 C   0  0  0  0  0  0  0  0  0  0  0  0
   -0.5625   -2.4167    0.0000 C   0  0  0  0  0  0  0  0  0  0  0  0
   -1.1625   -2.0625    0.0000 C   0  0  0  0  0  0  0  0  0  0  0  0
   -1.1625   -1.3375    0.0000 C   0  0  0  0  0  0  0  0  0  0  0  0
  2  1  1  0
  3  1  1  0
  4  6  1  0
  5  4  1  0
  6  1  1  0
  7  3  1  0
  8  2  1  0
  9 15  1  0
 10  2  2  0
 11  3  2  0
 12  6  1  0
 13  4  2  0
 14  9  2  0
 15 12  1  0
 16  8  1  0
 17  7  1  0
 18 17  2  0
 19 16  2  0
  7  8  2  0
  9  5  1  0
 18 19  1  0
M  END
","InChI=1S/C13H10N2O4/c16-10-6-5-9(11(17)14-10)15-12(18)7-3-1-2-4-8(7)13(15)19/h1-4,9H,5-6H2,(H,14,16,17)",UEJJHQNACJXSKW-UHFFFAOYSA-N,O=C1CCC(N2C(=O)c3ccccc3C2=O)C(=O)N1
460092,CHEMBL473417,VISMODEGIB,INHIBITOR,,CHEMBL5971,Protein smoothened,Glioblastoma,adult glioblastoma,2.0,460092.0,421.31,4.71,4.0,1.0,76.13,4.0,N,0.0,421.31,3.0,27.0,0.66,C19H14Cl2N2O3S,-2.12,,,,460092.0,"
     RDKit          2D

 27 29  0  0  0  0  0  0  0  0999 V2000
   10.1395   -9.9200    0.0000 C   0  0  0  0  0  0  0  0  0  0  0  0
    9.4197  -10.3283    0.0000 C   0  0  0  0  0  0  0  0  0  0  0  0
    9.4135  -11.1521    0.0000 C   0  0  0  0  0  0  0  0  0  0  0  0
   10.1287  -11.5727    0.0000 C   0  0  0  0  0  0  0  0  0  0  0  0
   10.8493  -11.1588    0.0000 C   0  0  0  0  0  0  0  0  0  0  0  0
   10.8493  -10.3326    0.0000 C   0  0  0  0  0  0  0  0  0  0  0  0
   11.5633  -11.5722    0.0000 N   0  0  0  0  0  0  0  0  0  0  0  0
   12.2782  -11.1605    0.0000 C   0  0  0  0  0  0  0  0  0  0  0  0
   12.9922  -11.5738    0.0000 C   0  0  0  0  0  0  0  0  0  0  0  0
   12.2792  -10.3355    0.0000 O   0  0  0  0  0  0  0  0  0  0  0  0
    8.7084   -9.9104    0.0000 Cl  0  0  0  0  0  0  0  0  0  0  0  0
    8.6979  -11.5566    0.0000 C   0  0  0  0  0  0  0  0  0  0  0  0
    7.9864  -11.1368    0.0000 C   0  0  0  0  0  0  0  0  0  0  0  0
    7.2693  -11.5432    0.0000 C   0  0  0  0  0  0  0  0  0  0  0  0
    7.2624  -12.3689    0.0000 C   0  0  0  0  0  0  0  0  0  0  0  0
    7.9787  -12.7867    0.0000 C   0  0  0  0  0  0  0  0  0  0  0  0
    8.6929  -12.3781    0.0000 N   0  0  0  0  0  0  0  0  0  0  0  0
   12.9892  -12.3985    0.0000 C   0  0  0  0  0  0  0  0  0  0  0  0
   13.7025  -12.8117    0.0000 C   0  0  0  0  0  0  0  0  0  0  0  0
   14.4183  -12.4000    0.0000 C   0  0  0  0  0  0  0  0  0  0  0  0
   14.4166  -11.5708    0.0000 C   0  0  0  0  0  0  0  0  0  0  0  0
   13.7029  -11.1612    0.0000 C   0  0  0  0  0  0  0  0  0  0  0  0
   15.1328  -12.8124    0.0000 S   0  0  0  0  0  0  0  0  0  0  0  0
   15.8471  -12.3998    0.0000 C   0  0  0  0  0  0  0  0  0  0  0  0
   14.5422  -13.3918    0.0000 O   0  0  0  0  0  0  0  0  0  0  0  0
   15.5367  -13.5202    0.0000 O   0  0  0  0  0  0  0  0  0  0  0  0
   13.7008  -10.3363    0.0000 Cl  0  0  0  0  0  0  0  0  0  0  0  0
 13 14  1  0
  5  7  1  0
 14 15  2  0
  3  4  2  0
 15 16  1  0
  7  8  1  0
 16 17  2  0
 17 12  1  0
  3 12  1  0
  9 18  1  0
  8  9  1  0
 18 19  2  0
  4  5  1  0
 19 20  1  0
  8 10  2  0
 20 21  2  0
  2  3  1  0
 21 22  1  0
 22  9  2  0
  2 11  1  0
 20 23  1  0
  5  6  2  0
 23 24  1  0
  6  1  1  0
 23 25  2  0
 12 13  2  0
 23 26  2  0
  1  2  2  0
 22 27  1  0
M  END
","InChI=1S/C19H14Cl2N2O3S/c1-27(25,26)13-6-7-14(17(21)11-13)19(24)23-12-5-8-16(20)15(10-12)18-4-2-3-9-22-18/h2-11H,1H3,(H,23,24)",BPQMGSKTAYIVFO-UHFFFAOYSA-N,CS(=O)(=O)c1ccc(C(=O)Nc2ccc(Cl)c(-c3ccccn3)c2)c(Cl)c1
499300,CHEMBL483465,ELRAGLUSIB,INHIBITOR,,CHEMBL262,Glycogen synthase kinase-3 beta,Glioma,malignant glioma,2.0,499300.0,404.35,3.36,6.0,1.0,82.7,2.0,N,0.0,404.35,4.0,30.0,0.52,C22H13FN2O5,-0.19,85342693.0,499300.0,133.0,499300.0,"
     RDKit          2D

 30 35  0  0  0  0  0  0  0  0999 V2000
   -2.6486    2.8743    0.0000 C   0  0  0  0  0  0  0  0  0  0  0  0
   -3.3161    2.3894    0.0000 C   0  0  0  0  0  0  0  0  0  0  0  0
   -3.2298    1.5689    0.0000 C   0  0  0  0  0  0  0  0  0  0  0  0
   -2.4761    1.2333    0.0000 C   0  0  0  0  0  0  0  0  0  0  0  0
   -1.8087    1.7182    0.0000 C   0  0  0  0  0  0  0  0  0  0  0  0
   -1.8950    2.5387    0.0000 C   0  0  0  0  0  0  0  0  0  0  0  0
   -2.2212    0.4487    0.0000 O   0  0  0  0  0  0  0  0  0  0  0  0
   -1.3962    0.4487    0.0000 C   0  0  0  0  0  0  0  0  0  0  0  0
   -1.1413    1.2333    0.0000 C   0  0  0  0  0  0  0  0  0  0  0  0
    0.7233    2.2729    0.0000 N   0  0  0  0  0  0  0  0  0  0  0  0
   -0.1017    2.2728    0.0000 C   0  0  0  0  0  0  0  0  0  0  0  0
   -0.3566    1.4883    0.0000 C   0  0  0  0  0  0  0  0  0  0  0  0
    0.3108    1.0033    0.0000 C   0  0  0  0  0  0  0  0  0  0  0  0
    0.9782    1.4882    0.0000 C   0  0  0  0  0  0  0  0  0  0  0  0
    0.3108    0.1783    0.0000 C   0  0  0  0  0  0  0  0  0  0  0  0
   -0.3566   -0.3066    0.0000 C   0  0  0  0  0  0  0  0  0  0  0  0
   -0.1017   -1.0912    0.0000 N   0  0  0  0  0  0  0  0  0  0  0  0
    0.7233   -1.0912    0.0000 C   0  0  0  0  0  0  0  0  0  0  0  0
    0.9782   -0.3066    0.0000 C   0  0  0  0  0  0  0  0  0  0  0  0
    1.2753   -1.7043    0.0000 C   0  0  0  0  0  0  0  0  0  0  0  0
    2.0823   -1.5328    0.0000 C   0  0  0  0  0  0  0  0  0  0  0  0
    2.3373   -0.7482    0.0000 C   0  0  0  0  0  0  0  0  0  0  0  0
    1.7852   -0.1351    0.0000 C   0  0  0  0  0  0  0  0  0  0  0  0
    2.7497   -2.0177    0.0000 O   0  0  0  0  0  0  0  0  0  0  0  0
    3.4172   -1.5328    0.0000 C   0  0  0  0  0  0  0  0  0  0  0  0
    3.1623   -0.7482    0.0000 O   0  0  0  0  0  0  0  0  0  0  0  0
   -2.7349    3.6948    0.0000 F   0  0  0  0  0  0  0  0  0  0  0  0
   -0.5867    2.9403    0.0000 O   0  0  0  0  0  0  0  0  0  0  0  0
    1.7628    1.2333    0.0000 O   0  0  0  0  0  0  0  0  0  0  0  0
   -0.5866   -1.7586    0.0000 C   0  0  0  0  0  0  0  0  0  0  0  0
  1  2  2  0
  2  3  1  0
  3  4  2  0
  4  5  1  0
  5  6  2  0
  1  6  1  0
  7  8  1  0
  8  9  2  0
  4  7  1  0
  5  9  1  0
 10 11  1  0
 11 12  1  0
 12 13  2  0
 13 14  1  0
 10 14  1  0
 15 16  2  0
 16 17  1  0
 17 18  1  0
 18 19  2  0
 15 19  1  0
 20 21  2  0
 21 22  1  0
 22 23  2  0
 18 20  1  0
 19 23  1  0
 24 25  1  0
 25 26  1  0
 21 24  1  0
 22 26  1  0
  1 27  1  0
  9 12  1  0
 11 28  2  0
 14 29  2  0
 13 15  1  0
 17 30  1  0
M  END
","InChI=1S/C22H13FN2O5/c1-25-7-13(11-5-17-18(6-15(11)25)30-9-29-17)19-20(22(27)24-21(19)26)14-8-28-16-3-2-10(23)4-12(14)16/h2-8H,9H2,1H3,(H,24,26,27)",FARXPFGGGGLENU-UHFFFAOYSA-N,Cn1cc(C2=C(c3coc4ccc(F)cc34)C(=O)NC2=O)c2cc3c(cc21)OCO3
456867,CHEMBL491473,CEDIRANIB,INHIBITOR,,CHEMBL1936,Mast/stem cell growth factor receptor Kit,Glioblastoma,glioblastoma multiforme,3.0,456867.0,450.51,5.22,6.0,1.0,72.5,8.0,N,1.0,450.51,4.0,33.0,0.37,C25H27FN4O3,-1.09,83943726.0,456867.0,63.0,456867.0,"
     RDKit          2D

 33 37  0  0  0  0  0  0  0  0999 V2000
    9.6124    3.7842    0.0000 C   0  0  0  0  0  0  0  0  0  0  0  0
    0.0000    9.3790    0.0000 C   0  0  0  0  0  0  0  0  0  0  0  0
    4.7603    6.5780    0.0000 F   0  0  0  0  0  0  0  0  0  0  0  0
    5.9767   10.0792    0.0000 C   0  0  0  0  0  0  0  0  0  0  0  0
    4.7603   10.7794    0.0000 C   0  0  0  0  0  0  0  0  0  0  0  0
    9.6124   10.7794    0.0000 C   0  0  0  0  0  0  0  0  0  0  0  0
   12.0385    7.9785    0.0000 C   0  0  0  0  0  0  0  0  0  0  0  0
    2.2209    8.2474    0.0000 C   0  0  0  0  0  0  0  0  0  0  0  0
    9.6124    6.5780    0.0000 C   0  0  0  0  0  0  0  0  0  0  0  0
   17.8950    1.2095    0.0000 C   0  0  0  0  0  0  0  0  0  0  0  0
   17.1948    0.0000    0.0000 C   0  0  0  0  0  0  0  0  0  0  0  0
   14.4645    3.7842    0.0000 C   0  0  0  0  0  0  0  0  0  0  0  0
   13.2550    4.4773    0.0000 C   0  0  0  0  0  0  0  0  0  0  0  0
   16.9543    2.2493    0.0000 C   0  0  0  0  0  0  0  0  0  0  0  0
   15.8225    0.2901    0.0000 C   0  0  0  0  0  0  0  0  0  0  0  0
   14.4645    2.3837    0.0000 C   0  0  0  0  0  0  0  0  0  0  0  0
    8.4029   10.0792    0.0000 N   0  0  0  0  0  0  0  0  0  0  0  0
   10.8290   10.0792    0.0000 N   0  0  0  0  0  0  0  0  0  0  0  0
    2.2209   10.5107    0.0000 N   0  0  0  0  0  0  0  0  0  0  0  0
   10.8290    4.4773    0.0000 O   0  0  0  0  0  0  0  0  0  0  0  0
   13.2550    5.8778    0.0000 O   0  0  0  0  0  0  0  0  0  0  0  0
    7.1862    7.9785    0.0000 O   0  0  0  0  0  0  0  0  0  0  0  0
    1.4005    9.3790    0.0000 C   0  0  0  0  0  0  0  0  0  0  0  0
    4.7603    7.9785    0.0000 C   0  0  0  0  0  0  0  0  0  0  0  0
    5.9767    8.6787    0.0000 C   0  0  0  0  0  0  0  0  0  0  0  0
   10.8290    5.8778    0.0000 C   0  0  0  0  0  0  0  0  0  0  0  0
   12.0385    6.5780    0.0000 C   0  0  0  0  0  0  0  0  0  0  0  0
    8.4029    8.6787    0.0000 C   0  0  0  0  0  0  0  0  0  0  0  0
   10.8290    8.6787    0.0000 C   0  0  0  0  0  0  0  0  0  0  0  0
    3.5508   10.0792    0.0000 C   0  0  0  0  0  0  0  0  0  0  0  0
    3.5508    8.6787    0.0000 C   0  0  0  0  0  0  0  0  0  0  0  0
    9.6124    7.9785    0.0000 C   0  0  0  0  0  0  0  0  0  0  0  0
   15.6811    1.6835    0.0000 N   0  0  0  0  0  0  0  0  0  0  0  0
  1 20  1  0
  2 23  1  0
  3 24  1  0
  4  5  2  0
  4 25  1  0
  5 30  1  0
  6 17  1  0
  6 18  2  0
  7 27  2  0
  7 29  1  0
  8 23  2  0
  8 31  1  0
  9 26  2  0
  9 32  1  0
 10 11  1  0
 10 14  1  0
 11 15  1  0
 12 13  1  0
 12 16  1  0
 13 21  1  0
 14 33  1  0
 15 33  1  0
 16 33  1  0
 17 28  2  0
 18 29  1  0
 19 23  1  0
 19 30  1  0
 20 26  1  0
 21 27  1  0
 22 25  1  0
 22 28  1  0
 24 25  2  0
 24 31  1  0
 26 27  1  0
 28 32  1  0
 29 32  2  0
 30 31  2  0
M  END
","InChI=1S/C25H27FN4O3/c1-16-12-17-19(29-16)6-7-21(24(17)26)33-25-18-13-22(31-2)23(14-20(18)27-15-28-25)32-11-5-10-30-8-3-4-9-30/h6-7,12-15,29H,3-5,8-11H2,1-2H3",XXJWYDDUDKYVKI-UHFFFAOYSA-N,COc1cc2c(Oc3ccc4[nH]c(C)cc4c3F)ncnc2cc1OCCCN1CCCC1
477344,CHEMBL492399,VERUBULIN,DISRUPTING AGENT,,CHEMBL2095182,Tubulin,Glioblastoma,glioblastoma multiforme,2.0,477344.0,279.34,3.71,4.0,0.0,38.25,3.0,N,0.0,279.34,3.0,21.0,0.73,C17H17N3O,-1.1,,,,477344.0,"
     RDKit          2D

 21 23  0  0  0  0  0  0  0  0999 V2000
   10.9118    4.2001    0.0000 C   0  0  0  0  0  0  0  0  0  0  0  0
    2.4248    6.3001    0.0000 C   0  0  0  0  0  0  0  0  0  0  0  0
    4.8496    0.7002    0.0000 C   0  0  0  0  0  0  0  0  0  0  0  0
    0.0000    0.7000    0.0000 C   0  0  0  0  0  0  0  0  0  0  0  0
    1.2123    0.0000    0.0000 C   0  0  0  0  0  0  0  0  0  0  0  0
    8.4868    2.8001    0.0000 C   0  0  0  0  0  0  0  0  0  0  0  0
    7.2745    4.9001    0.0000 C   0  0  0  0  0  0  0  0  0  0  0  0
    7.2745    2.1002    0.0000 C   0  0  0  0  0  0  0  0  0  0  0  0
    6.0620    4.2001    0.0000 C   0  0  0  0  0  0  0  0  0  0  0  0
    0.0000    2.1002    0.0000 C   0  0  0  0  0  0  0  0  0  0  0  0
    2.4248    0.7000    0.0000 C   0  0  0  0  0  0  0  0  0  0  0  0
    3.6373    4.2001    0.0000 N   0  0  0  0  0  0  0  0  0  0  0  0
    1.2123    4.2001    0.0000 N   0  0  0  0  0  0  0  0  0  0  0  0
    9.6993    4.9001    0.0000 O   0  0  0  0  0  0  0  0  0  0  0  0
    2.4248    4.9001    0.0000 C   0  0  0  0  0  0  0  0  0  0  0  0
    8.4868    4.2001    0.0000 C   0  0  0  0  0  0  0  0  0  0  0  0
    6.0620    2.8001    0.0000 C   0  0  0  0  0  0  0  0  0  0  0  0
    3.6373    2.8001    0.0000 C   0  0  0  0  0  0  0  0  0  0  0  0
    1.2123    2.8001    0.0000 C   0  0  0  0  0  0  0  0  0  0  0  0
    2.4248    2.1002    0.0000 C   0  0  0  0  0  0  0  0  0  0  0  0
    4.8496    2.1002    0.0000 N   0  0  0  0  0  0  0  0  0  0  0  0
  1 14  1  0
  2 15  1  0
  3 21  1  0
  4  5  1  0
  4 10  2  0
  5 11  2  0
  6  8  2  0
  6 16  1  0
  7  9  1  0
  7 16  2  0
  8 17  1  0
  9 17  2  0
 10 19  1  0
 11 20  1  0
 12 15  1  0
 12 18  2  0
 13 15  2  0
 13 19  1  0
 14 16  1  0
 17 21  1  0
 18 20  1  0
 18 21  1  0
 19 20  2  0
M  END
","InChI=1S/C17H17N3O/c1-12-18-16-7-5-4-6-15(16)17(19-12)20(2)13-8-10-14(21-3)11-9-13/h4-11H,1-3H3",SNHCRNMVYDHVDT-UHFFFAOYSA-N,COc1ccc(N(C)c2nc(C)nc3ccccc23)cc1
490427,CHEMBL501867,VINCRISTINE SULFATE,INHIBITOR,Beta tubulin vinca binding domain,CHEMBL2095182,Tubulin,Astrocytoma,astrocytoma,3.0,490427.0,824.97,3.52,12.0,3.0,171.17,8.0,N,2.0,923.05,3.0,60.0,0.13,C46H58N4O14S,1.47,83824776.0,490427.0,56.0,490427.0,"
     RDKit          2D

 68 75  0  0  0  0  0  0  0  0999 V2000
    2.6615  -14.6953    0.0000 O   0  0  0  0  0  0  0  0  0  0  0  0
    3.3759  -14.2829    0.0000 S   0  0  0  0  0  0  0  0  0  0  0  0
    4.0864  -13.8620    0.0000 O   0  0  0  0  0  0  0  0  0  0  0  0
    3.7924  -14.9949    0.0000 O   0  0  0  0  0  0  0  0  0  0  0  0
    2.9588  -13.5711    0.0000 O   0  0  0  0  0  0  0  0  0  0  0  0
   -1.0316  -15.3055    0.0000 C   0  0  0  0  0  0  0  0  0  0  0  0
   -1.8565  -15.3053    0.0000 C   0  0  0  0  0  0  0  0  0  0  0  0
   -2.2683  -16.0188    0.0000 C   0  0  0  0  0  0  0  0  0  0  0  0
   -0.6170  -16.0122    0.0000 C   0  0  0  0  0  0  0  0  0  0  0  0
   -1.0224  -16.7252    0.0000 C   0  0  0  0  0  0  0  0  0  0  0  0
   -1.8535  -16.7307    0.0000 C   0  0  0  0  0  0  0  0  0  0  0  0
   -2.0987  -17.5193    0.0000 N   0  0  0  0  0  0  0  0  0  0  0  0
   -0.7631  -17.5162    0.0000 C   0  0  0  0  0  0  0  0  0  0  0  0
   -1.4329  -18.0014    0.0000 C   0  0  0  0  0  0  0  0  0  0  0  0
   -1.3440  -18.8216    0.0000 C   0  0  0  0  0  0  0  0  0  0  0  0
   -0.5868  -19.1540    0.0000 C   0  0  0  0  0  0  0  0  0  0  0  0
   -0.0044  -17.8431    0.0000 C   0  0  0  0  0  0  0  0  0  0  0  0
    0.0775  -18.6654    0.0000 C   0  0  0  0  0  0  0  0  0  0  0  0
    0.8302  -19.0028    0.0000 C   0  0  0  0  0  0  0  0  0  0  0  0
    1.5046  -18.5239    0.0000 C   0  0  0  0  0  0  0  0  0  0  0  0
    1.4185  -17.6975    0.0000 C   0  0  0  0  0  0  0  0  0  0  0  0
    0.6660  -17.3579    0.0000 N   0  0  0  0  0  0  0  0  0  0  0  0
    0.3547  -16.4484    0.0000 C   0  0  0  0  0  0  0  0  0  0  0  0
   -0.4347  -16.5298    0.0000 C   0  0  0  0  0  0  0  0  0  0  0  0
   -0.5801  -18.4281    0.0000 H   0  0  0  0  0  0  0  0  0  0  0  0
    0.0818  -19.4849    0.0000 C   0  0  0  0  0  0  0  0  0  0  0  0
   -0.5773  -19.9790    0.0000 O   0  0  0  0  0  0  0  0  0  0  0  0
    0.8525  -19.9637    0.0000 C   0  0  0  0  0  0  0  0  0  0  0  0
   -1.7015  -19.5553    0.0000 C   0  0  0  0  0  0  0  0  0  0  0  0
   -2.1609  -18.8132    0.0000 O   0  0  0  0  0  0  0  0  0  0  0  0
   -2.2212  -18.2113    0.0000 H   0  0  0  0  0  0  0  0  0  0  0  0
   -2.8841  -17.7854    0.0000 C   0  0  0  0  0  0  0  0  0  0  0  0
   -3.4974  -17.2389    0.0000 O   0  0  0  0  0  0  0  0  0  0  0  0
   -2.2692  -14.5903    0.0000 O   0  0  0  0  0  0  0  0  0  0  0  0
   -3.0860  -14.5902    0.0000 C   0  0  0  0  0  0  0  0  0  0  0  0
   -2.7069  -11.9490    0.0000 C   0  0  0  0  0  0  0  0  0  0  0  0
   -3.1969  -12.6097    0.0000 C   0  0  0  0  0  0  0  0  0  0  0  0
   -2.8770  -13.3607    0.0000 C   0  0  0  0  0  0  0  0  0  0  0  0
   -1.8875  -12.0419    0.0000 C   0  0  0  0  0  0  0  0  0  0  0  0
   -1.5618  -12.7970    0.0000 C   0  0  0  0  0  0  0  0  0  0  0  0
   -2.0516  -13.4684    0.0000 C   0  0  0  0  0  0  0  0  0  0  0  0
   -1.5712  -14.1329    0.0000 N   0  0  0  0  0  0  0  0  0  0  0  0
   -0.7704  -13.0595    0.0000 C   0  0  0  0  0  0  0  0  0  0  0  0
   -0.7855  -13.8856    0.0000 C   0  0  0  0  0  0  0  0  0  0  0  0
   -0.0762  -14.3056    0.0000 C   0  0  0  0  0  0  0  0  0  0  0  0
    0.6426  -13.9033    0.0000 C   0  0  0  0  0  0  0  0  0  0  0  0
    0.6474  -13.0753    0.0000 C   0  0  0  0  0  0  0  0  0  0  0  0
    1.3742  -12.6821    0.0000 C   0  0  0  0  0  0  0  0  0  0  0  0
    1.3836  -11.8503    0.0000 C   0  0  0  0  0  0  0  0  0  0  0  0
    0.6777  -11.4268    0.0000 C   0  0  0  0  0  0  0  0  0  0  0  0
   -0.0503  -11.8267    0.0000 N   0  0  0  0  0  0  0  0  0  0  0  0
   -1.1911  -12.3393    0.0000 C   0  0  0  0  0  0  0  0  0  0  0  0
   -0.7898  -11.6277    0.0000 C   0  0  0  0  0  0  0  0  0  0  0  0
   -0.0558  -12.6425    0.0000 C   0  0  0  0  0  0  0  0  0  0  0  0
    0.6277  -14.7097    0.0000 C   0  0  0  0  0  0  0  0  0  0  0  0
    0.6314  -15.5242    0.0000 O   0  0  0  0  0  0  0  0  0  0  0  0
    1.3814  -11.0257    0.0000 O   0  0  0  0  0  0  0  0  0  0  0  0
    2.1019  -12.2642    0.0000 C   0  0  0  0  0  0  0  0  0  0  0  0
    2.8135  -11.8530    0.0000 C   0  0  0  0  0  0  0  0  0  0  0  0
    1.3365  -14.3023    0.0000 O   0  0  0  0  0  0  0  0  0  0  0  0
    1.3397  -15.9378    0.0000 C   0  0  0  0  0  0  0  0  0  0  0  0
    1.3589  -13.4832    0.0000 H   0  0  0  0  0  0  0  0  0  0  0  0
   -1.2487  -20.2481    0.0000 O   0  0  0  0  0  0  0  0  0  0  0  0
   -2.5314  -19.6072    0.0000 O   0  0  0  0  0  0  0  0  0  0  0  0
   -2.9035  -20.3513    0.0000 C   0  0  0  0  0  0  0  0  0  0  0  0
    0.1513  -20.3843    0.0000 C   0  0  0  0  0  0  0  0  0  0  0  0
    0.1568  -21.2159    0.0000 O   0  0  0  0  0  0  0  0  0  0  0  0
    0.9751  -20.3839    0.0000 C   0  0  0  0  0  0  0  0  0  0  0  0
  1  2  1  0
  2  3  1  0
  2  4  2  0
  2  5  2  0
  7 34  1  0
 34 35  1  0
  6  7  2  0
  7  8  1  0
  8 11  2  0
 10  9  2  0
  9  6  1  0
 10 11  1  0
 11 12  1  0
 12 14  1  0
 13 10  1  0
 13 14  1  0
 13 17  1  0
 14 15  1  0
 15 16  1  0
 16 18  1  0
 17 18  1  0
 17 22  1  0
 18 19  1  0
 19 20  2  0
 20 21  1  0
 21 22  1  0
 22 23  1  0
 23 24  1  0
 13 24  1  1
 17 25  1  6
 18 26  1  6
 26 28  1  0
 36 37  2  0
 37 38  1  0
 38 41  2  0
 40 39  2  0
 39 36  1  0
 40 41  1  0
 41 42  1  0
 42 44  1  0
 43 40  1  0
 43 44  2  0
 44 45  1  0
 45 46  1  0
 46 47  1  0
 54 47  1  0
 47 48  1  0
 48 49  1  0
 49 50  1  0
 50 51  1  0
 43 52  1  0
 52 53  1  0
 51 53  1  0
 51 54  1  0
 45 55  1  1
 55 56  1  0
 49 57  1  0
 49 58  1  6
 58 59  1  0
 55 60  2  0
 56 61  1  0
 47 62  1  1
  6 45  1  0
 16 27  1  1
 29 63  2  0
 15 29  1  6
 29 64  1  0
 15 30  1  0
 64 65  1  0
 14 31  1  1
 27 66  1  0
 12 32  1  0
 66 67  2  0
 32 33  2  0
 66 68  1  0
M  END
","InChI=1S/C46H56N4O10.H2O4S/c1-7-42(55)22-28-23-45(40(53)58-5,36-30(14-18-48(24-28)25-42)29-12-9-10-13-33(29)47-36)32-20-31-34(21-35(32)57-4)50(26-51)38-44(31)16-19-49-17-11-15-43(8-2,37(44)49)39(60-27(3)52)46(38,56)41(54)59-6;1-5(2,3)4/h9-13,15,20-21,26,28,37-39,47,55-56H,7-8,14,16-19,22-25H2,1-6H3;(H2,1,2,3,4)/t28-,37+,38-,39-,42+,43-,44-,45+,46+;/m1./s1",AQTQHPDCURKLKT-JKDPCDLQSA-N,CC[C@]1(O)C[C@H]2CN(CCc3c([nH]c4ccccc34)[C@@](C(=O)OC)(c3cc4c(cc3OC)N(C=O)[C@H]3[C@@](O)(C(=O)OC)[C@H](OC(C)=O)[C@]5(CC)C=CCN6CC[C@]43[C@@H]65)C2)C1.O=S(=O)(O)O
494280,CHEMBL506871,VELIPARIB,INHIBITOR,,CHEMBL3390820,"PARP 1, 2 and 3",Astrocytoma,anaplastic astrocytoma,2.0,494280.0,244.3,1.26,3.0,3.0,83.8,2.0,N,0.0,244.3,2.0,18.0,0.74,C13H16N4O,-0.08,,,,494280.0,"
     RDKit          2D

 18 20  0  0  0  0  0  0  0  0999 V2000
    2.1560    0.0000    0.0000 C   0  0  0  0  0  0  0  0  0  0  0  0
    8.1363    4.8988    0.0000 N   0  0  0  0  0  0  0  0  0  0  0  0
    5.7118    4.8988    0.0000 O   0  0  0  0  0  0  0  0  0  0  0  0
    8.1363    0.6998    0.0000 C   0  0  0  0  0  0  0  0  0  0  0  0
    8.1363    2.0995    0.0000 C   0  0  0  0  0  0  0  0  0  0  0  0
    6.9205    0.0000    0.0000 C   0  0  0  0  0  0  0  0  0  0  0  0
    0.0000    0.6998    0.0000 C   0  0  0  0  0  0  0  0  0  0  0  0
    0.0000    2.0995    0.0000 C   0  0  0  0  0  0  0  0  0  0  0  0
    1.3360    0.2687    0.0000 C   0  0  0  0  0  0  0  0  0  0  0  0
    4.3757    2.5307    0.0000 N   0  0  0  0  0  0  0  0  0  0  0  0
    1.3360    2.5307    0.0000 N   0  0  0  0  0  0  0  0  0  0  0  0
    4.3757    0.2687    0.0000 N   0  0  0  0  0  0  0  0  0  0  0  0
    6.9205    4.1989    0.0000 C   0  0  0  0  0  0  0  0  0  0  0  0
    6.9205    2.7993    0.0000 C   0  0  0  0  0  0  0  0  0  0  0  0
    3.5556    1.3996    0.0000 C   0  0  0  0  0  0  0  0  0  0  0  0
    5.7118    0.6998    0.0000 C   0  0  0  0  0  0  0  0  0  0  0  0
    5.7118    2.0995    0.0000 C   0  0  0  0  0  0  0  0  0  0  0  0
    2.1560    1.3996    0.0000 C   0  0  0  0  0  0  0  0  0  0  0  0
 18  1  1  6
  2 13  1  0
  3 13  2  0
  4  5  1  0
  4  6  2  0
  5 14  2  0
  6 16  1  0
  7  8  1  0
  7  9  1  0
  8 11  1  0
  9 18  1  0
 10 15  2  0
 10 17  1  0
 11 18  1  0
 12 15  1  0
 12 16  1  0
 13 14  1  0
 14 17  1  0
 18 15  1  1
 16 17  2  0
M  END
","InChI=1S/C13H16N4O/c1-13(6-3-7-15-13)12-16-9-5-2-4-8(11(14)18)10(9)17-12/h2,4-5,15H,3,6-7H2,1H3,(H2,14,18)(H,16,17)/t13-/m1/s1",JNAHVYVRKWKWKQ-CYBMUJFWSA-N,C[C@]1(c2nc3c(C(N)=O)cccc3[nH]2)CCCN1
453228,CHEMBL507361,MIRDAMETINIB,INHIBITOR,,CHEMBL2964,Dual specificity mitogen-activated protein kinase kinase 2,Glioma,low grade glioma,1.0,453228.0,482.2,2.47,5.0,4.0,90.82,7.0,N,0.0,482.2,2.0,26.0,0.36,C16H14F3IN2O4,-1.2,84679699.0,453228.0,108.0,453228.0,"
     RDKit          2D

 26 27  0  0  0  0  0  0  0  0999 V2000
   -4.4221    2.3640    0.0000 F   0  0  0  0  0  0  0  0  0  0  0  0
   -4.4221    0.7139    0.0000 F   0  0  0  0  0  0  0  0  0  0  0  0
   -3.7076    1.1265    0.0000 C   0  0  0  0  0  0  0  0  0  0  0  0
   -3.7076    1.9515    0.0000 C   0  0  0  0  0  0  0  0  0  0  0  0
   -2.9931    0.7139    0.0000 C   0  0  0  0  0  0  0  0  0  0  0  0
   -2.2786    1.1264    0.0000 C   0  0  0  0  0  0  0  0  0  0  0  0
   -2.2786    1.9514    0.0000 C   0  0  0  0  0  0  0  0  0  0  0  0
   -2.9931    2.3639    0.0000 C   0  0  0  0  0  0  0  0  0  0  0  0
   -4.4221   -0.1111    0.0000 C   0  0  0  0  0  0  0  0  0  0  0  0
   -3.7076   -0.5236    0.0000 C   0  0  0  0  0  0  0  0  0  0  0  0
   -2.9931   -0.1111    0.0000 N   0  0  0  0  0  0  0  0  0  0  0  0
   -1.5642   -0.1111    0.0000 O   0  0  0  0  0  0  0  0  0  0  0  0
   -1.5642    0.7139    0.0000 C   0  0  0  0  0  0  0  0  0  0  0  0
   -3.7076   -1.3486    0.0000 C   0  0  0  0  0  0  0  0  0  0  0  0
   -2.9931   -1.7611    0.0000 F   0  0  0  0  0  0  0  0  0  0  0  0
   -5.1365   -0.5236    0.0000 C   0  0  0  0  0  0  0  0  0  0  0  0
   -5.1365   -1.3486    0.0000 C   0  0  0  0  0  0  0  0  0  0  0  0
   -4.4221   -1.7611    0.0000 C   0  0  0  0  0  0  0  0  0  0  0  0
   -0.8497    1.1265    0.0000 N   0  0  0  0  0  0  0  0  0  0  0  0
   -0.1353    0.7139    0.0000 O   0  0  0  0  0  0  0  0  0  0  0  0
    1.2937   -0.1111    0.0000 O   0  0  0  0  0  0  0  0  0  0  0  0
    1.2937    0.7139    0.0000 C   0  0  0  0  0  0  0  0  0  0  0  0
    0.5792    1.1264    0.0000 C   0  0  0  0  0  0  0  0  0  0  0  0
    2.7226    0.7139    0.0000 O   0  0  0  0  0  0  0  0  0  0  0  0
    2.0082    1.1264    0.0000 C   0  0  0  0  0  0  0  0  0  0  0  0
   -5.8716   -1.7231    0.0000 I   0  0  0  0  0  0  0  0  0  0  0  0
  2  3  1  0
  3  4  2  0
  1  4  1  0
  5  6  2  0
  6  7  1  0
  7  8  2  0
  3  5  1  0
  4  8  1  0
  9 10  1  0
 10 11  1  0
 11  5  1  0
 12 13  2  0
  6 13  1  0
 14 15  1  0
 10 14  2  0
 16 17  1  0
 17 18  2  0
  9 16  2  0
 18 14  1  0
 19 20  1  0
 19 13  1  0
 22 21  1  1
 22 23  1  0
 20 23  1  0
 24 25  1  0
 22 25  1  0
 17 26  1  0
M  END
","InChI=1S/C16H14F3IN2O4/c17-11-3-2-10(16(25)22-26-7-9(24)6-23)15(14(11)19)21-13-4-1-8(20)5-12(13)18/h1-5,9,21,23-24H,6-7H2,(H,22,25)/t9-/m1/s1",SUDAHWBOROXANE-SECBINFHSA-N,O=C(NOC[C@H](O)CO)c1ccc(F)c(F)c1Nc1ccc(I)cc1F
10840,CHEMBL513,CARMUSTINE,INHIBITOR,,CHEMBL2311221,DNA,Astrocytoma,anaplastic astrocytoma,4.0,10840.0,214.05,1.16,3.0,1.0,61.77,5.0,N,0.0,214.05,0.0,12.0,0.42,C5H9Cl2N3O2,-0.42,83590569.0,10840.0,1.0,10840.0,"
     RDKit          2D

 12 11  0  0  0  0  0  0  0  0999 V2000
    4.0875   -4.7667    0.0000 N   0  0  0  0  0  0  0  0  0  0  0  0
    4.7125   -4.4125    0.0000 C   0  0  0  0  0  0  0  0  0  0  0  0
    3.4792   -4.4042    0.0000 N   0  0  0  0  0  0  0  0  0  0  0  0
    4.7167   -3.7042    0.0000 O   0  0  0  0  0  0  0  0  0  0  0  0
    2.8542   -4.7542    0.0000 O   0  0  0  0  0  0  0  0  0  0  0  0
    5.3167   -4.7792    0.0000 N   0  0  0  0  0  0  0  0  0  0  0  0
    4.0792   -5.4667    0.0000 C   0  0  0  0  0  0  0  0  0  0  0  0
    3.4542   -6.5292    0.0000 Cl  0  0  0  0  0  0  0  0  0  0  0  0
    7.1667   -4.4292    0.0000 Cl  0  0  0  0  0  0  0  0  0  0  0  0
    3.4667   -5.8250    0.0000 C   0  0  0  0  0  0  0  0  0  0  0  0
    5.9292   -4.4292    0.0000 C   0  0  0  0  0  0  0  0  0  0  0  0
    6.5542   -4.7792    0.0000 C   0  0  0  0  0  0  0  0  0  0  0  0
  2  1  1  0
  3  1  1  0
  4  2  2  0
  5  3  2  0
  6  2  1  0
  7  1  1  0
  8 10  1  0
  9 12  1  0
 10  7  1  0
 11  6  1  0
 12 11  1  0
M  END
","InChI=1S/C5H9Cl2N3O2/c6-1-3-8-5(11)10(9-12)4-2-7/h1-4H2,(H,8,11)",DLGOEMSEDOSKAD-UHFFFAOYSA-N,O=NN(CCCl)C(=O)NCCCl
10898,CHEMBL514,LOMUSTINE,INHIBITOR,,CHEMBL2311221,DNA,Brain Neoplasms,brain cancer,4.0,10898.0,233.7,2.25,3.0,1.0,61.77,4.0,N,0.0,233.7,0.0,15.0,0.46,C9H16ClN3O2,-0.58,83590584.0,10898.0,1.0,10898.0,"
     RDKit          2D

 15 15  0  0  0  0  0  0  0  0999 V2000
    5.3792   -4.2875    0.0000 C   0  0  0  0  0  0  0  0  0  0  0  0
    5.3792   -5.0042    0.0000 N   0  0  0  0  0  0  0  0  0  0  0  0
    4.7667   -5.3542    0.0000 N   0  0  0  0  0  0  0  0  0  0  0  0
    4.7542   -3.9417    0.0000 N   0  0  0  0  0  0  0  0  0  0  0  0
    5.9917   -3.9250    0.0000 O   0  0  0  0  0  0  0  0  0  0  0  0
    4.7917   -6.0667    0.0000 O   0  0  0  0  0  0  0  0  0  0  0  0
    6.0042   -5.3542    0.0000 C   0  0  0  0  0  0  0  0  0  0  0  0
    4.1500   -4.2917    0.0000 C   0  0  0  0  0  0  0  0  0  0  0  0
    7.2292   -5.3375    0.0000 Cl  0  0  0  0  0  0  0  0  0  0  0  0
    6.6042   -4.9792    0.0000 C   0  0  0  0  0  0  0  0  0  0  0  0
    4.1417   -5.0042    0.0000 C   0  0  0  0  0  0  0  0  0  0  0  0
    3.5292   -3.9500    0.0000 C   0  0  0  0  0  0  0  0  0  0  0  0
    2.9125   -4.2792    0.0000 C   0  0  0  0  0  0  0  0  0  0  0  0
    3.5167   -5.3417    0.0000 C   0  0  0  0  0  0  0  0  0  0  0  0
    2.9125   -5.0042    0.0000 C   0  0  0  0  0  0  0  0  0  0  0  0
  2  1  1  0
  3  2  1  0
  4  1  1  0
  5  1  2  0
  6  3  2  0
  7  2  1  0
  8  4  1  0
  9 10  1  0
 10  7  1  0
 11  8  1  0
 12  8  1  0
 13 12  1  0
 14 11  1  0
 15 13  1  0
 15 14  1  0
M  END
","InChI=1S/C9H16ClN3O2/c10-6-7-13(12-15)9(14)11-8-4-2-1-3-5-8/h8H,1-7H2,(H,11,14)",GQYIWUVLTXOXAJ-UHFFFAOYSA-N,O=NN(CCCl)C(=O)NC1CCCCC1
11674,CHEMBL521,IBUPROFEN,INHIBITOR,,CHEMBL2094253,Cyclooxygenase,Glioma,malignant glioma,2.0,11674.0,206.28,3.07,1.0,1.0,37.3,4.0,N,0.0,206.28,1.0,15.0,0.82,C13H18O2,0.14,,,,11674.0,"
     RDKit          2D

 15 15  0  0  0  0  0  0  0  0999 V2000
    4.0542   -2.1667    0.0000 C   0  0  0  0  0  0  0  0  0  0  0  0
    3.4417   -1.8292    0.0000 C   0  0  0  0  0  0  0  0  0  0  0  0
    2.8292   -2.2125    0.0000 C   0  0  0  0  0  0  0  0  0  0  0  0
    4.0792   -2.8792    0.0000 O   0  0  0  0  0  0  0  0  0  0  0  0
    2.2125   -1.8625    0.0000 C   0  0  0  0  0  0  0  0  0  0  0  0
    2.8417   -2.9042    0.0000 C   0  0  0  0  0  0  0  0  0  0  0  0
    4.6542   -1.7875    0.0000 O   0  0  0  0  0  0  0  0  0  0  0  0
    1.6167   -2.9417    0.0000 C   0  0  0  0  0  0  0  0  0  0  0  0
    2.2417   -3.2667    0.0000 C   0  0  0  0  0  0  0  0  0  0  0  0
    1.6042   -2.2292    0.0000 C   0  0  0  0  0  0  0  0  0  0  0  0
    1.0042   -3.3042    0.0000 C   0  0  0  0  0  0  0  0  0  0  0  0
    3.4167   -1.1167    0.0000 C   0  0  0  0  0  0  0  0  0  0  0  0
    0.3875   -2.9667    0.0000 C   0  0  0  0  0  0  0  0  0  0  0  0
   -0.2250   -3.3292    0.0000 C   0  0  0  0  0  0  0  0  0  0  0  0
    0.3750   -2.2542    0.0000 C   0  0  0  0  0  0  0  0  0  0  0  0
  2  1  1  0
  3  2  1  0
  4  1  2  0
  5  3  2  0
  6  3  1  0
  7  1  1  0
  8  9  1  0
  9  6  2  0
 10  5  1  0
 11  8  1  0
 12  2  1  0
 13 11  1  0
 14 13  1  0
 15 13  1  0
  8 10  2  0
M  END
","InChI=1S/C13H18O2/c1-9(2)8-11-4-6-12(7-5-11)10(3)13(14)15/h4-7,9-10H,8H2,1-3H3,(H,14,15)",HEFNNWSXXWATRW-UHFFFAOYSA-N,CC(C)Cc1ccc(C(C)C(=O)O)cc1
469866,CHEMBL521686,OLAPARIB,INHIBITOR,,CHEMBL3390820,"PARP 1, 2 and 3",Glioblastoma,glioblastoma multiforme,2.0,469866.0,434.47,2.35,4.0,1.0,86.37,4.0,N,0.0,434.47,3.0,32.0,0.68,C24H23FN4O3,-1.61,,,,469866.0,"
     RDKit          2D

 32 36  0  0  0  0  0  0  0  0999 V2000
    3.9904   -4.4079    0.0000 C   0  0  0  0  0  0  0  0  0  0  0  0
    4.7049   -4.8204    0.0000 N   0  0  0  0  0  0  0  0  0  0  0  0
    3.9904   -3.5829    0.0000 C   0  0  0  0  0  0  0  0  0  0  0  0
    3.2759   -3.1704    0.0000 C   0  0  0  0  0  0  0  0  0  0  0  0
    2.5615   -3.5829    0.0000 F   0  0  0  0  0  0  0  0  0  0  0  0
    3.2759   -2.3454    0.0000 C   0  0  0  0  0  0  0  0  0  0  0  0
    3.9904   -1.9329    0.0000 C   0  0  0  0  0  0  0  0  0  0  0  0
    4.7049   -2.3454    0.0000 C   0  0  0  0  0  0  0  0  0  0  0  0
    6.1338   -0.6954    0.0000 C   0  0  0  0  0  0  0  0  0  0  0  0
    5.4193   -1.1079    0.0000 C   0  0  0  0  0  0  0  0  0  0  0  0
    6.8483   -1.1079    0.0000 C   0  0  0  0  0  0  0  0  0  0  0  0
    7.5627   -0.6954    0.0000 C   0  0  0  0  0  0  0  0  0  0  0  0
    7.5627    0.1296    0.0000 C   0  0  0  0  0  0  0  0  0  0  0  0
    6.8483    0.5421    0.0000 C   0  0  0  0  0  0  0  0  0  0  0  0
    6.1338    0.1296    0.0000 C   0  0  0  0  0  0  0  0  0  0  0  0
    5.4193    0.5421    0.0000 C   0  0  0  0  0  0  0  0  0  0  0  0
    5.4193    1.3671    0.0000 O   0  0  0  0  0  0  0  0  0  0  0  0
    4.7049    0.1296    0.0000 N   0  0  0  0  0  0  0  0  0  0  0  0
    4.7049   -0.6954    0.0000 N   0  0  0  0  0  0  0  0  0  0  0  0
    5.4193   -1.9329    0.0000 C   0  0  0  0  0  0  0  0  0  0  0  0
    4.7049   -3.1704    0.0000 C   0  0  0  0  0  0  0  0  0  0  0  0
    3.2759   -4.8204    0.0000 O   0  0  0  0  0  0  0  0  0  0  0  0
    6.1338   -5.6454    0.0000 N   0  0  0  0  0  0  0  0  0  0  0  0
    5.4193   -6.0579    0.0000 C   0  0  0  0  0  0  0  0  0  0  0  0
    4.7049   -5.6454    0.0000 C   0  0  0  0  0  0  0  0  0  0  0  0
    8.3877   -5.6454    0.0000 C   0  0  0  0  0  0  0  0  0  0  0  0
    7.5627   -5.6454    0.0000 C   0  0  0  0  0  0  0  0  0  0  0  0
    6.8483   -6.8829    0.0000 O   0  0  0  0  0  0  0  0  0  0  0  0
    6.8483   -6.0579    0.0000 C   0  0  0  0  0  0  0  0  0  0  0  0
    7.9752   -4.9310    0.0000 C   0  0  0  0  0  0  0  0  0  0  0  0
    6.1338   -4.8204    0.0000 C   0  0  0  0  0  0  0  0  0  0  0  0
    5.4193   -4.4079    0.0000 C   0  0  0  0  0  0  0  0  0  0  0  0
  1  2  1  0
  1  3  1  0
  3  4  2  0
  3 21  1  0
  4  5  1  0
  4  6  1  0
  6  7  2  0
  8  7  1  0
  8 20  1  0
  9 10  1  0
  9 15  2  0
 10 19  2  0
 11  9  1  0
 12 11  2  0
 12 13  1  0
 13 14  2  0
 15 14  1  0
 15 16  1  0
 16 17  2  0
 18 16  1  0
 19 18  1  0
 20 10  1  0
 21  8  2  0
 22  1  2  0
 23 24  1  0
 25  2  1  0
 25 24  1  0
 26 27  1  0
 27 30  1  0
 28 29  2  0
 29 23  1  0
 29 27  1  0
 30 26  1  0
 31 23  1  0
 31 32  1  0
 32  2  1  0
M  END
","InChI=1S/C24H23FN4O3/c25-20-8-5-15(14-21-17-3-1-2-4-18(17)22(30)27-26-21)13-19(20)24(32)29-11-9-28(10-12-29)23(31)16-6-7-16/h1-5,8,13,16H,6-7,9-12,14H2,(H,27,30)",FDLYAMZZIXQODN-UHFFFAOYSA-N,O=C(c1cc(Cc2n[nH]c(=O)c3ccccc23)ccc1F)N1CCN(C(=O)C2CC2)CC1
494834,CHEMBL522892,DOVITINIB,INHIBITOR,,CHEMBL1936,Mast/stem cell growth factor receptor Kit,Brain Neoplasms,brain neoplasm,2.0,494834.0,392.44,2.54,5.0,3.0,94.04,2.0,N,0.0,392.44,4.0,29.0,0.49,C21H21FN6O,-1.3,,,,494834.0,"
     RDKit          2D

 29 33  0  0  0  0  0  0  0  0999 V2000
   -1.4042   -0.5208    0.0000 C   0  0  0  0  0  0  0  0  0  0  0  0
   -0.5792   -0.5208    0.0000 C   0  0  0  0  0  0  0  0  0  0  0  0
   -1.8167    0.1917    0.0000 C   0  0  0  0  0  0  0  0  0  0  0  0
   -1.8167   -1.2375    0.0000 C   0  0  0  0  0  0  0  0  0  0  0  0
   -2.6417    0.1917    0.0000 C   0  0  0  0  0  0  0  0  0  0  0  0
   -0.0958   -1.1917    0.0000 N   0  0  0  0  0  0  0  0  0  0  0  0
   -2.6417   -1.2375    0.0000 N   0  0  0  0  0  0  0  0  0  0  0  0
   -0.0958    0.1458    0.0000 N   0  0  0  0  0  0  0  0  0  0  0  0
   -3.0542   -0.5208    0.0000 C   0  0  0  0  0  0  0  0  0  0  0  0
    0.6875   -0.1083    0.0000 C   0  0  0  0  0  0  0  0  0  0  0  0
    2.8333    0.3042    0.0000 N   0  0  0  0  0  0  0  0  0  0  0  0
    0.6875   -0.9333    0.0000 C   0  0  0  0  0  0  0  0  0  0  0  0
    1.4042    0.3042    0.0000 C   0  0  0  0  0  0  0  0  0  0  0  0
    2.1167   -0.1083    0.0000 C   0  0  0  0  0  0  0  0  0  0  0  0
    4.2625    1.1292    0.0000 N   0  0  0  0  0  0  0  0  0  0  0  0
   -3.0542    0.9083    0.0000 C   0  0  0  0  0  0  0  0  0  0  0  0
   -1.4042   -1.9500    0.0000 O   0  0  0  0  0  0  0  0  0  0  0  0
   -1.4042    0.9083    0.0000 N   0  0  0  0  0  0  0  0  0  0  0  0
    3.5458   -0.1083    0.0000 C   0  0  0  0  0  0  0  0  0  0  0  0
    2.8333    1.1292    0.0000 C   0  0  0  0  0  0  0  0  0  0  0  0
    1.4042   -1.3458    0.0000 C   0  0  0  0  0  0  0  0  0  0  0  0
    2.1167   -0.9333    0.0000 C   0  0  0  0  0  0  0  0  0  0  0  0
    3.5458    1.5417    0.0000 C   0  0  0  0  0  0  0  0  0  0  0  0
    4.2625    0.3042    0.0000 C   0  0  0  0  0  0  0  0  0  0  0  0
   -2.6417    1.6208    0.0000 F   0  0  0  0  0  0  0  0  0  0  0  0
   -3.8792   -0.5208    0.0000 C   0  0  0  0  0  0  0  0  0  0  0  0
    4.9750    1.5417    0.0000 C   0  0  0  0  0  0  0  0  0  0  0  0
   -4.2917    0.1917    0.0000 C   0  0  0  0  0  0  0  0  0  0  0  0
   -3.8792    0.9083    0.0000 C   0  0  0  0  0  0  0  0  0  0  0  0
  2  1  1  0
  3  1  2  0
  4  1  1  0
  5  3  1  0
  6  2  2  0
  7  4  1  0
  8  2  1  0
  9  5  2  0
 10  8  1  0
 11 14  1  0
 12  6  1  0
 13 10  2  0
 14 13  1  0
 15 23  1  0
 16  5  1  0
 17  4  2  0
 18  3  1  0
 19 11  1  0
 20 11  1  0
 21 12  2  0
 22 21  1  0
 23 20  1  0
 24 19  1  0
 25 16  1  0
 26  9  1  0
 27 15  1  0
 28 29  1  0
 29 16  2  0
 10 12  1  0
  7  9  1  0
 22 14  2  0
 28 26  2  0
 24 15  1  0
M  END
","InChI=1S/C21H21FN6O/c1-27-7-9-28(10-8-27)12-5-6-14-16(11-12)25-20(24-14)18-19(23)17-13(22)3-2-4-15(17)26-21(18)29/h2-6,11H,7-10H2,1H3,(H,24,25)(H3,23,26,29)",PIQCTGMSNWUMAF-UHFFFAOYSA-N,CN1CCN(c2ccc3nc(-c4c(N)c5c(F)cccc5[nH]c4=O)[nH]c3c2)CC1
2832062,CHEMBL5314411,EPITINIB,INHIBITOR,,CHEMBL203,Epidermal growth factor receptor,Glioblastoma,glioblastoma multiforme,1.0,2832062.0,430.51,3.53,6.0,2.0,82.62,5.0,N,0.0,430.51,3.0,32.0,0.6,C24H26N6O2,-1.95,85623319.0,2832062.0,160.0,2832062.0,"
     RDKit          2D

 32 35  0  0  0  0  0  0  0  0999 V2000
   -5.5017    4.1511    0.0000 C   0  0  0  0  0  0  0  0  0  0  0  0
   -5.5017    3.3261    0.0000 C   0  0  0  0  0  0  0  0  0  0  0  0
   -4.7872    2.9136    0.0000 N   0  0  0  0  0  0  0  0  0  0  0  0
   -4.0728    3.3261    0.0000 C   0  0  0  0  0  0  0  0  0  0  0  0
   -4.7872    2.0886    0.0000 C   0  0  0  0  0  0  0  0  0  0  0  0
   -4.0728    1.6761    0.0000 C   0  0  0  0  0  0  0  0  0  0  0  0
   -3.3583    2.0886    0.0000 N   0  0  0  0  0  0  0  0  0  0  0  0
   -3.3583    2.9136    0.0000 C   0  0  0  0  0  0  0  0  0  0  0  0
   -2.6438    1.6761    0.0000 C   0  0  0  0  0  0  0  0  0  0  0  0
   -1.9294    2.0886    0.0000 O   0  0  0  0  0  0  0  0  0  0  0  0
   -2.6438    0.8510    0.0000 N   0  0  0  0  0  0  0  0  0  0  0  0
   -1.9294    0.4385    0.0000 C   0  0  0  0  0  0  0  0  0  0  0  0
   -1.2149    0.8510    0.0000 C   0  0  0  0  0  0  0  0  0  0  0  0
   -1.9294   -0.3865    0.0000 C   0  0  0  0  0  0  0  0  0  0  0  0
   -1.2149   -0.7990    0.0000 C   0  0  0  0  0  0  0  0  0  0  0  0
   -0.5004   -0.3865    0.0000 C   0  0  0  0  0  0  0  0  0  0  0  0
   -0.5004    0.4385    0.0000 C   0  0  0  0  0  0  0  0  0  0  0  0
   -3.3583   -0.3865    0.0000 C   0  0  0  0  0  0  0  0  0  0  0  0
   -2.6438   -0.7990    0.0000 O   0  0  0  0  0  0  0  0  0  0  0  0
    0.2140    0.8510    0.0000 C   0  0  0  0  0  0  0  0  0  0  0  0
    0.2140   -0.7990    0.0000 N   0  0  0  0  0  0  0  0  0  0  0  0
    0.9285   -0.3865    0.0000 C   0  0  0  0  0  0  0  0  0  0  0  0
    0.9285    0.4385    0.0000 N   0  0  0  0  0  0  0  0  0  0  0  0
    0.9285    2.0886    0.0000 C   0  0  0  0  0  0  0  0  0  0  0  0
    0.2140    1.6761    0.0000 N   0  0  0  0  0  0  0  0  0  0  0  0
    1.6430    1.6761    0.0000 C   0  0  0  0  0  0  0  0  0  0  0  0
    1.6430    3.3261    0.0000 C   0  0  0  0  0  0  0  0  0  0  0  0
    0.9285    2.9136    0.0000 C   0  0  0  0  0  0  0  0  0  0  0  0
    2.3574    2.0886    0.0000 C   0  0  0  0  0  0  0  0  0  0  0  0
    2.3574    2.9136    0.0000 C   0  0  0  0  0  0  0  0  0  0  0  0
    3.0719    1.6761    0.0000 C   0  0  0  0  0  0  0  0  0  0  0  0
    3.7864    1.2636    0.0000 C   0  0  0  0  0  0  0  0  0  0  0  0
  1  2  1  0
  2  3  1  0
  3  4  1  0
  5  6  1  0
  6  7  1  0
  7  8  1  0
  3  5  1  0
  4  8  1  0
  9 10  2  0
  7  9  1  0
 11 12  1  0
 12 13  1  0
  9 11  1  0
 14 15  1  0
 15 16  2  0
 16 17  1  0
 12 14  2  0
 13 17  2  0
 18 19  1  0
 19 14  1  0
 21 22  2  0
 22 23  1  0
 20 23  2  0
 16 21  1  0
 20 17  1  0
 24 25  1  0
 24 26  2  0
 25 20  1  0
 27 28  2  0
 29 30  2  0
 27 30  1  0
 28 24  1  0
 26 29  1  0
 29 31  1  0
 31 32  3  0
M  END","InChI=1S/C24H26N6O2/c1-4-17-7-6-8-18(13-17)27-23-19-14-21(22(32-3)15-20(19)25-16-26-23)28-24(31)30-11-9-29(5-2)10-12-30/h1,6-8,13-16H,5,9-12H2,2-3H3,(H,28,31)(H,25,26,27)",DQAZPZIYEOGZAF-UHFFFAOYSA-N,C#Cc1cccc(Nc2ncnc3cc(OC)c(NC(=O)N4CCN(CC)CC4)cc23)c1
13048,CHEMBL535,SUNITINIB,INHIBITOR,,CHEMBL1844,Macrophage colony-stimulating factor 1 receptor,Brain Neoplasms,brain neoplasm,2.0,13048.0,398.48,3.33,3.0,3.0,77.23,7.0,N,0.0,398.48,2.0,29.0,0.63,C22H27FN4O2,-1.21,84802859.0,13048.0,113.0,13048.0,"
     RDKit          2D

 29 31  0  0  0  0  0  0  0  0999 V2000
   -0.7359    2.0724    0.0000 C   0  0  0  0  0  0  0  0  0  0  0  0
   -3.3765   -2.8427    0.0000 C   0  0  0  0  0  0  0  0  0  0  0  0
   -3.6315   -2.0581    0.0000 C   0  0  0  0  0  0  0  0  0  0  0  0
   -2.0175   -2.4011    0.0000 C   0  0  0  0  0  0  0  0  0  0  0  0
    0.1031    0.1094    0.0000 C   0  0  0  0  0  0  0  0  0  0  0  0
   -2.5695   -3.0142    0.0000 C   0  0  0  0  0  0  0  0  0  0  0  0
   -2.2725   -1.6165    0.0000 C   0  0  0  0  0  0  0  0  0  0  0  0
   -1.8600   -0.9020    0.0000 C   0  0  0  0  0  0  0  0  0  0  0  0
   -2.4120   -0.2889    0.0000 C   0  0  0  0  0  0  0  0  0  0  0  0
    0.9038    1.3424    0.0000 C   0  0  0  0  0  0  0  0  0  0  0  0
    0.7161   -0.4426    0.0000 C   0  0  0  0  0  0  0  0  0  0  0  0
   -1.0395   -0.8158    0.0000 C   0  0  0  0  0  0  0  0  0  0  0  0
   -0.5644    1.2654    0.0000 C   0  0  0  0  0  0  0  0  0  0  0  0
   -3.0794   -1.4450    0.0000 C   0  0  0  0  0  0  0  0  0  0  0  0
   -0.7039   -0.0621    0.0000 C   0  0  0  0  0  0  0  0  0  0  0  0
    0.1893    0.9299    0.0000 C   0  0  0  0  0  0  0  0  0  0  0  0
   -1.1164    0.6524    0.0000 N   0  0  0  0  0  0  0  0  0  0  0  0
   -3.1657   -0.6245    0.0000 N   0  0  0  0  0  0  0  0  0  0  0  0
    1.6182    0.9299    0.0000 N   0  0  0  0  0  0  0  0  0  0  0  0
   -2.2405    0.5180    0.0000 O   0  0  0  0  0  0  0  0  0  0  0  0
    0.9038    2.1674    0.0000 O   0  0  0  0  0  0  0  0  0  0  0  0
   -2.3146   -3.7988    0.0000 F   0  0  0  0  0  0  0  0  0  0  0  0
    2.3327    1.3424    0.0000 C   0  0  0  0  0  0  0  0  0  0  0  0
    3.0472    0.9299    0.0000 C   0  0  0  0  0  0  0  0  0  0  0  0
    3.7616    1.3424    0.0000 N   0  0  0  0  0  0  0  0  0  0  0  0
    3.7616    2.1674    0.0000 C   0  0  0  0  0  0  0  0  0  0  0  0
    4.4761    0.9299    0.0000 C   0  0  0  0  0  0  0  0  0  0  0  0
    5.1906    1.3424    0.0000 C   0  0  0  0  0  0  0  0  0  0  0  0
    4.4761    2.5799    0.0000 C   0  0  0  0  0  0  0  0  0  0  0  0
 13  1  1  0
  2  3  2  0
  6  2  1  0
 14  3  1  0
  6  4  2  0
  7  4  1  0
  5 11  1  0
  5 15  2  0
  5 16  1  0
  6 22  1  0
  7  8  1  0
 14  7  2  0
  8  9  1  0
 12  8  2  0
  9 18  1  0
  9 20  2  0
 16 10  1  0
 10 19  1  0
 10 21  2  0
 12 15  1  0
 13 16  2  0
 13 17  1  0
 14 18  1  0
 15 17  1  0
 23 19  1  0
 23 24  1  0
 24 25  1  0
 26 25  1  0
 27 25  1  0
 27 28  1  0
 26 29  1  0
M  END
","InChI=1S/C22H27FN4O2/c1-5-27(6-2)10-9-24-22(29)20-13(3)19(25-14(20)4)12-17-16-11-15(23)7-8-18(16)26-21(17)28/h7-8,11-12,25H,5-6,9-10H2,1-4H3,(H,24,29)(H,26,28)/b17-12-",WINHZLLDWRZWRT-ATVHPVEESA-N,CCN(CC)CCNC(=O)c1c(C)[nH]c(/C=C2\C(=O)Nc3ccc(F)cc32)c1C
13928,CHEMBL547,ISOTRETINOIN,AGONIST,,CHEMBL2363069,Retinoic acid receptor,Brain Neoplasms,brain neoplasm,3.0,13928.0,300.44,5.6,1.0,1.0,37.3,5.0,N,1.0,300.44,0.0,22.0,0.53,C20H28O2,2.31,83806625.0,13928.0,49.0,13928.0,"
     RDKit          2D

 22 22  0  0  0  0  0  0  0  0999 V2000
    3.7030   -5.8989    0.0000 C   0  0  0  0  0  0  0  0  0  0  0  0
    3.7030   -6.7285    0.0000 C   0  0  0  0  0  0  0  0  0  0  0  0
    4.4175   -7.1410    0.0000 C   0  0  0  0  0  0  0  0  0  0  0  0
    5.1365   -6.7285    0.0000 C   0  0  0  0  0  0  0  0  0  0  0  0
    5.1365   -5.8989    0.0000 C   0  0  0  0  0  0  0  0  0  0  0  0
    4.4175   -5.4818    0.0000 C   0  0  0  0  0  0  0  0  0  0  0  0
    5.8504   -7.1420    0.0000 C   0  0  0  0  0  0  0  0  0  0  0  0
    4.8214   -4.7667    0.0000 C   0  0  0  0  0  0  0  0  0  0  0  0
    3.9964   -4.7667    0.0000 C   0  0  0  0  0  0  0  0  0  0  0  0
    5.8480   -5.4910    0.0000 C   0  0  0  0  0  0  0  0  0  0  0  0
    6.5584   -5.9035    0.0000 C   0  0  0  0  0  0  0  0  0  0  0  0
    7.2734   -5.4955    0.0000 C   0  0  0  0  0  0  0  0  0  0  0  0
    7.9839   -5.9080    0.0000 C   0  0  0  0  0  0  0  0  0  0  0  0
    8.6989   -5.5001    0.0000 C   0  0  0  0  0  0  0  0  0  0  0  0
    9.4093   -5.9126    0.0000 C   0  0  0  0  0  0  0  0  0  0  0  0
   10.1243   -5.5047    0.0000 C   0  0  0  0  0  0  0  0  0  0  0  0
    7.2766   -4.6705    0.0000 C   0  0  0  0  0  0  0  0  0  0  0  0
   10.8316   -5.9237    0.0000 C   0  0  0  0  0  0  0  0  0  0  0  0
   10.1286   -4.6797    0.0000 C   0  0  0  0  0  0  0  0  0  0  0  0
   10.8294   -6.7487    0.0000 C   0  0  0  0  0  0  0  0  0  0  0  0
   10.1137   -7.1592    0.0000 O   0  0  0  0  0  0  0  0  0  0  0  0
   11.5426   -7.1632    0.0000 O   0  0  0  0  0  0  0  0  0  0  0  0
 10 11  2  0
  4  5  2  0
 11 12  1  0
  5  6  1  0
 12 13  2  0
 13 14  1  0
  4  7  1  0
 14 15  2  0
  1  2  1  0
 15 16  1  0
  6  8  1  0
 12 17  1  0
  1  6  1  0
 16 18  2  0
  6  9  1  0
 16 19  1  0
  2  3  1  0
 18 20  1  0
  5 10  1  0
 20 21  1  0
  3  4  1  0
 20 22  2  0
M  END
","InChI=1S/C20H28O2/c1-15(8-6-9-16(2)14-19(21)22)11-12-18-17(3)10-7-13-20(18,4)5/h6,8-9,11-12,14H,7,10,13H2,1-5H3,(H,21,22)/b9-6+,12-11+,15-8+,16-14-",SHGAZHPCJJPHSC-XFYACQKRSA-N,CC1=C(/C=C/C(C)=C/C=C/C(C)=C\C(=O)O)C(C)(C)CCC1
2882636,CHEMBL5483015,ARSENIC TRIOXIDE,INHIBITOR,,CHEMBL1927,"Thioredoxin reductase 1, cytoplasmic",Brain Neoplasms,brain cancer,1.0,2882636.0,197.84,,,,,,,,197.84,,,,As2O3,,84403092.0,2882636.0,100.0,2882636.0,"
     RDKit          2D

  5  4  0  0  0  0  0  0  0  0999 V2000
    5.5581   -4.8002    0.0000 As  0  0  0  0  0  3  0  0  0  0  0  0
    6.2708   -5.2159    0.0000 As  0  0  0  0  0  4  0  0  0  0  0  0
    4.8440   -5.2083    0.0000 O   0  0  0  0  0  0  0  0  0  0  0  0
    6.9892   -4.8054    0.0000 O   0  0  0  0  0  0  0  0  0  0  0  0
    6.2671   -6.0409    0.0000 O   0  0  0  0  0  0  0  0  0  0  0  0
  3  1  2  0
  4  2  2  0
  1  2  1  0
  2  5  1  0
M  CHG  2   2   1   5  -1
M  END",InChI=1S/As2O3/c3-1-2(4)5,MOQADKPFYVWPSE-UHFFFAOYSA-N,O=[As][As+](=O)[O-]
561038,CHEMBL549386,FOTEMUSTINE,CROSS-LINKING AGENT,,CHEMBL2311221,DNA,Glioblastoma,glioblastoma multiforme,2.0,561038.0,315.69,2.53,6.0,1.0,97.3,9.0,N,0.0,315.69,0.0,19.0,0.31,C9H19ClN3O5P,-0.22,83595746.0,561038.0,1.0,561038.0,"
     RDKit          2D

 19 18  0  0  0  0  0  0  0  0999 V2000
   -0.5000    0.0833    0.0000 C   0  0  0  0  0  0  0  0  0  0  0  0
    0.1000   -0.9792    0.0000 N   0  0  0  0  0  0  0  0  0  0  0  0
    1.9042    0.0833    0.0000 P   0  0  0  0  0  0  0  0  0  0  0  0
   -1.7083    0.0833    0.0000 N   0  0  0  0  0  0  0  0  0  0  0  0
    1.3000   -0.9792    0.0000 C   0  0  0  0  0  0  0  0  0  0  0  0
   -2.3083    1.1208    0.0000 N   0  0  0  0  0  0  0  0  0  0  0  0
    0.8625    0.6833    0.0000 O   0  0  0  0  0  0  0  0  0  0  0  0
    0.1000    1.1208    0.0000 O   0  0  0  0  0  0  0  0  0  0  0  0
   -1.7083    2.1625    0.0000 O   0  0  0  0  0  0  0  0  0  0  0  0
    2.5375    1.1208    0.0000 O   0  0  0  0  0  0  0  0  0  0  0  0
    2.9750   -0.5417    0.0000 O   0  0  0  0  0  0  0  0  0  0  0  0
   -2.3083   -0.9792    0.0000 C   0  0  0  0  0  0  0  0  0  0  0  0
   -4.1125   -2.0167    0.0000 Cl  0  0  0  0  0  0  0  0  0  0  0  0
    1.9042   -2.0167    0.0000 C   0  0  0  0  0  0  0  0  0  0  0  0
   -3.5125   -0.9792    0.0000 C   0  0  0  0  0  0  0  0  0  0  0  0
    2.9750   -1.7417    0.0000 C   0  0  0  0  0  0  0  0  0  0  0  0
    3.7375    1.1208    0.0000 C   0  0  0  0  0  0  0  0  0  0  0  0
    4.3375    2.1625    0.0000 C   0  0  0  0  0  0  0  0  0  0  0  0
    4.0125   -2.3500    0.0000 C   0  0  0  0  0  0  0  0  0  0  0  0
  2  1  1  0
  3  5  1  0
  4  1  1  0
  5  2  1  0
  6  4  1  0
  7  3  2  0
  8  1  2  0
  9  6  2  0
 10  3  1  0
 11  3  1  0
 12  4  1  0
 13 15  1  0
 14  5  1  0
 15 12  1  0
 16 11  1  0
 17 10  1  0
 18 17  1  0
 19 16  1  0
M  END
","InChI=1S/C9H19ClN3O5P/c1-4-17-19(16,18-5-2)8(3)11-9(14)13(12-15)7-6-10/h8H,4-7H2,1-3H3,(H,11,14)",YAKWPXVTIGTRJH-UHFFFAOYSA-N,CCOP(=O)(OCC)C(C)NC(=O)N(CCCl)N=O
560750,CHEMBL552212,LEXIBULIN,INHIBITOR,,CHEMBL2095182,Tubulin,Glioblastoma,glioblastoma multiforme,1.0,560750.0,434.54,4.95,6.0,3.0,101.06,9.0,N,0.0,434.54,3.0,32.0,0.44,C24H30N6O2,-1.6,,,,560750.0,"
     RDKit          2D

 32 34  0  0  0  0  0  0  0  0999 V2000
  -13.6300    7.3379    0.0000 C   0  0  0  0  0  0  0  0  0  0  0  0
  -12.9155    6.9254    0.0000 C   0  0  0  0  0  0  0  0  0  0  0  0
  -12.2011    7.3379    0.0000 C   0  0  0  0  0  0  0  0  0  0  0  0
  -11.4866    6.9254    0.0000 C   0  0  0  0  0  0  0  0  0  0  0  0
  -10.7721    7.3379    0.0000 C   0  0  0  0  0  0  0  0  0  0  0  0
  -10.7721    8.1629    0.0000 C   0  0  0  0  0  0  0  0  0  0  0  0
  -10.0577    8.5754    0.0000 N   0  0  0  0  0  0  0  0  0  0  0  0
   -9.3432    8.1629    0.0000 C   0  0  0  0  0  0  0  0  0  0  0  0
   -9.3432    7.3379    0.0000 C   0  0  0  0  0  0  0  0  0  0  0  0
  -10.0577    6.9254    0.0000 C   0  0  0  0  0  0  0  0  0  0  0  0
  -11.4866    6.1004    0.0000 N   0  0  0  0  0  0  0  0  0  0  0  0
  -10.7721    5.6879    0.0000 C   0  0  0  0  0  0  0  0  0  0  0  0
  -10.0577    4.4504    0.0000 C   0  0  0  0  0  0  0  0  0  0  0  0
  -10.7721    4.8629    0.0000 C   0  0  0  0  0  0  0  0  0  0  0  0
  -10.0577    6.1004    0.0000 N   0  0  0  0  0  0  0  0  0  0  0  0
   -9.3432    5.6879    0.0000 C   0  0  0  0  0  0  0  0  0  0  0  0
   -9.3432    4.8629    0.0000 N   0  0  0  0  0  0  0  0  0  0  0  0
  -11.4866    4.4504    0.0000 C   0  0  0  0  0  0  0  0  0  0  0  0
   -8.6287    6.1004    0.0000 C   0  0  0  0  0  0  0  0  0  0  0  0
   -7.9142    5.6879    0.0000 C   0  0  0  0  0  0  0  0  0  0  0  0
   -8.6287    6.9254    0.0000 C   0  0  0  0  0  0  0  0  0  0  0  0
   -7.9142    7.3379    0.0000 C   0  0  0  0  0  0  0  0  0  0  0  0
   -7.1998    6.9254    0.0000 C   0  0  0  0  0  0  0  0  0  0  0  0
   -7.1998    6.1004    0.0000 C   0  0  0  0  0  0  0  0  0  0  0  0
   -7.9142    8.1629    0.0000 O   0  0  0  0  0  0  0  0  0  0  0  0
   -6.4853    7.3379    0.0000 N   0  0  0  0  0  0  0  0  0  0  0  0
   -5.7708    6.9254    0.0000 C   0  0  0  0  0  0  0  0  0  0  0  0
   -5.0564    7.3379    0.0000 N   0  0  0  0  0  0  0  0  0  0  0  0
   -5.7708    6.1004    0.0000 O   0  0  0  0  0  0  0  0  0  0  0  0
   -4.3419    6.9254    0.0000 C   0  0  0  0  0  0  0  0  0  0  0  0
   -3.6274    7.3379    0.0000 C   0  0  0  0  0  0  0  0  0  0  0  0
   -7.1998    8.5754    0.0000 C   0  0  0  0  0  0  0  0  0  0  0  0
  1  2  1  0
  2  3  1  0
  4  3  1  1
  4  5  1  0
  5  6  1  0
  5 10  2  0
  6  7  2  0
  7  8  1  0
  8  9  2  0
  9 10  1  0
  4 11  1  0
 11 12  1  0
 14 12  1  0
 12 15  2  0
 13 14  2  0
 13 17  1  0
 15 16  1  0
 16 17  2  0
 14 18  1  0
 16 19  1  0
 20 19  1  0
 19 21  2  0
 20 24  2  0
 21 22  1  0
 22 23  2  0
 23 24  1  0
 22 25  1  0
 23 26  1  0
 26 27  1  0
 27 28  1  0
 27 29  2  0
 28 30  1  0
 30 31  1  0
 25 32  1  0
M  END
","InChI=1S/C24H30N6O2/c1-5-8-19(18-9-7-12-25-15-18)28-22-16(3)14-27-23(30-22)17-10-11-20(21(13-17)32-4)29-24(31)26-6-2/h7,9-15,19H,5-6,8H2,1-4H3,(H2,26,29,31)(H,27,28,30)/t19-/m0/s1",MTJHLONVHHPNSI-IBGZPJMESA-N,CCC[C@H](Nc1nc(-c2ccc(NC(=O)NCC)c(OC)c2)ncc1C)c1cccnc1
581767,CHEMBL571209,INDOXIMOD,ACTIVATOR,,CHEMBL4296661,mTORC1,Brain Neoplasms,brain cancer,1.0,581767.0,218.26,1.13,3.0,2.0,68.25,3.0,N,0.0,218.26,2.0,16.0,0.81,C12H14N2O2,0.05,,,,581767.0,"
     RDKit          2D

 16 17  0  0  0  0  0  0  0  0999 V2000
    5.3895   -7.9130    0.0000 C   0  0  0  0  0  0  0  0  0  0  0  0
    6.1040   -7.5005    0.0000 C   0  0  0  0  0  0  0  0  0  0  0  0
    6.8185   -7.9130    0.0000 C   0  0  0  0  0  0  0  0  0  0  0  0
    6.8185   -8.7380    0.0000 C   0  0  0  0  0  0  0  0  0  0  0  0
    6.1040   -9.1505    0.0000 C   0  0  0  0  0  0  0  0  0  0  0  0
    4.1200   -8.3255    0.0000 C   0  0  0  0  0  0  0  0  0  0  0  0
    4.6049   -7.6580    0.0000 N   0  0  0  0  0  0  0  0  0  0  0  0
    5.3895   -8.7380    0.0000 C   0  0  0  0  0  0  0  0  0  0  0  0
    4.6049   -8.9929    0.0000 C   0  0  0  0  0  0  0  0  0  0  0  0
    4.3500   -6.8734    0.0000 C   0  0  0  0  0  0  0  0  0  0  0  0
    4.3500   -9.7775    0.0000 C   0  0  0  0  0  0  0  0  0  0  0  0
    4.9020  -10.3906    0.0000 C   0  0  0  0  0  0  0  0  0  0  0  0
    5.7090  -10.2191    0.0000 N   0  0  0  0  0  0  0  0  0  0  0  0
    4.6471  -11.1752    0.0000 C   0  0  0  0  0  0  0  0  0  0  0  0
    5.1991  -11.7883    0.0000 O   0  0  0  0  0  0  0  0  0  0  0  0
    3.8401  -11.3468    0.0000 O   0  0  0  0  0  0  0  0  0  0  0  0
  1  2  1  0
  2  3  2  0
  3  4  1  0
  4  5  2  0
  5  8  1  0
  7  1  1  0
  6  7  1  0
  8  9  1  0
  6  9  2  0
  1  8  2  0
  7 10  1  0
  9 11  1  0
 11 12  1  0
 12 13  1  1
 12 14  1  0
 14 15  1  0
 14 16  2  0
M  END
","InChI=1S/C12H14N2O2/c1-14-7-8(6-10(13)12(15)16)9-4-2-3-5-11(9)14/h2-5,7,10H,6,13H2,1H3,(H,15,16)/t10-/m1/s1",ZADWXFSZEAPBJS-SNVBAGLBSA-N,Cn1cc(C[C@@H](N)C(=O)O)c2ccccc21
88739,CHEMBL58323,LACOSAMIDE,BLOCKER,,CHEMBL2331043,Sodium channel alpha subunit,Brain Neoplasms,brain neoplasm,2.0,88739.0,250.3,0.45,3.0,2.0,67.43,6.0,N,0.0,250.3,1.0,18.0,0.77,C13H18N2O3,-0.66,86922196.0,88739.0,1040.0,88739.0,"
     RDKit          2D

 18 18  0  0  1  0  0  0  0  0999 V2000
    0.7667   -1.3292    0.0000 C   0  0  0  0  0  0  0  0  0  0  0  0
    1.3792   -1.6792    0.0000 C   0  0  0  0  0  0  0  0  0  0  0  0
    0.1542   -1.6792    0.0000 N   0  0  0  0  0  0  0  0  0  0  0  0
    2.0000   -1.3292    0.0000 N   0  0  0  0  0  0  0  0  0  0  0  0
   -0.4583   -1.3292    0.0000 C   0  0  0  0  0  0  0  0  0  0  0  0
    1.3792   -2.3917    0.0000 O   0  0  0  0  0  0  0  0  0  0  0  0
   -0.4583   -0.6167    0.0000 O   0  0  0  0  0  0  0  0  0  0  0  0
    2.6125   -1.6792    0.0000 C   0  0  0  0  0  0  0  0  0  0  0  0
    0.7667   -0.6167    0.0000 C   0  0  0  0  0  0  0  0  0  0  0  0
    3.2250   -1.3292    0.0000 C   0  0  0  0  0  0  0  0  0  0  0  0
    1.3792   -0.2667    0.0000 O   0  0  0  0  0  0  0  0  0  0  0  0
   -1.0708   -1.6792    0.0000 C   0  0  0  0  0  0  0  0  0  0  0  0
    3.8375   -1.6875    0.0000 C   0  0  0  0  0  0  0  0  0  0  0  0
    3.2167   -0.6250    0.0000 C   0  0  0  0  0  0  0  0  0  0  0  0
    1.3792    0.4458    0.0000 C   0  0  0  0  0  0  0  0  0  0  0  0
    4.4500   -1.3292    0.0000 C   0  0  0  0  0  0  0  0  0  0  0  0
    3.8292   -0.2667    0.0000 C   0  0  0  0  0  0  0  0  0  0  0  0
    4.4500   -0.6250    0.0000 C   0  0  0  0  0  0  0  0  0  0  0  0
  2  1  1  0
  3  1  1  0
  4  2  1  0
  5  3  1  0
  6  2  2  0
  7  5  2  0
  8  4  1  0
  1  9  1  6
 10  8  1  0
 11  9  1  0
 12  5  1  0
 13 10  2  0
 14 10  1  0
 15 11  1  0
 16 13  1  0
 17 14  2  0
 18 17  1  0
 18 16  2  0
M  END
","InChI=1S/C13H18N2O3/c1-10(16)15-12(9-18-2)13(17)14-8-11-6-4-3-5-7-11/h3-7,12H,8-9H2,1-2H3,(H,14,17)(H,15,16)/t12-/m1/s1",VPPJLAIAVCUEMN-GFCCVEGCSA-N,COC[C@@H](NC(C)=O)C(=O)NCc1ccccc1
586744,CHEMBL587723,AEE-788,INHIBITOR,,CHEMBL1824,Receptor tyrosine-protein kinase erbB-2,Glioblastoma,glioblastoma multiforme,1.0,586744.0,440.6,4.94,5.0,2.0,60.08,7.0,N,0.0,440.6,4.0,33.0,0.43,C27H32N6,-1.19,,,,586744.0,"
     RDKit          2D

 33 37  0  0  0  0  0  0  0  0999 V2000
   -2.8952    0.1401    0.0000 C   0  0  0  0  0  0  0  0  0  0  0  0
   -3.3077    0.8546    0.0000 C   0  0  0  0  0  0  0  0  0  0  0  0
   -4.1327    0.8546    0.0000 N   0  0  0  0  0  0  0  0  0  0  0  0
   -4.5452    1.5691    0.0000 C   0  0  0  0  0  0  0  0  0  0  0  0
   -5.3702    1.5691    0.0000 C   0  0  0  0  0  0  0  0  0  0  0  0
   -4.5452    0.1401    0.0000 C   0  0  0  0  0  0  0  0  0  0  0  0
   -4.1327   -0.5743    0.0000 C   0  0  0  0  0  0  0  0  0  0  0  0
   -3.3077   -0.5743    0.0000 N   0  0  0  0  0  0  0  0  0  0  0  0
   -2.8952   -1.2888    0.0000 C   0  0  0  0  0  0  0  0  0  0  0  0
   -2.0702   -1.2888    0.0000 C   0  0  0  0  0  0  0  0  0  0  0  0
   -1.6577   -2.0033    0.0000 C   0  0  0  0  0  0  0  0  0  0  0  0
   -0.8327   -2.0033    0.0000 C   0  0  0  0  0  0  0  0  0  0  0  0
   -1.6577   -0.5743    0.0000 C   0  0  0  0  0  0  0  0  0  0  0  0
   -0.8327   -0.5743    0.0000 C   0  0  0  0  0  0  0  0  0  0  0  0
   -0.4202   -1.2888    0.0000 C   0  0  0  0  0  0  0  0  0  0  0  0
    0.4048   -1.2888    0.0000 C   0  0  0  0  0  0  0  0  0  0  0  0
    0.8897   -1.9562    0.0000 N   0  0  0  0  0  0  0  0  0  0  0  0
    0.8897   -0.6214    0.0000 C   0  0  0  0  0  0  0  0  0  0  0  0
    1.6744   -0.8763    0.0000 C   0  0  0  0  0  0  0  0  0  0  0  0
    1.6744   -1.7013    0.0000 C   0  0  0  0  0  0  0  0  0  0  0  0
    2.3888   -2.1138    0.0000 N   0  0  0  0  0  0  0  0  0  0  0  0
    3.1033   -1.7013    0.0000 C   0  0  0  0  0  0  0  0  0  0  0  0
    3.1033   -0.8763    0.0000 N   0  0  0  0  0  0  0  0  0  0  0  0
    2.3888   -0.4638    0.0000 C   0  0  0  0  0  0  0  0  0  0  0  0
    2.3888    0.3612    0.0000 N   0  0  0  0  0  0  0  0  0  0  0  0
    3.1033    0.7737    0.0000 C   0  0  0  0  0  0  0  0  0  0  0  0
    3.8178    0.3612    0.0000 C   0  0  0  0  0  0  0  0  0  0  0  0
    3.1033    1.5987    0.0000 C   0  0  0  0  0  0  0  0  0  0  0  0
    3.8178    2.0112    0.0000 C   0  0  0  0  0  0  0  0  0  0  0  0
    3.8178    2.8362    0.0000 C   0  0  0  0  0  0  0  0  0  0  0  0
    3.1033    3.2487    0.0000 C   0  0  0  0  0  0  0  0  0  0  0  0
    2.3888    2.8362    0.0000 C   0  0  0  0  0  0  0  0  0  0  0  0
    2.3888    2.0112    0.0000 C   0  0  0  0  0  0  0  0  0  0  0  0
  2  1  1  0
  1  8  1  0
  2  3  1  0
  4  3  1  0
  6  3  1  0
  5  4  1  0
  6  7  1  0
  7  8  1  0
  9  8  1  0
  9 10  1  0
 11 10  2  0
 13 10  1  0
 11 12  1  0
 12 15  2  0
 13 14  2  0
 14 15  1  0
 15 16  1  0
 16 17  1  0
 18 16  2  0
 20 17  1  0
 19 18  1  0
 20 19  2  0
 19 24  1  0
 20 21  1  0
 22 21  2  0
 22 23  1  0
 24 23  2  0
 24 25  1  0
 26 25  1  0
 26 27  1  1
 28 26  1  0
 29 28  2  0
 33 28  1  0
 30 29  1  0
 31 30  2  0
 31 32  1  0
 32 33  2  0
M  END
","InChI=1S/C27H32N6/c1-3-32-13-15-33(16-14-32)18-21-9-11-23(12-10-21)25-17-24-26(28-19-29-27(24)31-25)30-20(2)22-7-5-4-6-8-22/h4-12,17,19-20H,3,13-16,18H2,1-2H3,(H2,28,29,30,31)/t20-/m1/s1",OONFNUWBHFSNBT-HXUWFJFHSA-N,CCN1CCN(Cc2ccc(-c3cc4c(N[C@H](C)c5ccccc5)ncnc4[nH]3)cc2)CC1
602271,CHEMBL601719,CRIZOTINIB,INHIBITOR,,CHEMBL2111387,NPM/ALK (Nucleophosmin/ALK tyrosine kinase receptor),Diffuse Intrinsic Pontine Glioma,diffuse intrinsic pontine glioma,1.0,602271.0,450.35,5.04,6.0,2.0,77.99,5.0,N,1.0,450.35,3.0,30.0,0.53,C21H22Cl2FN5O,-0.99,84377397.0,602271.0,98.0,602271.0,"
     RDKit          2D

 30 33  0  0  0  0  0  0  0  0999 V2000
    0.5258    3.6222    0.0000 Cl  0  0  0  0  0  0  0  0  0  0  0  0
    1.2403    3.2097    0.0000 C   0  0  0  0  0  0  0  0  0  0  0  0
    1.9547    3.6222    0.0000 C   0  0  0  0  0  0  0  0  0  0  0  0
    2.6692    3.2097    0.0000 C   0  0  0  0  0  0  0  0  0  0  0  0
    2.6692    2.3847    0.0000 C   0  0  0  0  0  0  0  0  0  0  0  0
    3.3837    1.9722    0.0000 F   0  0  0  0  0  0  0  0  0  0  0  0
    1.2403    2.3847    0.0000 C   0  0  0  0  0  0  0  0  0  0  0  0
    1.9547    1.9722    0.0000 C   0  0  0  0  0  0  0  0  0  0  0  0
    1.9547    1.1472    0.0000 Cl  0  0  0  0  0  0  0  0  0  0  0  0
    0.5258    1.9722    0.0000 C   0  0  0  0  0  0  0  0  0  0  0  0
   -0.1887    2.3847    0.0000 C   0  0  0  0  0  0  0  0  0  0  0  0
    0.5258    1.1472    0.0000 O   0  0  0  0  0  0  0  0  0  0  0  0
   -0.1887    0.7347    0.0000 C   0  0  0  0  0  0  0  0  0  0  0  0
   -0.1887   -0.0903    0.0000 C   0  0  0  0  0  0  0  0  0  0  0  0
   -0.9031    1.1472    0.0000 C   0  0  0  0  0  0  0  0  0  0  0  0
   -0.9031    1.9722    0.0000 N   0  0  0  0  0  0  0  0  0  0  0  0
   -1.6176    0.7347    0.0000 N   0  0  0  0  0  0  0  0  0  0  0  0
   -1.6176   -0.0903    0.0000 C   0  0  0  0  0  0  0  0  0  0  0  0
   -0.9031   -0.5028    0.0000 C   0  0  0  0  0  0  0  0  0  0  0  0
   -0.9031   -1.3278    0.0000 C   0  0  0  0  0  0  0  0  0  0  0  0
   -0.2357   -1.8128    0.0000 C   0  0  0  0  0  0  0  0  0  0  0  0
   -1.5706   -1.8128    0.0000 C   0  0  0  0  0  0  0  0  0  0  0  0
   -1.3156   -2.5974    0.0000 N   0  0  0  0  0  0  0  0  0  0  0  0
   -0.4906   -2.5974    0.0000 N   0  0  0  0  0  0  0  0  0  0  0  0
   -1.8006   -3.2648    0.0000 C   0  0  0  0  0  0  0  0  0  0  0  0
   -1.4650   -4.0185    0.0000 C   0  0  0  0  0  0  0  0  0  0  0  0
   -1.9499   -4.6859    0.0000 C   0  0  0  0  0  0  0  0  0  0  0  0
   -2.7704   -4.5997    0.0000 N   0  0  0  0  0  0  0  0  0  0  0  0
   -3.1060   -3.8460    0.0000 C   0  0  0  0  0  0  0  0  0  0  0  0
   -2.6210   -3.1786    0.0000 C   0  0  0  0  0  0  0  0  0  0  0  0
  2  1  1  0
  2  3  1  0
  2  7  2  0
  4  3  2  0
  5  4  1  0
  5  6  1  0
  5  8  2  0
  7  8  1  0
  7 10  1  0
  8  9  1  0
 10 11  1  6
 10 12  1  0
 13 12  1  0
 13 14  2  0
 13 15  1  0
 19 14  1  0
 15 16  1  0
 15 17  2  0
 18 17  1  0
 19 18  2  0
 19 20  1  0
 20 21  1  0
 20 22  2  0
 21 24  2  0
 22 23  1  0
 24 23  1  0
 25 23  1  0
 25 26  1  0
 25 30  1  0
 27 26  1  0
 27 28  1  0
 29 28  1  0
 29 30  1  0
M  END
","InChI=1S/C21H22Cl2FN5O/c1-12(19-16(22)2-3-17(24)20(19)23)30-18-8-13(9-27-21(18)25)14-10-28-29(11-14)15-4-6-26-7-5-15/h2-3,8-12,15,26H,4-7H2,1H3,(H2,25,27)/t12-/m1/s1",KTEIFNKAUNYNJU-GFCCVEGCSA-N,C[C@@H](Oc1cc(-c2cnn(C3CCNCC3)c2)cnc1N)c1c(Cl)ccc(F)c1Cl
3283491,CHEMBL6068000,IDROXIOLEIC ACID,DISRUPTING AGENT,,CHEMBL3390826,Cell membrane,Glioblastoma,glioblastoma multiforme,2.0,3283491.0,298.47,5.08,2.0,2.0,57.53,15.0,N,1.0,298.47,0.0,21.0,0.33,C18H34O3,1.25,83725704.0,3283491.0,32.0,3283491.0,"
     RDKit          2D

 21 20  0  0  0  0  0  0  0  0999 V2000
   -3.9465   -1.2811    0.0000 C   0  0  0  0  0  0  0  0  0  0  0  0
   -3.9917   -0.4573    0.0000 C   0  0  0  0  0  0  0  0  0  0  0  0
   -3.3010   -0.0063    0.0000 C   0  0  0  0  0  0  0  0  0  0  0  0
   -3.3462    0.8175    0.0000 C   0  0  0  0  0  0  0  0  0  0  0  0
   -2.6554    1.2685    0.0000 C   0  0  0  0  0  0  0  0  0  0  0  0
   -2.7007    2.0923    0.0000 C   0  0  0  0  0  0  0  0  0  0  0  0
   -2.0099    2.5433    0.0000 C   0  0  0  0  0  0  0  0  0  0  0  0
   -2.0551    3.3671    0.0000 C   0  0  0  0  0  0  0  0  0  0  0  0
   -1.3505    3.7962    0.0000 C   0  0  0  0  0  0  0  0  0  0  0  0
   -0.6394    3.3778    0.0000 C   0  0  0  0  0  0  0  0  0  0  0  0
    0.0784    3.7845    0.0000 C   0  0  0  0  0  0  0  0  0  0  0  0
    0.7895    3.3662    0.0000 C   0  0  0  0  0  0  0  0  0  0  0  0
    1.5073    3.7728    0.0000 C   0  0  0  0  0  0  0  0  0  0  0  0
    2.2184    3.3545    0.0000 C   0  0  0  0  0  0  0  0  0  0  0  0
    2.9362    3.7611    0.0000 C   0  0  0  0  0  0  0  0  0  0  0  0
    3.6473    3.3428    0.0000 C   0  0  0  0  0  0  0  0  0  0  0  0
    4.3651    3.7494    0.0000 C   0  0  0  0  0  0  0  0  0  0  0  0
    5.0762    3.3311    0.0000 O   0  0  0  0  0  0  0  0  0  0  0  0
   -4.6373   -1.7321    0.0000 C   0  0  0  0  0  0  0  0  0  0  0  0
    3.6406    2.5178    0.0000 O   0  0  0  0  0  0  0  0  0  0  0  0
    4.3719    4.5744    0.0000 O   0  0  0  0  0  0  0  0  0  0  0  0
  1  2  1  0
  2  3  1  0
  3  4  1  0
  4  5  1  0
  5  6  1  0
  6  7  1  0
  7  8  1  0
  9 10  1  0
 10 11  1  0
 11 12  1  0
 12 13  1  0
 13 14  1  0
 14 15  1  0
 15 16  1  0
 16 17  1  0
 17 18  1  0
  9  8  2  0
  1 19  1  0
 16 20  1  0
 17 21  2  0
M  END
","InChI=1S/C18H34O3/c1-2-3-4-5-6-7-8-9-10-11-12-13-14-15-16-17(19)18(20)21/h9-10,17,19H,2-8,11-16H2,1H3,(H,20,21)/b10-9-",JBSOOFITVPOOSY-KTKRTIGZSA-N,CCCCCCCC/C=C\CCCCCCC(O)C(=O)O
609761,CHEMBL607400,BRIVARACETAM,MODULATOR,,CHEMBL1998,Synaptic vesicle glycoprotein 2A,Brain Neoplasms,brain neoplasm,0.5,609761.0,212.29,0.9,2.0,1.0,63.4,5.0,N,0.0,212.29,0.0,15.0,0.74,C11H20N2O2,-0.14,,,,609761.0,"
     RDKit          2D

 15 15  0  0  0  0  0  0  0  0999 V2000
   -4.8938    3.2595    0.0000 C   0  0  0  0  0  0  0  0  0  0  0  0
   -5.7142    3.1733    0.0000 C   0  0  0  0  0  0  0  0  0  0  0  0
   -5.8857    2.3664    0.0000 C   0  0  0  0  0  0  0  0  0  0  0  0
   -5.1713    1.9539    0.0000 N   0  0  0  0  0  0  0  0  0  0  0  0
   -4.5582    2.5059    0.0000 C   0  0  0  0  0  0  0  0  0  0  0  0
   -6.2663    3.7864    0.0000 C   0  0  0  0  0  0  0  0  0  0  0  0
   -7.0632    3.5729    0.0000 C   0  0  0  0  0  0  0  0  0  0  0  0
   -7.6465    4.1562    0.0000 C   0  0  0  0  0  0  0  0  0  0  0  0
   -5.0850    1.1334    0.0000 C   0  0  0  0  0  0  0  0  0  0  0  0
   -4.3314    0.7978    0.0000 C   0  0  0  0  0  0  0  0  0  0  0  0
   -5.7525    0.6485    0.0000 C   0  0  0  0  0  0  0  0  0  0  0  0
   -4.2451   -0.0227    0.0000 O   0  0  0  0  0  0  0  0  0  0  0  0
   -3.6639    1.2827    0.0000 N   0  0  0  0  0  0  0  0  0  0  0  0
   -6.5494    0.8620    0.0000 C   0  0  0  0  0  0  0  0  0  0  0  0
   -3.7512    2.3343    0.0000 O   0  0  0  0  0  0  0  0  0  0  0  0
  1  2  1  0
  1  5  1  0
  2  3  1  0
  3  4  1  0
  4  5  1  0
  2  6  1  6
  6  7  1  0
  7  8  1  0
  9  4  1  6
  9 10  1  0
  9 11  1  0
 10 12  2  0
 10 13  1  0
 11 14  1  0
  5 15  2  0
M  END
","InChI=1S/C11H20N2O2/c1-3-5-8-6-10(14)13(7-8)9(4-2)11(12)15/h8-9H,3-7H2,1-2H3,(H2,12,15)/t8-,9+/m1/s1",MSYKRHVOOPPJKU-BDAKNGLRSA-N,CCC[C@@H]1CC(=O)N([C@@H](CC)C(N)=O)C1
23199,CHEMBL612,DEXTROAMPHETAMINE,INHIBITOR,,CHEMBL1893,Synaptic vesicular amine transporter,Paraganglioma,Paraganglioma,3.0,23199.0,135.21,1.58,1.0,1.0,26.02,2.0,Y,0.0,135.21,1.0,10.0,0.65,C9H13N,-0.02,,,,23199.0,"
     RDKit          2D

 10 10  0  0  1  0  0  0  0  0999 V2000
    0.5625    1.3583    0.0000 C   0  0  0  0  0  0  0  0  0  0  0  0
    3.0417    1.3625    0.0000 N   0  0  0  0  0  0  0  0  0  0  0  0
   -0.6708    0.6333    0.0000 C   0  0  0  0  0  0  0  0  0  0  0  0
    1.8042    0.6458    0.0000 C   0  0  0  0  0  0  0  0  0  0  0  0
   -1.9125    1.3458    0.0000 C   0  0  0  0  0  0  0  0  0  0  0  0
   -0.6708   -0.8042    0.0000 C   0  0  0  0  0  0  0  0  0  0  0  0
    1.8125   -0.7875    0.0000 C   0  0  0  0  0  0  0  0  0  0  0  0
   -3.1458    0.6250    0.0000 C   0  0  0  0  0  0  0  0  0  0  0  0
   -1.9083   -1.5250    0.0000 C   0  0  0  0  0  0  0  0  0  0  0  0
   -3.1500   -0.8042    0.0000 C   0  0  0  0  0  0  0  0  0  0  0  0
  4  2  1  1
  3  1  1  0
  4  1  1  0
  5  3  2  0
  6  3  1  0
  7  4  1  0
  8  5  1  0
  9  6  2  0
 10  9  1  0
  8 10  2  0
M  END","InChI=1S/C9H13N/c1-8(10)7-9-5-3-2-4-6-9/h2-6,8H,7,10H2,1H3/t8-/m0/s1",KWTSXDURSIMDCE-QMMMGPOBSA-N,C[C@H](N)Cc1ccccc1
92577,CHEMBL61872,TALAMPANEL,ANTAGONIST,,CHEMBL2009,Glutamate receptor 1,Astrocytoma,anaplastic astrocytoma,2.0,92577.0,337.38,2.54,5.0,1.0,77.15,1.0,N,0.0,337.38,2.0,25.0,0.81,C19H19N3O3,-0.04,84200074.0,92577.0,66.0,92577.0,"
     RDKit          2D

 25 28  0  0  1  0  0  0  0  0999 V2000
    1.5500    0.9000    0.0000 N   0  0  0  0  0  0  0  0  0  0  0  0
    2.0000    1.8458    0.0000 N   0  0  0  0  0  0  0  0  0  0  0  0
    0.5292    0.6708    0.0000 C   0  0  0  0  0  0  0  0  0  0  0  0
   -0.2833    1.3208    0.0000 C   0  0  0  0  0  0  0  0  0  0  0  0
   -0.2833    2.3625    0.0000 C   0  0  0  0  0  0  0  0  0  0  0  0
   -1.1875    0.7958    0.0000 C   0  0  0  0  0  0  0  0  0  0  0  0
    3.0417    1.8458    0.0000 C   0  0  0  0  0  0  0  0  0  0  0  0
    1.5500    2.7833    0.0000 C   0  0  0  0  0  0  0  0  0  0  0  0
   -2.0958    1.3208    0.0000 C   0  0  0  0  0  0  0  0  0  0  0  0
   -2.0958    2.3625    0.0000 C   0  0  0  0  0  0  0  0  0  0  0  0
    0.5292    3.0208    0.0000 C   0  0  0  0  0  0  0  0  0  0  0  0
   -1.1875    2.8833    0.0000 C   0  0  0  0  0  0  0  0  0  0  0  0
    0.3000   -0.3500    0.0000 C   0  0  0  0  0  0  0  0  0  0  0  0
   -3.0833    1.0000    0.0000 O   0  0  0  0  0  0  0  0  0  0  0  0
   -3.0833    2.6833    0.0000 O   0  0  0  0  0  0  0  0  0  0  0  0
   -3.7000    1.8458    0.0000 C   0  0  0  0  0  0  0  0  0  0  0  0
    3.6167    0.8833    0.0000 O   0  0  0  0  0  0  0  0  0  0  0  0
   -0.7000   -0.6542    0.0000 C   0  0  0  0  0  0  0  0  0  0  0  0
    1.0625   -1.0542    0.0000 C   0  0  0  0  0  0  0  0  0  0  0  0
   -0.1625   -2.3792    0.0000 C   0  0  0  0  0  0  0  0  0  0  0  0
   -0.4000   -3.4000    0.0000 N   0  0  0  0  0  0  0  0  0  0  0  0
   -0.9333   -1.6750    0.0000 C   0  0  0  0  0  0  0  0  0  0  0  0
    0.8292   -2.0750    0.0000 C   0  0  0  0  0  0  0  0  0  0  0  0
    3.5792    2.7375    0.0000 C   0  0  0  0  0  0  0  0  0  0  0  0
    2.1917    3.5958    0.0000 C   0  0  0  0  0  0  0  0  0  0  0  0
  2  1  1  0
  3  1  2  0
  4  3  1  0
  5  4  2  0
  6  4  1  0
  7  2  1  0
  8  2  1  0
  9  6  2  0
 10  9  1  0
 11  8  1  0
 12  5  1  0
 13  3  1  0
 14  9  1  0
 15 10  1  0
 16 14  1  0
 17  7  2  0
 18 13  1  0
 19 13  2  0
 20 23  2  0
 21 20  1  0
 22 18  2  0
 23 19  1  0
 24  7  1  0
  8 25  1  1
  5 11  1  0
 22 20  1  0
 12 10  2  0
 15 16  1  0
M  END
","InChI=1S/C19H19N3O3/c1-11-7-14-8-17-18(25-10-24-17)9-16(14)19(21-22(11)12(2)23)13-3-5-15(20)6-4-13/h3-6,8-9,11H,7,10,20H2,1-2H3/t11-/m1/s1",JACAAXNEHGBPOQ-LLVKDONJSA-N,CC(=O)N1N=C(c2ccc(N)cc2)c2cc3c(cc2C[C@H]1C)OCO3
27229,CHEMBL635,PREDNISONE,AGONIST,,CHEMBL2034,Glucocorticoid receptor,Brain Neoplasms,brain neoplasm,4.0,27229.0,358.43,1.77,5.0,2.0,91.67,2.0,N,0.0,358.43,0.0,26.0,0.78,C21H26O5,2.27,86263797.0,27229.0,1029.0,27229.0,"
     RDKit          2D

 29 32  0  0  0  0  0  0  0  0999 V2000
    2.0440    1.7885    0.0000 C   0  0  0  0  0  0  0  0  0  0  0  0
   -1.6790   -0.3832    0.0000 C   0  0  0  0  0  0  0  0  0  0  0  0
    3.3032    2.5367    0.0000 C   0  0  0  0  0  0  0  0  0  0  0  0
   -0.4380    0.3285    0.0000 C   0  0  0  0  0  0  0  0  0  0  0  0
    0.8030   -0.3650    0.0000 C   0  0  0  0  0  0  0  0  0  0  0  0
    2.0440    0.3467    0.0000 C   0  0  0  0  0  0  0  0  0  0  0  0
   -0.4562    1.7885    0.0000 C   0  0  0  0  0  0  0  0  0  0  0  0
   -1.6790   -1.8250    0.0000 C   0  0  0  0  0  0  0  0  0  0  0  0
    0.8030    2.5185    0.0000 C   0  0  0  0  0  0  0  0  0  0  0  0
   -2.9565    0.3102    0.0000 C   0  0  0  0  0  0  0  0  0  0  0  0
   -2.9382   -2.5732    0.0000 C   0  0  0  0  0  0  0  0  0  0  0  0
    4.5993    3.2532    0.0000 C   0  0  0  0  0  0  0  0  0  0  0  0
    4.5625    1.8067    0.0000 C   0  0  0  0  0  0  0  0  0  0  0  0
    4.5625    0.3285    0.0000 C   0  0  0  0  0  0  0  0  0  0  0  0
    0.8212   -1.8067    0.0000 C   0  0  0  0  0  0  0  0  0  0  0  0
   -4.1792   -0.4015    0.0000 C   0  0  0  0  0  0  0  0  0  0  0  0
   -4.1792   -1.8432    0.0000 C   0  0  0  0  0  0  0  0  0  0  0  0
   -0.4197   -2.5550    0.0000 C   0  0  0  0  0  0  0  0  0  0  0  0
   -1.4997    2.3811    0.0000 O   0  0  0  0  0  0  0  0  0  0  0  0
    4.5927    4.4532    0.0000 O   0  0  0  0  0  0  0  0  0  0  0  0
   -5.2209   -2.4390    0.0000 O   0  0  0  0  0  0  0  0  0  0  0  0
    2.2469    3.1060    0.0000 O   0  0  0  0  0  0  0  0  0  0  0  0
    1.0061    1.1862    0.0000 C   0  0  0  0  0  0  0  0  0  0  0  0
   -1.6930    0.8167    0.0000 C   0  0  0  0  0  0  0  0  0  0  0  0
    5.9034    2.5103    0.0000 C   0  0  0  0  0  0  0  0  0  0  0  0
    6.9395    3.1157    0.0000 O   0  0  0  0  0  0  0  0  0  0  0  0
   -0.4332   -0.6715    0.0000 H   0  0  0  0  0  0  0  0  0  0  0  0
    1.6715   -0.8608    0.0000 H   0  0  0  0  0  0  0  0  0  0  0  0
    2.2979   -0.6205    0.0000 H   0  0  0  0  0  0  0  0  0  0  0  0
  2  4  1  0
  3  1  1  0
  4  7  1  0
  5  6  1  0
  6  1  1  0
  7  9  1  0
  8  2  1  0
  9  1  1  0
 10  2  1  0
 11  8  2  0
  3 12  1  1
 13  3  1  0
 14  6  1  0
 15  5  1  0
 16 10  2  0
 17 11  1  0
 18 15  1  0
 19  7  2  0
 20 12  2  0
 21 17  2  0
 22  3  1  0
  1 23  1  1
  2 24  1  1
 25 12  1  0
 26 25  1  0
  4 27  1  6
  5 28  1  1
  6 29  1  6
 13 14  1  0
  4  5  1  0
 18  8  1  0
 16 17  1  0
M  END","InChI=1S/C21H26O5/c1-19-7-5-13(23)9-12(19)3-4-14-15-6-8-21(26,17(25)11-22)20(15,2)10-16(24)18(14)19/h5,7,9,14-15,18,22,26H,3-4,6,8,10-11H2,1-2H3/t14-,15-,18+,19-,20-,21-/m0/s1",XOFYZVNMUHMLCC-ZPOLXVRWSA-N,C[C@]12C=CC(=O)C=C1CC[C@@H]1[C@@H]2C(=O)C[C@@]2(C)[C@H]1CC[C@]2(O)C(=O)CO
97867,CHEMBL64391,ITRACONAZOLE,INHIBITOR,,CHEMBL1780,Lanosterol 14-alpha demethylase,Glioblastoma,glioblastoma multiforme,1.0,97867.0,705.65,5.58,12.0,0.0,104.7,11.0,N,3.0,705.65,5.0,49.0,0.17,C35H38Cl2N8O4,-0.54,86055724.0,97867.0,350.0,97867.0,"
     RDKit          2D

 49 55  0  0  0  0  0  0  0  0999 V2000
   28.3333  -10.8801    0.0000 N   0  0  0  0  0  0  0  0  0  0  0  0
   28.4208  -11.6966    0.0000 C   0  0  0  0  0  0  0  0  0  0  0  0
   18.8694   -5.7608    0.0000 C   0  0  0  0  0  0  0  0  0  0  0  0
   29.2330  -11.8673    0.0000 N   0  0  0  0  0  0  0  0  0  0  0  0
   29.6454  -11.1550    0.0000 N   0  0  0  0  0  0  0  0  0  0  0  0
   29.0830  -10.5468    0.0000 C   0  0  0  0  0  0  0  0  0  0  0  0
   19.2943   -5.0610    0.0000 C   0  0  0  0  0  0  0  0  0  0  0  0
   18.0696   -5.5484    0.0000 C   0  0  0  0  0  0  0  0  0  0  0  0
   19.6733   -5.9357    0.0000 O   0  0  0  0  0  0  0  0  0  0  0  0
   17.4865   -6.1357    0.0000 N   0  0  0  0  0  0  0  0  0  0  0  0
   16.2993   -6.7355    0.0000 N   0  0  0  0  0  0  0  0  0  0  0  0
   18.4570   -6.4856    0.0000 O   0  0  0  0  0  0  0  0  0  0  0  0
   24.0553   -8.4100    0.0000 N   0  0  0  0  0  0  0  0  0  0  0  0
   25.4800   -9.2348    0.0000 N   0  0  0  0  0  0  0  0  0  0  0  0
   18.8944   -4.3487    0.0000 C   0  0  0  0  0  0  0  0  0  0  0  0
   17.6114   -6.9479    0.0000 N   0  0  0  0  0  0  0  0  0  0  0  0
   27.6210  -10.4719    0.0000 C   0  0  0  0  0  0  0  0  0  0  0  0
   16.8825   -7.3229    0.0000 C   0  0  0  0  0  0  0  0  0  0  0  0
   16.6742   -5.9982    0.0000 C   0  0  0  0  0  0  0  0  0  0  0  0
   20.1190   -5.0859    0.0000 C   0  0  0  0  0  0  0  0  0  0  0  0
   27.8084  -12.2547    0.0000 O   0  0  0  0  0  0  0  0  0  0  0  0
   19.3193   -3.6365    0.0000 C   0  0  0  0  0  0  0  0  0  0  0  0
   26.1922   -9.6472    0.0000 C   0  0  0  0  0  0  0  0  0  0  0  0
   23.3347   -7.9976    0.0000 C   0  0  0  0  0  0  0  0  0  0  0  0
   19.7608   -6.7605    0.0000 C   0  0  0  0  0  0  0  0  0  0  0  0
   24.7593   -9.6472    0.0000 C   0  0  0  0  0  0  0  0  0  0  0  0
   24.0553   -9.2348    0.0000 C   0  0  0  0  0  0  0  0  0  0  0  0
   25.4800   -8.4100    0.0000 C   0  0  0  0  0  0  0  0  0  0  0  0
   24.7677   -7.9851    0.0000 C   0  0  0  0  0  0  0  0  0  0  0  0
   29.5704  -12.6213    0.0000 C   0  0  0  0  0  0  0  0  0  0  0  0
   26.8962  -10.8842    0.0000 C   0  0  0  0  0  0  0  0  0  0  0  0
   27.6210   -9.6472    0.0000 C   0  0  0  0  0  0  0  0  0  0  0  0
   26.1922  -10.4719    0.0000 C   0  0  0  0  0  0  0  0  0  0  0  0
   26.8962   -9.2348    0.0000 C   0  0  0  0  0  0  0  0  0  0  0  0
   19.0068   -7.0979    0.0000 C   0  0  0  0  0  0  0  0  0  0  0  0
   22.6183   -8.4100    0.0000 C   0  0  0  0  0  0  0  0  0  0  0  0
   23.3347   -7.1604    0.0000 C   0  0  0  0  0  0  0  0  0  0  0  0
   20.1482   -3.6490    0.0000 C   0  0  0  0  0  0  0  0  0  0  0  0
   18.0696   -4.3362    0.0000 Cl  0  0  0  0  0  0  0  0  0  0  0  0
   21.1937   -6.7605    0.0000 O   0  0  0  0  0  0  0  0  0  0  0  0
   20.5439   -4.3737    0.0000 C   0  0  0  0  0  0  0  0  0  0  0  0
   21.9060   -7.1729    0.0000 C   0  0  0  0  0  0  0  0  0  0  0  0
   20.4814   -7.1729    0.0000 C   0  0  0  0  0  0  0  0  0  0  0  0
   22.6183   -6.7605    0.0000 C   0  0  0  0  0  0  0  0  0  0  0  0
   21.9060   -7.9976    0.0000 C   0  0  0  0  0  0  0  0  0  0  0  0
   20.5731   -2.9491    0.0000 Cl  0  0  0  0  0  0  0  0  0  0  0  0
   30.3827  -12.7045    0.0000 C   0  0  0  0  0  0  0  0  0  0  0  0
   29.0830  -13.2919    0.0000 C   0  0  0  0  0  0  0  0  0  0  0  0
   30.8700  -12.0422    0.0000 C   0  0  0  0  0  0  0  0  0  0  0  0
  2  1  1  0
  3  9  1  0
  4  2  1  0
  5  6  2  0
  6  1  1  0
  7  3  1  0
  8  3  1  0
  9 25  1  0
 10  8  1  0
 11 19  2  0
 12 35  1  0
 13 29  1  0
 14 23  1  0
 15  7  1  0
 16 10  1  0
 17  1  1  0
 18 16  2  0
 19 10  1  0
 20  7  2  0
 21  2  2  0
 22 15  2  0
 23 34  1  0
 24 13  1  0
 25 43  1  0
 26 14  1  0
 27 26  1  0
 28 14  1  0
 29 28  1  0
 30  4  1  0
 31 17  2  0
 32 17  1  0
 33 31  1  0
 34 32  2  0
 35 25  1  0
 36 24  2  0
 37 24  1  0
 38 41  2  0
 39 15  1  0
 40 42  1  0
 41 20  1  0
 42 44  1  0
 43 40  1  0
 44 37  2  0
 45 36  1  0
 46 38  1  0
 47 30  1  0
 48 30  1  0
 49 47  1  0
  5  4  1  0
 33 23  2  0
 27 13  1  0
 45 42  2  0
 12  3  1  0
 18 11  1  0
 38 22  1  0
M  END
","InChI=1S/C35H38Cl2N8O4/c1-3-25(2)45-34(46)44(24-40-45)29-7-5-27(6-8-29)41-14-16-42(17-15-41)28-9-11-30(12-10-28)47-19-31-20-48-35(49-31,21-43-23-38-22-39-43)32-13-4-26(36)18-33(32)37/h4-13,18,22-25,31H,3,14-17,19-21H2,1-2H3",VHVPQPYKVGDNFY-UHFFFAOYSA-N,CCC(C)n1ncn(-c2ccc(N3CCN(c4ccc(OCC5COC(Cn6cncn6)(c6ccc(Cl)cc6Cl)O5)cc4)CC3)cc2)c1=O
27610,CHEMBL654,MIRTAZAPINE,ANTAGONIST,,CHEMBL2095158,Adrenergic receptor alpha-2,Paraganglioma,Paraganglioma,2.0,27610.0,265.36,2.48,3.0,0.0,19.37,0.0,Y,0.0,265.36,2.0,20.0,0.73,C17H19N3,-0.78,,,,27610.0,"
     RDKit          2D

 20 23  0  0  0  0  0  0  0  0999 V2000
    4.7292   -5.5167    0.0000 N   0  0  0  0  0  0  0  0  0  0  0  0
    5.4417   -5.5167    0.0000 C   0  0  0  0  0  0  0  0  0  0  0  0
    4.2792   -5.0167    0.0000 C   0  0  0  0  0  0  0  0  0  0  0  0
    5.8542   -4.9167    0.0000 C   0  0  0  0  0  0  0  0  0  0  0  0
    4.4250   -4.2542    0.0000 C   0  0  0  0  0  0  0  0  0  0  0  0
    5.7125   -4.2500    0.0000 C   0  0  0  0  0  0  0  0  0  0  0  0
    4.3875   -6.1292    0.0000 C   0  0  0  0  0  0  0  0  0  0  0  0
    5.0417   -3.9292    0.0000 C   0  0  0  0  0  0  0  0  0  0  0  0
    5.4292   -6.7375    0.0000 N   0  0  0  0  0  0  0  0  0  0  0  0
    5.7917   -6.1167    0.0000 C   0  0  0  0  0  0  0  0  0  0  0  0
    3.6167   -5.2292    0.0000 N   0  0  0  0  0  0  0  0  0  0  0  0
    4.7042   -6.7375    0.0000 C   0  0  0  0  0  0  0  0  0  0  0  0
    6.5542   -5.1250    0.0000 C   0  0  0  0  0  0  0  0  0  0  0  0
    3.8667   -3.8417    0.0000 C   0  0  0  0  0  0  0  0  0  0  0  0
    5.7542   -7.4417    0.0000 C   0  0  0  0  0  0  0  0  0  0  0  0
    6.2042   -3.7500    0.0000 C   0  0  0  0  0  0  0  0  0  0  0  0
    3.0875   -4.7792    0.0000 C   0  0  0  0  0  0  0  0  0  0  0  0
    3.2292   -4.0917    0.0000 C   0  0  0  0  0  0  0  0  0  0  0  0
    7.0542   -4.6500    0.0000 C   0  0  0  0  0  0  0  0  0  0  0  0
    6.8875   -3.9625    0.0000 C   0  0  0  0  0  0  0  0  0  0  0  0
  2  1  1  0
  3  1  1  0
  4  2  1  0
  5  3  2  0
  6  4  2  0
  7  1  1  0
  8  5  1  0
  9 12  1  0
 10  2  1  0
 11  3  1  0
 12  7  1  0
 13  4  1  0
 14  5  1  0
 15  9  1  0
 16  6  1  0
 17 11  2  0
 18 17  1  0
 19 13  2  0
 20 19  1  0
  9 10  1  0
  8  6  1  0
 18 14  2  0
 20 16  2  0
M  END
","InChI=1S/C17H19N3/c1-19-9-10-20-16(12-19)15-7-3-2-5-13(15)11-14-6-4-8-18-17(14)20/h2-8,16H,9-12H2,1H3",RONZAEMNMFQXRA-UHFFFAOYSA-N,CN1CCN2c3ncccc3Cc3ccccc3C2C1
28310,CHEMBL671,THIOTEPA,INHIBITOR,,CHEMBL2311221,DNA,Brain Neoplasms,brain neoplasm,3.0,28310.0,189.22,0.16,1.0,0.0,9.03,3.0,Y,0.0,189.22,0.0,11.0,0.46,C6H12N3PS,-0.06,83752923.0,28310.0,37.0,28310.0,"
     RDKit          2D

 11 13  0  0  0  0  0  0  0  0999 V2000
    2.4917   -7.2500    0.0000 P   0  0  0  0  0  0  0  0  0  0  0  0
    3.1083   -7.6000    0.0000 N   0  0  0  0  0  0  0  0  0  0  0  0
    1.8833   -7.6042    0.0000 N   0  0  0  0  0  0  0  0  0  0  0  0
    2.4917   -7.9542    0.0000 N   0  0  0  0  0  0  0  0  0  0  0  0
    2.1333   -8.5667    0.0000 C   0  0  0  0  0  0  0  0  0  0  0  0
    2.8417   -8.5708    0.0000 C   0  0  0  0  0  0  0  0  0  0  0  0
    1.1750   -7.6125    0.0000 C   0  0  0  0  0  0  0  0  0  0  0  0
    1.5333   -8.2250    0.0000 C   0  0  0  0  0  0  0  0  0  0  0  0
    3.4667   -8.2083    0.0000 C   0  0  0  0  0  0  0  0  0  0  0  0
    3.8167   -7.5917    0.0000 C   0  0  0  0  0  0  0  0  0  0  0  0
    2.4917   -6.5417    0.0000 S   0  0  0  0  0  0  0  0  0  0  0  0
  2  1  1  0
  3  1  1  0
  4  1  1  0
  5  4  1  0
  6  4  1  0
  7  3  1  0
  8  3  1  0
  9  2  1  0
 10  2  1  0
 11  1  2  0
  5  6  1  0
  7  8  1  0
  9 10  1  0
M  END
","InChI=1S/C6H12N3PS/c11-10(7-1-2-7,8-3-4-8)9-5-6-9/h1-6H2",FOCVUCIESVLUNU-UHFFFAOYSA-N,S=P(N1CC1)(N1CC1)N1CC1
29637,CHEMBL685,MEBENDAZOLE,INHIBITOR,Beta tubulin,CHEMBL2364704,Tubulin,Glioma,malignant glioma,1.0,29637.0,295.3,2.97,4.0,2.0,84.08,3.0,N,0.0,295.3,3.0,22.0,0.73,C16H13N3O3,-0.93,86263915.0,29637.0,1029.0,29637.0,"
     RDKit          2D

 22 24  0  0  0  0  0  0  0  0999 V2000
    3.7375   -4.3833    0.0000 C   0  0  0  0  0  0  0  0  0  0  0  0
    4.1625   -4.9542    0.0000 N   0  0  0  0  0  0  0  0  0  0  0  0
    4.1542   -3.8042    0.0000 N   0  0  0  0  0  0  0  0  0  0  0  0
    3.0250   -4.3917    0.0000 N   0  0  0  0  0  0  0  0  0  0  0  0
    4.8375   -4.7375    0.0000 C   0  0  0  0  0  0  0  0  0  0  0  0
    2.6667   -5.0125    0.0000 C   0  0  0  0  0  0  0  0  0  0  0  0
    4.8375   -4.0167    0.0000 C   0  0  0  0  0  0  0  0  0  0  0  0
    6.0667   -4.7292    0.0000 C   0  0  0  0  0  0  0  0  0  0  0  0
    6.6792   -5.0667    0.0000 C   0  0  0  0  0  0  0  0  0  0  0  0
    5.4500   -5.0750    0.0000 C   0  0  0  0  0  0  0  0  0  0  0  0
    3.0292   -5.6167    0.0000 O   0  0  0  0  0  0  0  0  0  0  0  0
    6.0625   -4.0083    0.0000 C   0  0  0  0  0  0  0  0  0  0  0  0
    6.6917   -5.7792    0.0000 O   0  0  0  0  0  0  0  0  0  0  0  0
    5.4417   -3.6625    0.0000 C   0  0  0  0  0  0  0  0  0  0  0  0
    7.3000   -4.7042    0.0000 C   0  0  0  0  0  0  0  0  0  0  0  0
    1.9542   -5.0167    0.0000 O   0  0  0  0  0  0  0  0  0  0  0  0
    7.9250   -5.0542    0.0000 C   0  0  0  0  0  0  0  0  0  0  0  0
    7.3000   -4.0000    0.0000 C   0  0  0  0  0  0  0  0  0  0  0  0
    1.6042   -5.6292    0.0000 C   0  0  0  0  0  0  0  0  0  0  0  0
    7.9125   -3.6417    0.0000 C   0  0  0  0  0  0  0  0  0  0  0  0
    8.5375   -4.7000    0.0000 C   0  0  0  0  0  0  0  0  0  0  0  0
    8.5375   -4.0000    0.0000 C   0  0  0  0  0  0  0  0  0  0  0  0
  2  1  2  0
  3  1  1  0
  4  1  1  0
  5  2  1  0
  6  4  1  0
  7  3  1  0
  8 10  2  0
  9  8  1  0
 10  5  1  0
 11  6  2  0
 12 14  2  0
 13  9  2  0
 14  7  1  0
 15  9  1  0
 16  6  1  0
 17 15  2  0
 18 15  1  0
 19 16  1  0
 20 18  2  0
 21 17  1  0
 22 20  1  0
  7  5  2  0
 12  8  1  0
 22 21  2  0
M  END
","InChI=1S/C16H13N3O3/c1-22-16(21)19-15-17-12-8-7-11(9-13(12)18-15)14(20)10-5-3-2-4-6-10/h2-9H,1H3,(H2,17,18,19,21)",OPXLLQIJSORQAM-UHFFFAOYSA-N,COC(=O)Nc1nc2cc(C(=O)c3ccccc3)ccc2[nH]1
6216,CHEMBL71,CHLORPROMAZINE,ANTAGONIST,,CHEMBL224,5-hydroxytryptamine receptor 2A,Glioblastoma,glioblastoma multiforme,2.0,6216.0,318.87,4.89,3.0,0.0,6.48,4.0,N,0.0,318.87,2.0,21.0,0.79,C17H19ClN2S,-1.54,,,,6216.0,"
     RDKit          2D

 21 23  0  0  0  0  0  0  0  0999 V2000
    5.4292   -5.5375    0.0000 N   0  0  0  0  0  0  0  0  0  0  0  0
    4.8167   -5.8917    0.0000 C   0  0  0  0  0  0  0  0  0  0  0  0
    5.4292   -6.9542    0.0000 S   0  0  0  0  0  0  0  0  0  0  0  0
    6.0417   -5.9000    0.0000 C   0  0  0  0  0  0  0  0  0  0  0  0
    4.8125   -6.6000    0.0000 C   0  0  0  0  0  0  0  0  0  0  0  0
    6.0417   -6.6042    0.0000 C   0  0  0  0  0  0  0  0  0  0  0  0
    4.2042   -5.5375    0.0000 C   0  0  0  0  0  0  0  0  0  0  0  0
    4.2000   -6.9417    0.0000 C   0  0  0  0  0  0  0  0  0  0  0  0
    5.4417   -4.8375    0.0000 C   0  0  0  0  0  0  0  0  0  0  0  0
    3.5917   -5.8792    0.0000 C   0  0  0  0  0  0  0  0  0  0  0  0
    4.8292   -4.4750    0.0000 C   0  0  0  0  0  0  0  0  0  0  0  0
    4.2167   -3.4042    0.0000 N   0  0  0  0  0  0  0  0  0  0  0  0
    3.5917   -6.5917    0.0000 C   0  0  0  0  0  0  0  0  0  0  0  0
    2.9875   -5.5250    0.0000 Cl  0  0  0  0  0  0  0  0  0  0  0  0
    6.6625   -5.5417    0.0000 C   0  0  0  0  0  0  0  0  0  0  0  0
    6.6542   -6.9667    0.0000 C   0  0  0  0  0  0  0  0  0  0  0  0
    4.8292   -3.7667    0.0000 C   0  0  0  0  0  0  0  0  0  0  0  0
    4.2250   -2.6917    0.0000 C   0  0  0  0  0  0  0  0  0  0  0  0
    3.6042   -3.7542    0.0000 C   0  0  0  0  0  0  0  0  0  0  0  0
    7.2750   -5.9042    0.0000 C   0  0  0  0  0  0  0  0  0  0  0  0
    7.2667   -6.6250    0.0000 C   0  0  0  0  0  0  0  0  0  0  0  0
  2  1  1  0
  3  6  1  0
  4  1  1  0
  5  2  1  0
  6  4  2  0
  7  2  2  0
  8  5  2  0
  9  1  1  0
 10  7  1  0
 11  9  1  0
 12 17  1  0
 13 10  2  0
 14 10  1  0
 15  4  1  0
 16  6  1  0
 17 11  1  0
 18 12  1  0
 19 12  1  0
 20 15  2  0
 21 20  1  0
  5  3  1  0
 16 21  2  0
  8 13  1  0
M  END
","InChI=1S/C17H19ClN2S/c1-19(2)10-5-11-20-14-6-3-4-7-16(14)21-17-9-8-13(18)12-15(17)20/h3-4,6-9,12H,5,10-11H2,1-2H3",ZPEIMTDSQAKGNT-UHFFFAOYSA-N,CN(C)CCCN1c2ccccc2Sc2ccc(Cl)cc21
36662,CHEMBL723,CARVEDILOL,ANTAGONIST,,CHEMBL2094118,Adrenergic receptor beta,Glioblastoma,glioblastoma multiforme,0.5,36662.0,406.48,3.74,5.0,3.0,75.74,10.0,N,0.0,406.48,4.0,30.0,0.35,C24H26N2O4,-0.12,83886808.0,36662.0,63.0,36662.0,"
     RDKit          2D

 30 33  0  0  0  0  0  0  0  0999 V2000
    7.1917   -3.2000    0.0000 N   0  0  0  0  0  0  0  0  0  0  0  0
    6.5000   -4.0917    0.0000 C   0  0  0  0  0  0  0  0  0  0  0  0
    6.5000   -3.4042    0.0000 C   0  0  0  0  0  0  0  0  0  0  0  0
    7.1917   -4.3167    0.0000 C   0  0  0  0  0  0  0  0  0  0  0  0
    7.6042   -3.7500    0.0000 C   0  0  0  0  0  0  0  0  0  0  0  0
    5.9000   -4.4625    0.0000 C   0  0  0  0  0  0  0  0  0  0  0  0
    5.8875   -5.1625    0.0000 O   0  0  0  0  0  0  0  0  0  0  0  0
    2.8000   -5.5167    0.0000 C   0  0  0  0  0  0  0  0  0  0  0  0
    2.8000   -6.2042    0.0000 C   0  0  0  0  0  0  0  0  0  0  0  0
    6.4542   -5.4917    0.0000 C   0  0  0  0  0  0  0  0  0  0  0  0
    6.4542   -6.1917    0.0000 C   0  0  0  0  0  0  0  0  0  0  0  0
    5.9000   -3.0375    0.0000 C   0  0  0  0  0  0  0  0  0  0  0  0
    5.2625   -6.1917    0.0000 N   0  0  0  0  0  0  0  0  0  0  0  0
    3.3792   -5.1292    0.0000 O   0  0  0  0  0  0  0  0  0  0  0  0
    3.4000   -6.5792    0.0000 O   0  0  0  0  0  0  0  0  0  0  0  0
    7.1125   -6.6167    0.0000 O   0  0  0  0  0  0  0  0  0  0  0  0
    7.4542   -4.9500    0.0000 C   0  0  0  0  0  0  0  0  0  0  0  0
    8.3042   -3.8167    0.0000 C   0  0  0  0  0  0  0  0  0  0  0  0
    5.2625   -3.3917    0.0000 C   0  0  0  0  0  0  0  0  0  0  0  0
    5.2625   -4.1167    0.0000 C   0  0  0  0  0  0  0  0  0  0  0  0
    5.8667   -6.5667    0.0000 C   0  0  0  0  0  0  0  0  0  0  0  0
    2.1417   -5.1625    0.0000 C   0  0  0  0  0  0  0  0  0  0  0  0
    2.1875   -6.6000    0.0000 C   0  0  0  0  0  0  0  0  0  0  0  0
    4.6625   -6.5667    0.0000 C   0  0  0  0  0  0  0  0  0  0  0  0
    4.0292   -6.2042    0.0000 C   0  0  0  0  0  0  0  0  0  0  0  0
    3.3542   -4.4542    0.0000 C   0  0  0  0  0  0  0  0  0  0  0  0
    8.1667   -5.0375    0.0000 C   0  0  0  0  0  0  0  0  0  0  0  0
    8.6042   -4.4625    0.0000 C   0  0  0  0  0  0  0  0  0  0  0  0
    1.5417   -5.5542    0.0000 C   0  0  0  0  0  0  0  0  0  0  0  0
    1.5625   -6.2542    0.0000 C   0  0  0  0  0  0  0  0  0  0  0  0
  2  3  2  0
  3  1  1  0
  4  5  2  0
  5  1  1  0
  6  2  1  0
  7  6  1  0
  8  9  2  0
  9 15  1  0
 10  7  1  0
 11 10  1  0
 12  3  1  0
 13 21  1  0
 14  8  1  0
 15 25  1  0
 16 11  1  0
 17  4  1  0
 18  5  1  0
 19 12  2  0
 20 19  1  0
 21 11  1  0
 22  8  1  0
 23  9  1  0
 24 13  1  0
 25 24  1  0
 26 14  1  0
 27 28  1  0
 28 18  2  0
 29 30  1  0
 30 23  2  0
  4  2  1  0
 27 17  2  0
 20  6  2  0
 29 22  2  0
M  END
","InChI=1S/C24H26N2O4/c1-28-21-10-4-5-11-22(21)29-14-13-25-15-17(27)16-30-23-12-6-9-20-24(23)18-7-2-3-8-19(18)26-20/h2-12,17,25-27H,13-16H2,1H3",OGHNVEJMJSYVRP-UHFFFAOYSA-N,COc1ccccc1OCCNCC(O)COc1cccc2[nH]c3ccccc3c12
36864,CHEMBL727,THIOGUANINE,INHIBITOR,,CHEMBL2111369,Inosine-5'-monophosphate dehydrogenase (IMPDH),Brain Neoplasms,brain cancer,3.0,36864.0,167.2,0.6,4.0,3.0,83.38,0.0,N,0.0,167.2,2.0,11.0,0.5,C5H5N5S,-0.18,85499813.0,36864.0,153.0,36864.0,"
     RDKit          2D

 11 12  0  0  0  0  0  0  0  0999 V2000
    0.2917   -0.7475    0.0000 C   0  0  0  0  0  0  0  0  0  0  0  0
    0.2917    0.7475    0.0000 C   0  0  0  0  0  0  0  0  0  0  0  0
   -1.0028    1.5132    0.0000 C   0  0  0  0  0  0  0  0  0  0  0  0
    2.5889    0.0182    0.0000 C   0  0  0  0  0  0  0  0  0  0  0  0
   -2.3155    0.7475    0.0000 N   0  0  0  0  0  0  0  0  0  0  0  0
   -3.3560   -1.3452    0.0000 N   0  0  0  0  0  0  0  0  0  0  0  0
   -1.0028   -1.5132    0.0000 N   0  0  0  0  0  0  0  0  0  0  0  0
   -2.3155   -0.7475    0.0000 C   0  0  0  0  0  0  0  0  0  0  0  0
    1.7138   -1.2033    0.0000 N   0  0  0  0  0  0  0  0  0  0  0  0
    1.7138    1.2033    0.0000 N   0  0  0  0  0  0  0  0  0  0  0  0
   -0.9991    2.7132    0.0000 S   0  0  0  0  0  0  0  0  0  0  0  0
  1  2  2  0
  1  7  1  0
  1  9  1  0
  2  3  1  0
  2 10  1  0
  3  5  1  0
  3 11  2  0
  4  9  1  0
  4 10  2  0
  8  5  1  0
  8  6  1  0
  8  7  2  0
M  END","InChI=1S/C5H5N5S/c6-5-9-3-2(4(11)10-5)7-1-8-3/h1H,(H4,6,7,8,9,10,11)",WYWHKKSPHMUBEB-UHFFFAOYSA-N,Nc1nc2[nH]cnc2c(=S)[nH]1
44920,CHEMBL779,TADALAFIL,INHIBITOR,,CHEMBL1827,"cGMP-specific 3',5'-cyclic phosphodiesterase",Astrocytoma,anaplastic astrocytoma,1.0,44920.0,389.41,2.21,4.0,1.0,74.87,1.0,N,0.0,389.41,3.0,29.0,0.69,C22H19N3O4,-0.17,,,,44920.0,"
     RDKit          2D

 30 35  0  0  1  0  0  0  0  0999 V2000
    5.1208    0.1333    0.0000 N   0  0  0  0  0  0  0  0  0  0  0  0
    6.3458    0.1333    0.0000 C   0  0  0  0  0  0  0  0  0  0  0  0
    6.3458    0.8375    0.0000 C   0  0  0  0  0  0  0  0  0  0  0  0
    5.7292   -0.2208    0.0000 C   0  0  0  0  0  0  0  0  0  0  0  0
    5.1208    0.8458    0.0000 C   0  0  0  0  0  0  0  0  0  0  0  0
    4.5083   -0.2167    0.0000 C   0  0  0  0  0  0  0  0  0  0  0  0
    7.0125   -0.0875    0.0000 N   0  0  0  0  0  0  0  0  0  0  0  0
    4.5083    1.1958    0.0000 C   0  0  0  0  0  0  0  0  0  0  0  0
    3.9000    0.8458    0.0000 N   0  0  0  0  0  0  0  0  0  0  0  0
    5.7333    1.1958    0.0000 C   0  0  0  0  0  0  0  0  0  0  0  0
    5.7250   -0.9292    0.0000 C   0  0  0  0  0  0  0  0  0  0  0  0
    7.0167    1.0542    0.0000 C   0  0  0  0  0  0  0  0  0  0  0  0
    7.4292    0.4833    0.0000 C   0  0  0  0  0  0  0  0  0  0  0  0
    3.9000    0.1333    0.0000 C   0  0  0  0  0  0  0  0  0  0  0  0
    6.3292   -1.2833    0.0000 C   0  0  0  0  0  0  0  0  0  0  0  0
    6.3292   -1.9875    0.0000 C   0  0  0  0  0  0  0  0  0  0  0  0
    4.5125   -0.9292    0.0000 O   0  0  0  0  0  0  0  0  0  0  0  0
    5.7125   -2.3417    0.0000 C   0  0  0  0  0  0  0  0  0  0  0  0
    6.8542   -2.4625    0.0000 O   0  0  0  0  0  0  0  0  0  0  0  0
    4.5083    1.9083    0.0000 O   0  0  0  0  0  0  0  0  0  0  0  0
    5.8625   -3.0375    0.0000 O   0  0  0  0  0  0  0  0  0  0  0  0
    5.1042   -1.2750    0.0000 C   0  0  0  0  0  0  0  0  0  0  0  0
    6.5667   -3.1125    0.0000 C   0  0  0  0  0  0  0  0  0  0  0  0
    5.1000   -1.9833    0.0000 C   0  0  0  0  0  0  0  0  0  0  0  0
    3.2833    1.1958    0.0000 C   0  0  0  0  0  0  0  0  0  0  0  0
    7.3042    1.6958    0.0000 C   0  0  0  0  0  0  0  0  0  0  0  0
    8.1292    0.5542    0.0000 C   0  0  0  0  0  0  0  0  0  0  0  0
    8.0000    1.7667    0.0000 C   0  0  0  0  0  0  0  0  0  0  0  0
    8.4167    1.1958    0.0000 C   0  0  0  0  0  0  0  0  0  0  0  0
    5.1167    1.5500    0.0000 H   0  0  0  0  0  0  0  0  0  0  0  0
  2  4  1  0
  3 10  1  0
  4  1  1  0
  5  1  1  0
  6  1  1  0
  7  2  1  0
  8  5  1  0
  9  8  1  0
 10  5  1  0
  4 11  1  1
 12  3  1  0
 13  7  1  0
 14  6  1  0
 15 11  1  0
 16 15  2  0
 17  6  2  0
 18 16  1  0
 19 16  1  0
 20  8  2  0
 21 18  1  0
 22 11  2  0
 23 19  1  0
 24 22  1  0
 25  9  1  0
 26 12  1  0
 27 13  1  0
 28 26  2  0
 29 27  2  0
  5 30  1  6
 14  9  1  0
  2  3  2  0
 18 24  2  0
 13 12  2  0
 23 21  1  0
 28 29  1  0
M  END
","InChI=1S/C22H19N3O4/c1-24-10-19(26)25-16(22(24)27)9-14-13-4-2-3-5-15(13)23-20(14)21(25)12-6-7-17-18(8-12)29-11-28-17/h2-8,16,21,23H,9-11H2,1H3/t16-,21-/m1/s1",WOXKDUGGOYFFRN-IIBYNOLFSA-N,CN1CC(=O)N2[C@H](c3ccc4c(c3)OCO4)c3[nH]c4ccccc4c3C[C@@H]2C1=O
47340,CHEMBL786,TAMOXIFEN CITRATE,MODULATOR,,CHEMBL206,Estrogen receptor,Paraganglioma,Paraganglioma,2.0,47340.0,371.52,6.0,2.0,0.0,12.47,8.0,N,1.0,563.65,3.0,28.0,0.45,C32H37NO8,-0.4,85466806.0,47340.0,143.0,47340.0,"
     RDKit          2D

 41 42  0  0  0  0  0  0  0  0999 V2000
   -3.1458  -13.6542    0.0000 C   0  0  0  0  0  0  0  0  0  0  0  0
   -3.7750  -13.3125    0.0000 C   0  0  0  0  0  0  0  0  0  0  0  0
   -2.5458  -13.3042    0.0000 C   0  0  0  0  0  0  0  0  0  0  0  0
   -3.1458  -14.3667    0.0000 C   0  0  0  0  0  0  0  0  0  0  0  0
   -3.7750  -12.5917    0.0000 C   0  0  0  0  0  0  0  0  0  0  0  0
   -1.9208  -13.6500    0.0000 C   0  0  0  0  0  0  0  0  0  0  0  0
   -2.5458  -12.5917    0.0000 C   0  0  0  0  0  0  0  0  0  0  0  0
    1.1417  -12.5792    0.0000 N   0  0  0  0  0  0  0  0  0  0  0  0
   -1.3208  -12.5917    0.0000 C   0  0  0  0  0  0  0  0  0  0  0  0
   -1.3083  -13.3042    0.0000 C   0  0  0  0  0  0  0  0  0  0  0  0
   -1.9250  -12.2375    0.0000 C   0  0  0  0  0  0  0  0  0  0  0  0
   -4.3750  -13.6667    0.0000 C   0  0  0  0  0  0  0  0  0  0  0  0
   -0.7083  -12.2375    0.0000 O   0  0  0  0  0  0  0  0  0  0  0  0
   -0.0875  -12.5792    0.0000 C   0  0  0  0  0  0  0  0  0  0  0  0
    0.5167  -12.2167    0.0000 C   0  0  0  0  0  0  0  0  0  0  0  0
   -3.7625  -14.7292    0.0000 C   0  0  0  0  0  0  0  0  0  0  0  0
   -4.3958  -12.2417    0.0000 C   0  0  0  0  0  0  0  0  0  0  0  0
   -3.1583  -12.2375    0.0000 C   0  0  0  0  0  0  0  0  0  0  0  0
   -2.5333  -14.7250    0.0000 C   0  0  0  0  0  0  0  0  0  0  0  0
    1.1500  -13.2792    0.0000 C   0  0  0  0  0  0  0  0  0  0  0  0
    1.7500  -12.2083    0.0000 C   0  0  0  0  0  0  0  0  0  0  0  0
   -5.0083  -13.3417    0.0000 C   0  0  0  0  0  0  0  0  0  0  0  0
   -3.7583  -15.4417    0.0000 C   0  0  0  0  0  0  0  0  0  0  0  0
   -4.3833  -11.5542    0.0000 C   0  0  0  0  0  0  0  0  0  0  0  0
   -3.1500  -11.5500    0.0000 C   0  0  0  0  0  0  0  0  0  0  0  0
   -2.5250  -15.4375    0.0000 C   0  0  0  0  0  0  0  0  0  0  0  0
   -3.1500  -15.7917    0.0000 C   0  0  0  0  0  0  0  0  0  0  0  0
   -3.7833  -11.1917    0.0000 C   0  0  0  0  0  0  0  0  0  0  0  0
    3.4292  -13.5792    0.0000 C   0  0  0  0  0  0  0  0  0  0  0  0
    4.0500  -13.9292    0.0000 C   0  0  0  0  0  0  0  0  0  0  0  0
    2.8167  -13.9292    0.0000 C   0  0  0  0  0  0  0  0  0  0  0  0
    3.0750  -12.9542    0.0000 C   0  0  0  0  0  0  0  0  0  0  0  0
    2.8167  -14.6417    0.0000 C   0  0  0  0  0  0  0  0  0  0  0  0
    4.6625  -13.5792    0.0000 C   0  0  0  0  0  0  0  0  0  0  0  0
    2.3667  -12.9667    0.0000 O   0  0  0  0  0  0  0  0  0  0  0  0
    3.4292  -14.9917    0.0000 O   0  0  0  0  0  0  0  0  0  0  0  0
    4.6625  -12.8667    0.0000 O   0  0  0  0  0  0  0  0  0  0  0  0
    3.7792  -12.9542    0.0000 O   0  0  0  0  0  0  0  0  0  0  0  0
    3.4250  -12.3417    0.0000 O   0  0  0  0  0  0  0  0  0  0  0  0
    5.2750  -13.9292    0.0000 O   0  0  0  0  0  0  0  0  0  0  0  0
    2.2042  -14.9917    0.0000 O   0  0  0  0  0  0  0  0  0  0  0  0
  2  1  2  0
  3  1  1  0
  4  1  1  0
  5  2  1  0
  6  3  2  0
  7  3  1  0
  8 15  1  0
  9 11  1  0
 10  6  1  0
 11  7  2  0
 12  2  1  0
 13  9  1  0
 14 13  1  0
 15 14  1  0
 16  4  2  0
 17  5  1  0
 18  5  2  0
 19  4  1  0
 20  8  1  0
 21  8  1  0
 22 12  1  0
 23 16  1  0
 24 17  2  0
 25 18  1  0
 26 19  2  0
 27 26  1  0
 28 25  2  0
  9 10  2  0
 27 23  2  0
 28 24  1  0
 30 29  1  0
 31 29  1  0
 32 29  1  0
 33 31  1  0
 34 30  1  0
 35 32  2  0
 36 33  2  0
 37 34  2  0
 38 29  1  0
 39 32  1  0
 40 34  1  0
 41 33  1  0
M  END
","InChI=1S/C26H29NO.C6H8O7/c1-4-25(21-11-7-5-8-12-21)26(22-13-9-6-10-14-22)23-15-17-24(18-16-23)28-20-19-27(2)3;7-3(8)1-6(13,5(11)12)2-4(9)10/h5-18H,4,19-20H2,1-3H3;13H,1-2H2,(H,7,8)(H,9,10)(H,11,12)/b26-25-;",FQZYTYWMLGAPFJ-OQKDUQJOSA-N,CC/C(=C(\c1ccccc1)c1ccc(OCCN(C)C)cc1)c1ccccc1.O=C(O)CC(O)(CC(=O)O)C(=O)O
6723,CHEMBL79,LIDOCAINE,BLOCKER,,CHEMBL2331043,Sodium channel alpha subunit,Brain Neoplasms,brain neoplasm,1.0,6723.0,234.34,2.58,2.0,1.0,32.34,5.0,N,0.0,234.34,1.0,17.0,0.85,C14H22N2O,-1.69,,,,6723.0,"
     RDKit          2D

 17 17  0  0  0  0  0  0  0  0999 V2000
   -1.0208    0.4875    0.0000 C   0  0  0  0  0  0  0  0  0  0  0  0
   -0.4083    0.8458    0.0000 N   0  0  0  0  0  0  0  0  0  0  0  0
    0.2000    0.5000    0.0000 C   0  0  0  0  0  0  0  0  0  0  0  0
   -1.6458    0.8375    0.0000 C   0  0  0  0  0  0  0  0  0  0  0  0
   -1.0208   -0.2167    0.0000 C   0  0  0  0  0  0  0  0  0  0  0  0
    0.2042   -0.2125    0.0000 O   0  0  0  0  0  0  0  0  0  0  0  0
    0.8167    0.8458    0.0000 C   0  0  0  0  0  0  0  0  0  0  0  0
    1.4375    0.5000    0.0000 N   0  0  0  0  0  0  0  0  0  0  0  0
   -2.2583   -0.2167    0.0000 C   0  0  0  0  0  0  0  0  0  0  0  0
   -1.6375   -0.5750    0.0000 C   0  0  0  0  0  0  0  0  0  0  0  0
   -2.2583    0.4833    0.0000 C   0  0  0  0  0  0  0  0  0  0  0  0
   -0.4000   -0.5667    0.0000 C   0  0  0  0  0  0  0  0  0  0  0  0
   -1.6458    1.5583    0.0000 C   0  0  0  0  0  0  0  0  0  0  0  0
    2.0542    0.8458    0.0000 C   0  0  0  0  0  0  0  0  0  0  0  0
    1.4417   -0.2167    0.0000 C   0  0  0  0  0  0  0  0  0  0  0  0
    2.6667    0.4875    0.0000 C   0  0  0  0  0  0  0  0  0  0  0  0
    2.0542   -0.5750    0.0000 C   0  0  0  0  0  0  0  0  0  0  0  0
  2  1  1  0
  3  2  1  0
  4  1  2  0
  5  1  1  0
  6  3  2  0
  7  3  1  0
  8  7  1  0
  9 10  1  0
 10  5  2  0
 11  4  1  0
 12  5  1  0
 13  4  1  0
 14  8  1  0
 15  8  1  0
 16 14  1  0
 17 15  1  0
  9 11  2  0
M  END
","InChI=1S/C14H22N2O/c1-5-16(6-2)10-13(17)15-14-11(3)8-7-9-12(14)4/h7-9H,5-6,10H2,1-4H3,(H,15,17)",NNJVILVZKWQKPM-UHFFFAOYSA-N,CCN(CC)CC(=O)Nc1c(C)cccc1C
49842,CHEMBL796,METHYLPHENIDATE,INHIBITOR,,CHEMBL222,Sodium-dependent noradrenaline transporter,Brain Neoplasms,brain neoplasm,3.0,49842.0,233.31,2.09,3.0,1.0,38.33,3.0,Y,0.0,233.31,1.0,17.0,0.81,C14H19NO2,0.18,86505112.0,49842.0,1030.0,49842.0,"
     RDKit          2D

 17 18  0  0  0  0  0  0  0  0999 V2000
    0.5667   -0.7167    0.0000 C   0  0  0  0  0  0  0  0  0  0  0  0
    1.8042   -1.4292    0.0000 C   0  0  0  0  0  0  0  0  0  0  0  0
   -0.6708   -2.8792    0.0000 N   0  0  0  0  0  0  0  0  0  0  0  0
   -0.6708   -1.4500    0.0000 C   0  0  0  0  0  0  0  0  0  0  0  0
    0.5667    0.7208    0.0000 C   0  0  0  0  0  0  0  0  0  0  0  0
    1.8042   -2.8542    0.0000 O   0  0  0  0  0  0  0  0  0  0  0  0
    3.0417   -0.7167    0.0000 O   0  0  0  0  0  0  0  0  0  0  0  0
   -1.9125   -3.5917    0.0000 C   0  0  0  0  0  0  0  0  0  0  0  0
    1.8042    1.4375    0.0000 C   0  0  0  0  0  0  0  0  0  0  0  0
   -0.6708    1.4583    0.0000 C   0  0  0  0  0  0  0  0  0  0  0  0
   -1.9125   -0.7375    0.0000 C   0  0  0  0  0  0  0  0  0  0  0  0
    3.0417    0.7208    0.0000 C   0  0  0  0  0  0  0  0  0  0  0  0
   -3.1500   -2.8792    0.0000 C   0  0  0  0  0  0  0  0  0  0  0  0
   -0.6708    2.8833    0.0000 C   0  0  0  0  0  0  0  0  0  0  0  0
    1.8042    2.8833    0.0000 C   0  0  0  0  0  0  0  0  0  0  0  0
   -3.1500   -1.4667    0.0000 C   0  0  0  0  0  0  0  0  0  0  0  0
    0.5667    3.5958    0.0000 C   0  0  0  0  0  0  0  0  0  0  0  0
  2  1  1  0
  3  4  1  0
  4  1  1  0
  5  1  1  0
  6  2  2  0
  7  2  1  0
  8  3  1  0
  9  5  2  0
 10  5  1  0
 11  4  1  0
 12  7  1  0
 13 16  1  0
 14 10  2  0
 15  9  1  0
 16 11  1  0
 17 14  1  0
 15 17  2  0
  8 13  1  0
M  END
","InChI=1S/C14H19NO2/c1-17-14(16)13(11-7-3-2-4-8-11)12-9-5-6-10-15-12/h2-4,7-8,12-13,15H,5-6,9-10H2,1H3",DUGOZIWVEXMGBE-UHFFFAOYSA-N,COC(=O)C(c1ccccc1)C1CCCCN1
51182,CHEMBL803,CYTARABINE,INHIBITOR,,CHEMBL2311221,DNA,Brain Neoplasms,brain neoplasm,1.0,51182.0,243.22,-2.56,8.0,4.0,130.83,2.0,N,0.0,243.22,1.0,17.0,0.45,C9H13N3O5,1.65,,,,51182.0,"
     RDKit          2D

 17 18  0  0  0  0  0  0  0  0999 V2000
   -4.7956   -5.2962    0.0000 C   0  0  0  0  0  0  0  0  0  0  0  0
   -4.7970   -4.4712    0.0000 N   0  0  0  0  0  0  0  0  0  0  0  0
   -4.0813   -4.0554    0.0000 C   0  0  0  0  0  0  0  0  0  0  0  0
   -3.3683   -4.4687    0.0000 C   0  0  0  0  0  0  0  0  0  0  0  0
   -3.3670   -5.2937    0.0000 C   0  0  0  0  0  0  0  0  0  0  0  0
   -4.0784   -5.7053    0.0000 N   0  0  0  0  0  0  0  0  0  0  0  0
   -5.5071   -5.7078    0.0000 O   0  0  0  0  0  0  0  0  0  0  0  0
   -4.7465   -7.0220    0.0000 O   0  0  0  0  0  0  0  0  0  0  0  0
   -4.0770   -6.5303    0.0000 C   0  0  0  0  0  0  0  0  0  0  0  0
   -3.4099   -7.0198    0.0000 C   0  0  0  0  0  0  0  0  0  0  0  0
   -3.6644   -7.8009    0.0000 C   0  0  0  0  0  0  0  0  0  0  0  0
   -4.4894   -7.8023    0.0000 C   0  0  0  0  0  0  0  0  0  0  0  0
   -4.9705   -8.4735    0.0000 C   0  0  0  0  0  0  0  0  0  0  0  0
   -4.6375   -9.2276    0.0000 O   0  0  0  0  0  0  0  0  0  0  0  0
   -4.0828   -3.2366    0.0000 N   0  0  0  0  0  0  0  0  0  0  0  0
   -2.6250   -6.7665    0.0000 O   0  0  0  0  0  0  0  0  0  0  0  0
   -3.1764   -8.4680    0.0000 O   0  0  0  0  0  0  0  0  0  0  0  0
  2  3  2  0
  3  4  1  0
  4  5  2  0
  5  6  1  0
  1  6  1  0
  1  7  2  0
  8  9  1  0
  9 10  1  0
 10 11  1  0
 11 12  1  0
  8 12  1  0
 13 14  1  0
 12 13  1  1
  9  6  1  1
  3 15  1  0
 10 16  1  1
  1  2  1  0
 11 17  1  6
M  END","InChI=1S/C9H13N3O5/c10-5-1-2-12(9(16)11-5)8-7(15)6(14)4(3-13)17-8/h1-2,4,6-8,13-15H,3H2,(H2,10,11,16)/t4-,6-,7+,8-/m1/s1",UHDGCWIWMRVCDJ-CCXZUQQUSA-N,Nc1ccn([C@@H]2O[C@H](CO)[C@@H](O)[C@@H]2O)c(=O)n1
53686,CHEMBL810,TEMOZOLOMIDE,INHIBITOR,,CHEMBL2311221,DNA,Glioblastoma,adult glioblastoma,4.0,53686.0,194.15,-2.08,7.0,1.0,108.17,1.0,N,0.0,194.15,2.0,14.0,0.56,C6H6N6O2,-1.63,,,,53686.0,"
     RDKit          2D

 14 15  0  0  0  0  0  0  0  0999 V2000
    4.9542   -5.3625    0.0000 N   0  0  0  0  0  0  0  0  0  0  0  0
    4.9542   -4.6667    0.0000 C   0  0  0  0  0  0  0  0  0  0  0  0
    4.2917   -4.4417    0.0000 C   0  0  0  0  0  0  0  0  0  0  0  0
    5.5667   -4.3042    0.0000 N   0  0  0  0  0  0  0  0  0  0  0  0
    5.5667   -5.7125    0.0000 C   0  0  0  0  0  0  0  0  0  0  0  0
    6.1750   -4.6667    0.0000 N   0  0  0  0  0  0  0  0  0  0  0  0
    6.1750   -5.3625    0.0000 N   0  0  0  0  0  0  0  0  0  0  0  0
    3.8792   -5.0167    0.0000 N   0  0  0  0  0  0  0  0  0  0  0  0
    4.3000   -5.5792    0.0000 C   0  0  0  0  0  0  0  0  0  0  0  0
    3.9167   -3.8250    0.0000 C   0  0  0  0  0  0  0  0  0  0  0  0
    5.5625   -6.4292    0.0000 O   0  0  0  0  0  0  0  0  0  0  0  0
    4.2792   -3.1917    0.0000 O   0  0  0  0  0  0  0  0  0  0  0  0
    3.1917   -3.8250    0.0000 N   0  0  0  0  0  0  0  0  0  0  0  0
    6.8000   -5.7250    0.0000 C   0  0  0  0  0  0  0  0  0  0  0  0
  2  1  1  0
  3  2  2  0
  4  2  1  0
  5  1  1  0
  6  7  1  0
  7  5  1  0
  8  9  2  0
  9  1  1  0
 10  3  1  0
 11  5  2  0
 12 10  2  0
 13 10  1  0
 14  7  1  0
  8  3  1  0
  6  4  2  0
M  END","InChI=1S/C6H6N6O2/c1-11-6(14)12-2-8-3(4(7)13)5(12)9-10-11/h2H,1H3,(H2,7,13)",BPEGJWRSRHCHSN-UHFFFAOYSA-N,Cn1nnc2c(C(N)=O)ncn2c1=O
56644,CHEMBL820,BUSULFAN,INHIBITOR,,CHEMBL2311221,DNA,Glioma,central nervous system cancer,2.0,56644.0,246.31,-0.28,6.0,0.0,86.74,7.0,N,0.0,246.31,0.0,14.0,0.45,C6H14O6S2,-0.1,83609655.0,56644.0,5.0,56644.0,"
     RDKit          2D

 14 13  0  0  0  0  0  0  0  0999 V2000
   -0.7958   -4.3042    0.0000 S   0  0  0  0  0  0  0  0  0  0  0  0
    3.4917   -4.6417    0.0000 S   0  0  0  0  0  0  0  0  0  0  0  0
   -0.4458   -3.6875    0.0000 O   0  0  0  0  0  0  0  0  0  0  0  0
   -1.1583   -3.6875    0.0000 O   0  0  0  0  0  0  0  0  0  0  0  0
    3.1292   -5.2542    0.0000 O   0  0  0  0  0  0  0  0  0  0  0  0
    3.8417   -5.2542    0.0000 O   0  0  0  0  0  0  0  0  0  0  0  0
    2.8792   -4.2917    0.0000 O   0  0  0  0  0  0  0  0  0  0  0  0
   -0.1833   -4.6542    0.0000 O   0  0  0  0  0  0  0  0  0  0  0  0
   -1.4083   -4.6542    0.0000 C   0  0  0  0  0  0  0  0  0  0  0  0
    4.1042   -4.2875    0.0000 C   0  0  0  0  0  0  0  0  0  0  0  0
    2.2667   -4.6417    0.0000 C   0  0  0  0  0  0  0  0  0  0  0  0
    0.4292   -4.3000    0.0000 C   0  0  0  0  0  0  0  0  0  0  0  0
    1.0417   -4.6500    0.0000 C   0  0  0  0  0  0  0  0  0  0  0  0
    1.6542   -4.2917    0.0000 C   0  0  0  0  0  0  0  0  0  0  0  0
  2  7  1  0
  3  1  2  0
  4  1  2  0
  5  2  2  0
  6  2  2  0
  7 11  1  0
  8  1  1  0
  9  1  1  0
 10  2  1  0
 11 14  1  0
 12  8  1  0
 13 12  1  0
 14 13  1  0
M  END
","InChI=1S/C6H14O6S2/c1-13(7,8)11-5-3-4-6-12-14(2,9)10/h3-6H2,1-2H3",COVZYZSDYWQREU-UHFFFAOYSA-N,CS(=O)(=O)OCCCCOS(C)(=O)=O
63649,CHEMBL848,LENALIDOMIDE,INHIBITOR,,CHEMBL3833061,CRL4(CRBN) E3 ubiquitin ligase,Glioma,malignant glioma,2.0,63649.0,259.26,0.03,4.0,2.0,92.5,1.0,N,0.0,259.26,1.0,19.0,0.55,C13H13N3O3,0.28,83812339.0,63649.0,52.0,63649.0,"
     RDKit          2D

 19 21  0  0  0  0  0  0  0  0999 V2000
    4.9042   -3.5667    0.0000 N   0  0  0  0  0  0  0  0  0  0  0  0
    4.4167   -2.9042    0.0000 C   0  0  0  0  0  0  0  0  0  0  0  0
    6.1375   -2.8542    0.0000 C   0  0  0  0  0  0  0  0  0  0  0  0
    3.6292   -3.9792    0.0000 C   0  0  0  0  0  0  0  0  0  0  0  0
    6.9667   -2.8667    0.0000 N   0  0  0  0  0  0  0  0  0  0  0  0
    3.6375   -3.1542    0.0000 C   0  0  0  0  0  0  0  0  0  0  0  0
    5.7292   -3.5750    0.0000 C   0  0  0  0  0  0  0  0  0  0  0  0
    4.4167   -4.2375    0.0000 C   0  0  0  0  0  0  0  0  0  0  0  0
    7.3750   -3.5792    0.0000 C   0  0  0  0  0  0  0  0  0  0  0  0
    6.1375   -4.2917    0.0000 C   0  0  0  0  0  0  0  0  0  0  0  0
    4.6750   -2.1167    0.0000 O   0  0  0  0  0  0  0  0  0  0  0  0
    2.9167   -4.3917    0.0000 C   0  0  0  0  0  0  0  0  0  0  0  0
    5.7250   -2.1417    0.0000 O   0  0  0  0  0  0  0  0  0  0  0  0
    8.2000   -3.5792    0.0000 O   0  0  0  0  0  0  0  0  0  0  0  0
    6.9542   -4.2917    0.0000 C   0  0  0  0  0  0  0  0  0  0  0  0
    2.9042   -5.2167    0.0000 N   0  0  0  0  0  0  0  0  0  0  0  0
    2.9250   -2.7417    0.0000 C   0  0  0  0  0  0  0  0  0  0  0  0
    2.2125   -3.1542    0.0000 C   0  0  0  0  0  0  0  0  0  0  0  0
    2.2042   -3.9792    0.0000 C   0  0  0  0  0  0  0  0  0  0  0  0
  2  1  1  0
  3  7  1  0
  4  8  1  0
  5  3  1  0
  6  2  1  0
  7  1  1  0
  8  1  1  0
  9 15  1  0
 10  7  1  0
 11  2  2  0
 12  4  2  0
 13  3  2  0
 14  9  2  0
 15 10  1  0
 16 12  1  0
 17  6  2  0
 18 17  1  0
 19 12  1  0
  6  4  1  0
 18 19  2  0
  5  9  1  0
M  END
","InChI=1S/C13H13N3O3/c14-9-3-1-2-7-8(9)6-16(13(7)19)10-4-5-11(17)15-12(10)18/h1-3,10H,4-6,14H2,(H,15,17,18)",GOTYRUGSSMKFNF-UHFFFAOYSA-N,Nc1cccc2c1CN(C1CCC(=O)NC1=O)C2=O
65415,CHEMBL852,MELPHALAN,INHIBITOR,,CHEMBL2311221,DNA,Brain Neoplasms,brain neoplasm,2.0,65415.0,305.21,1.93,3.0,2.0,66.56,8.0,N,0.0,305.21,1.0,19.0,0.72,C13H18Cl2N2O2,-0.07,83591249.0,65415.0,1.0,65415.0,"
     RDKit          2D

 19 19  0  0  1  0  0  0  0  0999 V2000
    2.1917   -4.0417    0.0000 C   0  0  0  0  0  0  0  0  0  0  0  0
    2.8125   -4.4167    0.0000 C   0  0  0  0  0  0  0  0  0  0  0  0
    5.2542   -5.1667    0.0000 C   0  0  0  0  0  0  0  0  0  0  0  0
    5.8750   -5.5375    0.0000 N   0  0  0  0  0  0  0  0  0  0  0  0
    2.1917   -3.3292    0.0000 O   0  0  0  0  0  0  0  0  0  0  0  0
    3.4292   -4.0708    0.0000 C   0  0  0  0  0  0  0  0  0  0  0  0
    4.6375   -5.5167    0.0000 C   0  0  0  0  0  0  0  0  0  0  0  0
    5.2542   -4.4667    0.0000 C   0  0  0  0  0  0  0  0  0  0  0  0
    4.0500   -4.4417    0.0000 C   0  0  0  0  0  0  0  0  0  0  0  0
    2.8000   -5.1167    0.0000 N   0  0  0  0  0  0  0  0  0  0  0  0
    1.5667   -4.3667    0.0000 O   0  0  0  0  0  0  0  0  0  0  0  0
    4.6667   -4.1125    0.0000 C   0  0  0  0  0  0  0  0  0  0  0  0
    4.0375   -5.1625    0.0000 C   0  0  0  0  0  0  0  0  0  0  0  0
    7.1000   -6.2625    0.0000 Cl  0  0  0  0  0  0  0  0  0  0  0  0
    7.7292   -5.2250    0.0000 Cl  0  0  0  0  0  0  0  0  0  0  0  0
    6.4917   -5.2000    0.0000 C   0  0  0  0  0  0  0  0  0  0  0  0
    5.8667   -6.2542    0.0000 C   0  0  0  0  0  0  0  0  0  0  0  0
    7.1042   -5.5667    0.0000 C   0  0  0  0  0  0  0  0  0  0  0  0
    6.4792   -6.6167    0.0000 C   0  0  0  0  0  0  0  0  0  0  0  0
  2  1  1  0
  3  7  2  0
  4  3  1  0
  5  1  2  0
  6  2  1  0
  7 13  1  0
  8 12  2  0
  9  6  1  0
  2 10  1  6
 11  1  1  0
 12  9  1  0
 13  9  2  0
 14 19  1  0
 15 18  1  0
 16  4  1  0
 17  4  1  0
 18 16  1  0
 19 17  1  0
  3  8  1  0
M  END","InChI=1S/C13H18Cl2N2O2/c14-5-7-17(8-6-15)11-3-1-10(2-4-11)9-12(16)13(18)19/h1-4,12H,5-9,16H2,(H,18,19)/t12-/m0/s1",SGDBTWWWUNNDEQ-LBPRGKRZSA-N,N[C@@H](Cc1ccc(N(CCCl)CCCl)cc1)C(=O)O
73547,CHEMBL877,TRANEXAMIC ACID,INHIBITOR,,CHEMBL1801,Plasminogen,Astrocytoma,astrocytoma,3.0,73547.0,157.21,0.84,2.0,2.0,63.32,2.0,N,0.0,157.21,0.0,11.0,0.62,C8H15NO2,0.0,,,,73547.0,"
     RDKit          2D

 11 11  0  0  1  0  0  0  0  0999 V2000
    6.3042   -4.4792    0.0000 C   0  0  0  0  0  0  0  0  0  0  0  0
    5.6792   -4.8292    0.0000 C   0  0  0  0  0  0  0  0  0  0  0  0
    6.3167   -3.7750    0.0000 O   0  0  0  0  0  0  0  0  0  0  0  0
    5.0625   -4.4917    0.0000 C   0  0  0  0  0  0  0  0  0  0  0  0
    5.6917   -5.5417    0.0000 C   0  0  0  0  0  0  0  0  0  0  0  0
    6.9167   -4.8250    0.0000 O   0  0  0  0  0  0  0  0  0  0  0  0
    4.4542   -4.8500    0.0000 C   0  0  0  0  0  0  0  0  0  0  0  0
    5.0875   -5.9042    0.0000 C   0  0  0  0  0  0  0  0  0  0  0  0
    3.2292   -5.5750    0.0000 N   0  0  0  0  0  0  0  0  0  0  0  0
    4.4625   -5.5542    0.0000 C   0  0  0  0  0  0  0  0  0  0  0  0
    3.8500   -5.9167    0.0000 C   0  0  0  0  0  0  0  0  0  0  0  0
  2  1  1  6
  3  1  2  0
  4  2  1  0
  5  2  1  0
  6  1  1  0
  7  4  1  0
  8  5  1  0
  9 11  1  0
 10  8  1  0
 10 11  1  1
  7 10  1  0
M  END
","InChI=1S/C8H15NO2/c9-5-6-1-3-7(4-2-6)8(10)11/h6-7H,1-5,9H2,(H,10,11)/t6-,7-",GYDJEQRTZSCIOI-LJGSYFOKSA-N,NC[C@H]1CC[C@H](C(=O)O)CC1
143870,CHEMBL90983,TERAMEPROCOL,INHIBITOR,,CHEMBL2311221,DNA,Glioma,malignant glioma,1.0,143870.0,358.48,4.78,4.0,0.0,36.92,9.0,N,0.0,358.48,2.0,26.0,0.65,C22H30O4,0.24,,,,143870.0,"
     RDKit          2D

 26 27  0  0  0  0  0  0  0  0999 V2000
  -20.4188  -12.6696    0.0000 C   0  0  0  0  0  0  0  0  0  0  0  0
  -21.1333  -13.0821    0.0000 C   0  0  0  0  0  0  0  0  0  0  0  0
  -21.1333  -13.9071    0.0000 C   0  0  0  0  0  0  0  0  0  0  0  0
  -20.4188  -14.3196    0.0000 C   0  0  0  0  0  0  0  0  0  0  0  0
  -19.7043  -13.9071    0.0000 C   0  0  0  0  0  0  0  0  0  0  0  0
  -19.7043  -13.0821    0.0000 C   0  0  0  0  0  0  0  0  0  0  0  0
  -21.8477  -12.6696    0.0000 O   0  0  0  0  0  0  0  0  0  0  0  0
  -22.5622  -13.0821    0.0000 C   0  0  0  0  0  0  0  0  0  0  0  0
  -21.8477  -14.3196    0.0000 O   0  0  0  0  0  0  0  0  0  0  0  0
  -21.8477  -15.1446    0.0000 C   0  0  0  0  0  0  0  0  0  0  0  0
  -18.9898  -12.6696    0.0000 C   0  0  0  0  0  0  0  0  0  0  0  0
  -18.2753  -13.0821    0.0000 C   0  0  0  0  0  0  0  0  0  0  0  0
  -17.5608  -12.6696    0.0000 C   0  0  0  0  0  0  0  0  0  0  0  0
  -18.2753  -13.9071    0.0000 C   0  0  0  0  0  0  0  0  0  0  0  0
  -16.8464  -13.0821    0.0000 C   0  0  0  0  0  0  0  0  0  0  0  0
  -17.5608  -11.8446    0.0000 C   0  0  0  0  0  0  0  0  0  0  0  0
  -16.1319  -12.6696    0.0000 C   0  0  0  0  0  0  0  0  0  0  0  0
  -15.4174  -13.0821    0.0000 C   0  0  0  0  0  0  0  0  0  0  0  0
  -14.7029  -12.6696    0.0000 C   0  0  0  0  0  0  0  0  0  0  0  0
  -14.7030  -11.8446    0.0000 C   0  0  0  0  0  0  0  0  0  0  0  0
  -15.4175  -11.4321    0.0000 C   0  0  0  0  0  0  0  0  0  0  0  0
  -16.1319  -11.8446    0.0000 C   0  0  0  0  0  0  0  0  0  0  0  0
  -13.9885  -11.4321    0.0000 O   0  0  0  0  0  0  0  0  0  0  0  0
  -13.9885  -10.6071    0.0000 C   0  0  0  0  0  0  0  0  0  0  0  0
  -13.9885  -13.0821    0.0000 O   0  0  0  0  0  0  0  0  0  0  0  0
  -13.2740  -12.6696    0.0000 C   0  0  0  0  0  0  0  0  0  0  0  0
  1  2  1  0
  1  6  2  0
  2  3  2  0
  3  4  1  0
  4  5  2  0
  5  6  1  0
  2  7  1  0
  7  8  1  0
  3  9  1  0
  9 10  1  0
  6 11  1  0
 11 12  1  0
 12 13  1  0
 12 14  1  6
 13 15  1  0
 13 16  1  1
 15 17  1  0
 17 18  1  0
 17 22  2  0
 18 19  2  0
 19 20  1  0
 20 21  2  0
 21 22  1  0
 20 23  1  0
 23 24  1  0
 19 25  1  0
 25 26  1  0
M  END
","InChI=1S/C22H30O4/c1-15(11-17-7-9-19(23-3)21(13-17)25-5)16(2)12-18-8-10-20(24-4)22(14-18)26-6/h7-10,13-16H,11-12H2,1-6H3/t15-,16+",ORQFDHFZSMXRLM-IYBDPMFKSA-N,COc1ccc(C[C@@H](C)[C@@H](C)Cc2ccc(OC)c(OC)c2)cc1OC
88232,CHEMBL939,GEFITINIB,INHIBITOR,,CHEMBL203,Epidermal growth factor receptor,Glioblastoma,adult glioblastoma,2.0,88232.0,446.91,4.28,7.0,1.0,68.74,8.0,N,0.0,446.91,3.0,31.0,0.52,C22H24ClFN4O3,-1.75,83894731.0,88232.0,63.0,88232.0,"
     RDKit          2D

 31 34  0  0  0  0  0  0  0  0999 V2000
    2.4667   -5.2708    0.0000 C   0  0  0  0  0  0  0  0  0  0  0  0
    3.0833   -5.6250    0.0000 C   0  0  0  0  0  0  0  0  0  0  0  0
    2.4667   -4.5625    0.0000 C   0  0  0  0  0  0  0  0  0  0  0  0
    1.8542   -5.6292    0.0000 C   0  0  0  0  0  0  0  0  0  0  0  0
    3.6958   -5.2667    0.0000 N   0  0  0  0  0  0  0  0  0  0  0  0
    1.8542   -4.2083    0.0000 C   0  0  0  0  0  0  0  0  0  0  0  0
    3.0833   -6.3333    0.0000 N   0  0  0  0  0  0  0  0  0  0  0  0
    1.2417   -5.2750    0.0000 C   0  0  0  0  0  0  0  0  0  0  0  0
    1.2417   -4.5625    0.0000 C   0  0  0  0  0  0  0  0  0  0  0  0
    4.3125   -7.7417    0.0000 C   0  0  0  0  0  0  0  0  0  0  0  0
    3.0750   -4.2042    0.0000 N   0  0  0  0  0  0  0  0  0  0  0  0
    3.6958   -7.3917    0.0000 C   0  0  0  0  0  0  0  0  0  0  0  0
   -1.8250   -5.6292    0.0000 N   0  0  0  0  0  0  0  0  0  0  0  0
    3.6917   -4.5542    0.0000 C   0  0  0  0  0  0  0  0  0  0  0  0
    3.6958   -6.6833    0.0000 C   0  0  0  0  0  0  0  0  0  0  0  0
    4.9250   -7.3875    0.0000 C   0  0  0  0  0  0  0  0  0  0  0  0
   -3.0542   -6.3292    0.0000 O   0  0  0  0  0  0  0  0  0  0  0  0
    4.9208   -6.6750    0.0000 C   0  0  0  0  0  0  0  0  0  0  0  0
    4.3125   -8.4500    0.0000 Cl  0  0  0  0  0  0  0  0  0  0  0  0
    4.3042   -6.3250    0.0000 C   0  0  0  0  0  0  0  0  0  0  0  0
    5.5375   -7.7375    0.0000 F   0  0  0  0  0  0  0  0  0  0  0  0
    0.6292   -5.6292    0.0000 O   0  0  0  0  0  0  0  0  0  0  0  0
    0.6292   -4.2083    0.0000 O   0  0  0  0  0  0  0  0  0  0  0  0
   -1.2125   -5.2750    0.0000 C   0  0  0  0  0  0  0  0  0  0  0  0
   -0.6000   -5.6292    0.0000 C   0  0  0  0  0  0  0  0  0  0  0  0
   -2.4375   -5.2708    0.0000 C   0  0  0  0  0  0  0  0  0  0  0  0
   -1.8250   -6.3333    0.0000 C   0  0  0  0  0  0  0  0  0  0  0  0
   -2.4417   -6.6875    0.0000 C   0  0  0  0  0  0  0  0  0  0  0  0
   -3.0500   -5.6208    0.0000 C   0  0  0  0  0  0  0  0  0  0  0  0
    0.0125   -5.2750    0.0000 C   0  0  0  0  0  0  0  0  0  0  0  0
    0.0167   -4.5625    0.0000 C   0  0  0  0  0  0  0  0  0  0  0  0
  2  1  1  0
  3  1  1  0
  4  1  2  0
  5  2  2  0
  6  3  2  0
  7  2  1  0
  8  4  1  0
  9  8  2  0
 10 12  1  0
 11  3  1  0
 12 15  2  0
 13 24  1  0
 14  5  1  0
 15  7  1  0
 16 10  2  0
 17 28  1  0
 18 20  2  0
 19 10  1  0
 20 15  1  0
 21 16  1  0
 22  8  1  0
 23  9  1  0
 24 25  1  0
 25 30  1  0
 26 13  1  0
 27 13  1  0
 28 27  1  0
 29 26  1  0
 30 22  1  0
 31 23  1  0
 11 14  2  0
  9  6  1  0
 18 16  1  0
 17 29  1  0
M  END
","InChI=1S/C22H24ClFN4O3/c1-29-20-13-19-16(12-21(20)31-8-2-5-28-6-9-30-10-7-28)22(26-14-25-19)27-15-3-4-18(24)17(23)11-15/h3-4,11-14H,2,5-10H2,1H3,(H,25,26,27)",XGALLCVXEZPNRQ-UHFFFAOYSA-N,COc1cc2ncnc(Nc3ccc(F)c(Cl)c3)c2cc1OCCCN1CCOCC1
88316,CHEMBL940,GABAPENTIN,MODULATOR,Calcium channel alpha-2/delta-1 subunit,CHEMBL2363032,Voltage-gated calcium channel,Glioblastoma,glioblastoma multiforme,1.0,88316.0,171.24,1.37,2.0,2.0,63.32,3.0,N,0.0,171.24,0.0,12.0,0.67,C9H17NO2,0.69,,,,88316.0,"
     RDKit          2D

 12 12  0  0  0  0  0  0  0  0999 V2000
    2.5631    1.5224    0.0000 C   0  0  0  0  0  0  0  0  0  0  0  0
    1.2990   -0.7500    0.0000 C   0  0  0  0  0  0  0  0  0  0  0  0
    3.6023    2.1226    0.0000 O   0  0  0  0  0  0  0  0  0  0  0  0
    2.5625    0.0216    0.0000 C   0  0  0  0  0  0  0  0  0  0  0  0
    1.5240    2.1225    0.0000 O   0  0  0  0  0  0  0  0  0  0  0  0
    2.3015   -2.8311    0.0000 N   0  0  0  0  0  0  0  0  0  0  0  0
    1.2628   -2.2303    0.0000 C   0  0  0  0  0  0  0  0  0  0  0  0
    1.2990    0.7500    0.0000 C   0  0  0  0  0  0  0  0  0  0  0  0
    0.0000   -1.5000    0.0000 C   0  0  0  0  0  0  0  0  0  0  0  0
   -1.2990   -0.7500    0.0000 C   0  0  0  0  0  0  0  0  0  0  0  0
    0.0000    1.5000    0.0000 C   0  0  0  0  0  0  0  0  0  0  0  0
   -1.2990    0.7500    0.0000 C   0  0  0  0  0  0  0  0  0  0  0  0
  1  3  2  0
  1  4  1  0
  2  4  1  0
  1  5  1  0
  2  7  1  0
  6  7  1  0
  2  8  1  0
  2  9  1  0
  9 10  1  0
  8 11  1  0
 10 12  1  0
 11 12  1  0
M  END","InChI=1S/C9H17NO2/c10-7-9(6-8(11)12)4-2-1-3-5-9/h1-7,10H2,(H,11,12)",UGJMXCAKCUNAIE-UHFFFAOYSA-N,NCC1(CC(=O)O)CCCCC1
152995,CHEMBL94657,PATUPILONE,STABILISER,Beta tubulin paclitaxel binding site,CHEMBL2095182,Tubulin,Glioblastoma,glioblastoma multiforme,1.0,152995.0,507.69,4.48,8.0,2.0,109.25,2.0,N,1.0,507.69,1.0,35.0,0.45,C27H41NO6S,2.23,83753997.0,152995.0,37.0,152995.0,"
     RDKit          2D

 36 38  0  0  0  0  0  0  0  0999 V2000
   12.2056  -80.8205    0.0000 C   0  0  0  0  0  0  0  0  0  0  0  0
   11.4911  -79.5830    0.0000 O   0  0  0  0  0  0  0  0  0  0  0  0
   10.7766  -79.9955    0.0000 C   0  0  0  0  0  0  0  0  0  0  0  0
   10.7766  -80.8205    0.0000 C   0  0  0  0  0  0  0  0  0  0  0  0
   11.4911  -81.2330    0.0000 C   0  0  0  0  0  0  0  0  0  0  0  0
   12.9200  -79.5830    0.0000 O   0  0  0  0  0  0  0  0  0  0  0  0
   13.6345  -79.9955    0.0000 C   0  0  0  0  0  0  0  0  0  0  0  0
   13.6345  -80.8205    0.0000 C   0  0  0  0  0  0  0  0  0  0  0  0
   12.9200  -81.2330    0.0000 C   0  0  0  0  0  0  0  0  0  0  0  0
   10.0621  -79.5830    0.0000 C   0  0  0  0  0  0  0  0  0  0  0  0
   10.0621  -78.7580    0.0000 C   0  0  0  0  0  0  0  0  0  0  0  0
   10.7766  -78.3455    0.0000 C   0  0  0  0  0  0  0  0  0  0  0  0
   10.7766  -77.5205    0.0000 C   0  0  0  0  0  0  0  0  0  0  0  0
   11.4910  -77.1080    0.0000 C   0  0  0  0  0  0  0  0  0  0  0  0
   12.2055  -77.5205    0.0000 C   0  0  0  0  0  0  0  0  0  0  0  0
   12.2055  -78.3455    0.0000 C   0  0  0  0  0  0  0  0  0  0  0  0
   12.9200  -78.7580    0.0000 C   0  0  0  0  0  0  0  0  0  0  0  0
   13.6345  -78.3455    0.0000 C   0  0  0  0  0  0  0  0  0  0  0  0
    9.3476  -79.9955    0.0000 C   0  0  0  0  0  0  0  0  0  0  0  0
   12.2055  -76.6955    0.0000 O   0  0  0  0  0  0  0  0  0  0  0  0
   11.4911  -82.0580    0.0000 O   0  0  0  0  0  0  0  0  0  0  0  0
   10.0621  -81.2330    0.0000 C   0  0  0  0  0  0  0  0  0  0  0  0
   11.6222  -80.2372    0.0000 C   0  0  0  0  0  0  0  0  0  0  0  0
   12.6181  -80.1061    0.0000 C   0  0  0  0  0  0  0  0  0  0  0  0
   14.3490  -79.5830    0.0000 O   0  0  0  0  0  0  0  0  0  0  0  0
   12.9201  -82.0580    0.0000 O   0  0  0  0  0  0  0  0  0  0  0  0
   13.6344  -77.5205    0.0000 C   0  0  0  0  0  0  0  0  0  0  0  0
   14.3489  -78.7580    0.0000 C   0  0  0  0  0  0  0  0  0  0  0  0
   15.0634  -78.3454    0.0000 C   0  0  0  0  0  0  0  0  0  0  0  0
   15.8171  -78.6809    0.0000 N   0  0  0  0  0  0  0  0  0  0  0  0
   16.3691  -78.0678    0.0000 C   0  0  0  0  0  0  0  0  0  0  0  0
   15.9565  -77.3534    0.0000 S   0  0  0  0  0  0  0  0  0  0  0  0
   15.1496  -77.5249    0.0000 C   0  0  0  0  0  0  0  0  0  0  0  0
   17.1895  -78.1540    0.0000 C   0  0  0  0  0  0  0  0  0  0  0  0
   13.0305  -77.5205    0.0000 H   0  0  0  0  0  0  0  0  0  0  0  0
   11.0785  -76.3935    0.0000 C   0  0  0  0  0  0  0  0  0  0  0  0
  3  4  1  0
  4  5  1  0
  5  1  1  0
  9  1  1  0
  6  7  1  0
  7  8  1  0
  8  9  1  0
  3 10  1  0
  3  2  1  6
 10 11  1  0
 11 12  1  0
 12 13  1  0
 13 14  1  0
  6 17  1  0
 15 16  1  0
 16 17  1  0
 17 18  1  1
 10 19  1  1
 20 14  1  0
 14 15  1  0
 15 20  1  0
  5 21  2  0
  4 22  1  6
  1 23  1  0
  1 24  1  0
  7 25  2  0
  9 26  1  6
 18 27  1  0
 18 28  2  0
 28 29  1  0
 29 30  1  0
 29 33  2  0
 30 31  2  0
 31 32  1  0
 32 33  1  0
 31 34  1  0
 15 35  1  6
 14 36  1  6
M  END
","InChI=1S/C27H41NO6S/c1-15-9-8-10-27(7)22(34-27)12-20(16(2)11-19-14-35-18(4)28-19)33-23(30)13-21(29)26(5,6)25(32)17(3)24(15)31/h11,14-15,17,20-22,24,29,31H,8-10,12-13H2,1-7H3/b16-11+/t15-,17+,20-,21-,22-,24-,27+/m0/s1",QXRSDHAAWVKZLJ-PVYNADRNSA-N,C/C(=C\c1csc(C)n1)[C@@H]1C[C@@H]2O[C@]2(C)CCC[C@H](C)[C@H](O)[C@@H](C)C(=O)C(C)(C)[C@@H](O)CC(=O)O1
94571,CHEMBL964,DISULFIRAM,INHIBITOR,,CHEMBL1935,"Aldehyde dehydrogenase, mitochondrial",Glioblastoma,glioblastoma multiforme,2.0,94571.0,296.55,3.62,4.0,0.0,6.48,4.0,N,0.0,296.55,0.0,16.0,0.57,C10H20N2S4,-0.74,83728371.0,94571.0,35.0,94571.0,"
     RDKit          2D

 16 15  0  0  0  0  0  0  0  0999 V2000
    5.9875   -5.0042    0.0000 C   0  0  0  0  0  0  0  0  0  0  0  0
    4.1500   -4.6417    0.0000 C   0  0  0  0  0  0  0  0  0  0  0  0
    4.7625   -4.9917    0.0000 S   0  0  0  0  0  0  0  0  0  0  0  0
    5.3667   -4.6542    0.0000 S   0  0  0  0  0  0  0  0  0  0  0  0
    5.9750   -5.7167    0.0000 S   0  0  0  0  0  0  0  0  0  0  0  0
    4.1542   -3.9292    0.0000 S   0  0  0  0  0  0  0  0  0  0  0  0
    3.5292   -4.9917    0.0000 N   0  0  0  0  0  0  0  0  0  0  0  0
    6.6042   -4.6500    0.0000 N   0  0  0  0  0  0  0  0  0  0  0  0
    7.2167   -5.0167    0.0000 C   0  0  0  0  0  0  0  0  0  0  0  0
    6.6125   -3.9542    0.0000 C   0  0  0  0  0  0  0  0  0  0  0  0
    2.9167   -4.6292    0.0000 C   0  0  0  0  0  0  0  0  0  0  0  0
    3.5167   -5.7000    0.0000 C   0  0  0  0  0  0  0  0  0  0  0  0
    7.8417   -4.6625    0.0000 C   0  0  0  0  0  0  0  0  0  0  0  0
    7.2292   -3.6000    0.0000 C   0  0  0  0  0  0  0  0  0  0  0  0
    2.2917   -4.9792    0.0000 C   0  0  0  0  0  0  0  0  0  0  0  0
    2.9000   -6.0417    0.0000 C   0  0  0  0  0  0  0  0  0  0  0  0
  2  3  1  0
  3  4  1  0
  4  1  1  0
  5  1  2  0
  6  2  2  0
  7  2  1  0
  8  1  1  0
  9  8  1  0
 10  8  1  0
 11  7  1  0
 12  7  1  0
 13  9  1  0
 14 10  1  0
 15 11  1  0
 16 12  1  0
M  END
","InChI=1S/C10H20N2S4/c1-5-11(6-2)9(13)15-16-10(14)12(7-3)8-4/h5-8H2,1-4H3",AUZONCFQVSMFAP-UHFFFAOYSA-N,CCN(CC)C(=S)SSC(=S)N(CC)CC
11305,CHEMBL98,VORINOSTAT,INHIBITOR,,CHEMBL1829,Histone deacetylase 3,Astrocytoma,anaplastic astrocytoma,2.0,11305.0,264.32,2.47,3.0,3.0,78.43,8.0,N,0.0,264.32,1.0,19.0,0.38,C14H20N2O3,-0.62,83883504.0,11305.0,63.0,11305.0,"
     RDKit          2D

 19 19  0  0  0  0  0  0  0  0999 V2000
   -5.1903    0.3921    0.0000 O   0  0  0  0  0  0  0  0  0  0  0  0
   -3.7614    1.2171    0.0000 O   0  0  0  0  0  0  0  0  0  0  0  0
   -4.4759   -0.0204    0.0000 N   0  0  0  0  0  0  0  0  0  0  0  0
   -3.7614    0.3921    0.0000 C   0  0  0  0  0  0  0  0  0  0  0  0
   -3.0469   -0.0204    0.0000 C   0  0  0  0  0  0  0  0  0  0  0  0
   -2.3324    0.3921    0.0000 C   0  0  0  0  0  0  0  0  0  0  0  0
   -1.6180   -0.0204    0.0000 C   0  0  0  0  0  0  0  0  0  0  0  0
   -0.9035    0.3921    0.0000 C   0  0  0  0  0  0  0  0  0  0  0  0
   -0.1890   -0.0204    0.0000 C   0  0  0  0  0  0  0  0  0  0  0  0
    0.5254    0.3921    0.0000 C   0  0  0  0  0  0  0  0  0  0  0  0
    1.2399   -0.0204    0.0000 C   0  0  0  0  0  0  0  0  0  0  0  0
    1.2399   -0.8454    0.0000 O   0  0  0  0  0  0  0  0  0  0  0  0
    1.9544    0.3921    0.0000 N   0  0  0  0  0  0  0  0  0  0  0  0
    2.6689   -0.0204    0.0000 C   0  0  0  0  0  0  0  0  0  0  0  0
    3.3833    0.3921    0.0000 C   0  0  0  0  0  0  0  0  0  0  0  0
    4.0978   -0.0204    0.0000 C   0  0  0  0  0  0  0  0  0  0  0  0
    4.0978   -0.8454    0.0000 C   0  0  0  0  0  0  0  0  0  0  0  0
    3.3833   -1.2579    0.0000 C   0  0  0  0  0  0  0  0  0  0  0  0
    2.6689   -0.8454    0.0000 C   0  0  0  0  0  0  0  0  0  0  0  0
  3  1  1  0
  4  2  2  0
  4  3  1  0
  4  5  1  0
  5  6  1  0
  6  7  1  0
  7  8  1  0
  8  9  1  0
  9 10  1  0
 10 11  1  0
 11 12  2  0
 11 13  1  0
 14 13  1  0
 15 14  2  0
 19 14  1  0
 15 16  1  0
 16 17  2  0
 17 18  1  0
 18 19  2  0
M  END
","InChI=1S/C14H20N2O3/c17-13(15-12-8-4-3-5-9-12)10-6-1-2-7-11-14(18)16-19/h3-5,8-9,19H,1-2,6-7,10-11H2,(H,15,17)(H,16,18)",WAEXFXRVDQXREF-UHFFFAOYSA-N,O=C(CCCCCCC(=O)Nc1ccccc1)NO
